72.93333333333332	-43.19400682461753
72.95	-44.521032414278864
72.96666666666665	-45.44370857709703
72.98333333333333	-46.045962181163645
72.99999999999999	-46.274790852055844
73.01666666666665	-46.055978737737405
73.03333333333333	-45.45312747095744
73.04999999999998	-44.43687810696895
73.06666666666666	-43.127643816144655
73.08333333333333	-41.44570987504903
73.1	-39.4389629085091
73.11666666666667	-37.188781281664205
73.13333333333333	-34.5528966680547
73.15	-31.60619776630824
73.16666666666666	-28.488521061665267
73.18333333333332	-25.152942512226787
73.2	-21.502949931516127
73.21666666666665	-17.65002872839068
73.23333333333333	-13.59713129855595
73.24999999999999	-9.400172696900086
73.26666666666665	-5.117280464268333
73.28333333333333	-0.654112965486604
73.29999999999998	3.796013135515693
73.31666666666666	8.345510611754833
73.33333333333333	12.84365057166832
73.35	17.372747713546346
73.36666666666667	21.675528241583265
73.38333333333333	25.97349156137051
73.4	30.148969651938216
73.41666666666666	34.16971935746443
73.43333333333332	38.20835231059095
73.45	41.88344024451851
73.46666666666665	45.34311771112823
73.48333333333333	48.601670432011474
73.49999999999999	51.59046667229353
73.51666666666665	54.36795566444965
73.53333333333333	56.75300360028518
73.54999999999998	58.74399597296599
73.56666666666666	60.48503415030672
73.58333333333333	61.79351799656206
73.6	62.70212021186205
73.61666666666667	63.30247341909444
73.63333333333333	63.56605740743879
73.65	63.436333655490955
73.66666666666666	62.892737918285945
73.68333333333332	62.002351251513005
73.7	60.802108915481426
73.71666666666665	59.27376417629171
73.73333333333333	57.40250599671759
73.74999999999999	55.216026581825474
73.76666666666665	52.60067865058022
73.78333333333333	49.64512960200716
73.79999999999998	46.476970071050175
73.81666666666666	42.97699062063464
73.83333333333333	39.24592629340896
73.85	35.33735679600102
73.86666666666667	31.24057366277094
73.88333333333333	26.986315534902246
73.9	22.514367650860663
73.91666666666666	18.076414127960106
73.93333333333332	13.577901556010431
73.95	9.08618297536691
73.96666666666665	4.526070705791369
73.98333333333333	0.06476311843994154
73.99999999999999	-4.417907450591656
74.01666666666665	-8.733345476734769
74.03333333333333	-13.05231673989772
74.04999999999998	-17.31799769332474
74.06666666666666	-21.331506184157888
74.08333333333333	-25.133342181637147
74.1	-28.646448720652984
74.11666666666667	-31.905603432998987
74.13333333333333	-34.762465816833014
74.15	-37.3654852567812
74.16666666666666	-39.640646713162994
74.18333333333332	-41.60785676716591
74.2	-43.20712301136473
74.21666666666665	-44.50396135624942
74.23333333333333	-45.466154363568194
74.24999999999999	-46.01513554087114
74.26666666666665	-46.34136735724894
74.28333333333333	-46.27447974160839
74.29999999999998	-45.73290587041413
74.31666666666666	-44.84900623922135
74.33333333333333	-43.55324663997146
74.35	-41.865600049025204
74.36666666666667	-39.84999837302291
74.38333333333333	-37.56238707084981
74.4	-34.88432724761742
74.41666666666666	-31.922989353313937
74.43333333333332	-28.706021184525866
74.45	-25.32920575521348
74.46666666666665	-21.70105861216058
74.48333333333333	-17.897370467760425
74.49999999999999	-13.826716326543647
74.51666666666665	-9.688048115149968
74.53333333333333	-5.473179033181964
74.54999999999998	-1.2260415519887147
74.56666666666666	3.2490466982656017
74.58333333333333	7.675113040640838
74.6	12.243193528820143
74.61666666666667	16.656389413094757
74.63333333333333	21.141320540977688
74.65	25.506741673892975
74.66666666666666	29.67082023183275
74.68333333333332	33.691612642486916
74.7	37.590732100782475
74.71666666666665	41.36046002682036
74.73333333333333	44.73432447863928
74.74999999999999	47.87830646045069
74.76666666666665	50.743916006573784
74.78333333333333	53.42252553261892
74.79999999999998	55.7374896156814
74.81666666666666	57.751653308720506
74.83333333333333	59.507127000008325
74.85	60.887968127345744
74.86666666666667	61.866452155169725
74.88333333333333	62.54024808903239
74.9	62.81069325100549
74.91666666666666	62.69775010782229
74.93333333333332	62.29935647768781
74.95	61.44431301662087
74.96666666666665	60.275399848419056
74.98333333333333	58.630345694124344
74.99999999999999	56.67251517712475
75.01666666666665	54.4528211912164
75.03333333333333	51.81760181359755
75.04999999999998	48.937039391335986
75.06666666666666	45.71725083193928
75.08333333333333	42.42053026325573
75.1	38.697942415529724
75.11666666666667	34.823648565953874
75.13333333333333	30.730843879023723
75.15	26.549863482390492
75.16666666666666	22.17990867392865
75.18333333333332	17.71716966529192
75.2	13.167246249917412
75.21666666666665	8.614540151837502
75.23333333333333	3.967029583048884
75.24999999999999	-0.590263973795004
75.26666666666665	-5.107517132150065
75.28333333333333	-9.518839816646164
75.29999999999998	-13.715379464544299
75.31666666666666	-17.75195111570838
75.33333333333333	-21.639875968417584
75.35	-25.341010676595317
75.36666666666667	-28.79618193118324
75.38333333333333	-32.01612100203147
75.4	-35.087333415739636
75.41666666666666	-37.787606596524256
75.43333333333332	-40.12960201803742
75.45	-42.246089464222166
75.46666666666665	-44.010731173377735
75.48333333333333	-45.42772176003734
75.49999999999999	-46.36726430116357
75.51666666666665	-46.96161938972165
75.53333333333333	-47.115866695844375
75.54999999999998	-46.92827712059545
75.56666666666666	-46.35694615162447
75.58333333333333	-45.47131941342269
75.6	-44.26261750098763
75.61666666666667	-42.68551440633769
75.63333333333333	-40.75179271097295
75.65	-38.48250358781638
75.66666666666666	-36.026896199853354
75.68333333333332	-33.30786430799776
75.7	-30.18006582823358
75.71666666666665	-26.825205585223557
75.73333333333333	-23.200262951449076
75.74999999999999	-19.41662694612114
75.76666666666665	-15.410345311521667
75.78333333333333	-11.283420999406701
75.79999999999998	-7.026058572636487
75.81666666666666	-2.7216316974571555
75.83333333333333	1.7520238140677975
75.85	6.217651736981168
75.86666666666667	10.710252095558474
75.88333333333333	15.132035261488
75.9	19.571080580900457
75.91666666666666	23.860034333826434
75.93333333333332	27.998279437254723
75.95	31.99050528933992
75.96666666666665	35.855937964743134
75.98333333333333	39.56664313669694
75.99999999999999	43.12135061767975
76.01666666666665	46.50241339455846
76.03333333333333	49.53846762735145
76.04999999999998	52.329183480055235
76.06666666666666	54.69316778913367
76.08333333333333	56.737356385873795
76.1	58.49056708300742
76.11666666666667	59.77516316885783
76.13333333333333	60.772405417882396
76.15	61.505813340991324
76.16666666666666	61.71009572452249
76.18333333333332	61.696186207763276
76.2	61.405159067829004
76.21666666666665	60.59491274051459
76.23333333333333	59.5025007249028
76.24999999999999	57.96513169579447
76.26666666666665	56.11469177893434
76.28333333333333	53.95557980413628
76.29999999999998	51.44096692550204
76.31666666666666	48.567914997012394
76.33333333333333	45.46567613500406
76.35	42.17686714746026
76.36666666666667	38.57061533651233
76.38333333333333	34.699095614553244
76.4	30.663763548167367
76.41666666666666	26.485799564582294
76.43333333333332	22.239344396773618
76.45	17.80348471762818
76.46666666666665	13.372069312447252
76.48333333333333	8.831363232612034
76.49999999999999	4.319489023210281
76.51666666666665	-0.2429522083551774
76.53333333333333	-4.717783687144106
76.54999999999998	-9.117434807322411
76.56666666666666	-13.448731490997716
76.58333333333333	-17.57729863224631
76.6	-21.50247125994349
76.61666666666667	-25.228555979095063
76.63333333333333	-28.71899943810172
76.65	-31.86379503358438
76.66666666666666	-34.69959464009162
76.68333333333332	-37.37847238470408
76.7	-39.64250088160219
76.71666666666665	-41.62305899064944
76.73333333333333	-43.365896505652245
76.74999999999999	-44.67641353875558
76.76666666666665	-45.66959059149974
76.78333333333333	-46.35398273015858
76.79999999999998	-46.59687976128072
76.81666666666666	-46.53399738219264
76.83333333333333	-46.09794819066326
76.85	-45.2858493852259
76.86666666666667	-44.19912382047988
76.88333333333333	-42.66088217497145
76.9	-40.7022267401602
76.91666666666666	-38.516836411915165
76.93333333333332	-35.96474537575057
76.95	-33.124561667167654
76.96666666666665	-30.144013432643078
76.98333333333333	-26.78617639373067
76.99999999999999	-23.254445059499744
77.01666666666665	-19.546313000265172
77.03333333333333	-15.53576813207252
77.04999999999998	-11.445928333495885
77.06666666666666	-7.267554253746653
77.08333333333333	-2.9416520190400774
77.1	1.546160687327017
77.11666666666667	6.014193916122849
77.13333333333333	10.57687809496747
77.15	15.030546601145488
77.16666666666666	19.486204218759895
77.18333333333332	23.809392008396458
77.2	27.961579205131898
77.21666666666665	31.948367811602907
77.23333333333333	35.723772745536735
77.24999999999999	39.46266336568476
77.26666666666665	42.88748826555917
77.28333333333333	46.15358166452381
77.29999999999998	49.27170789118293
77.31666666666666	52.12005139840994
77.33333333333333	54.70724228753511
77.35	56.88369428870942
77.36666666666667	58.703358879947416
77.38333333333333	60.281203488358756
77.4	61.373069327256076
77.41666666666666	62.07293249210795
77.43333333333332	62.485794515116254
77.45	62.464399932112656
77.46666666666665	62.185283103220854
77.48333333333333	61.51801321566791
77.49999999999999	60.44651507099809
77.51666666666665	58.96067732669803
77.53333333333333	57.09280031653577
77.54999999999998	54.89106738296243
77.56666666666666	52.37340155489096
77.58333333333333	49.49325545556587
77.6	46.38978137235108
77.61666666666667	43.047007947441216
77.63333333333333	39.532424282394516
77.65	35.748416375037664
77.66666666666666	31.718991617777874
77.68333333333332	27.547208428632985
77.7	23.25410590273316
77.71666666666665	18.724427526527165
77.73333333333333	14.14308197206958
77.74999999999999	9.657944130851774
77.76666666666665	5.06030775491115
77.78333333333333	0.6201745802848109
77.79999999999998	-3.8265543854893167
77.81666666666666	-8.126581083449139
77.83333333333333	-12.409000718092102
77.85	-16.487681045556315
77.86666666666667	-20.475642177414898
77.88333333333333	-24.313182181298316
77.9	-27.856978480180715
77.91666666666666	-31.190016953473673
77.93333333333332	-34.24901720749938
77.95	-36.888990251142786
77.96666666666665	-39.205858764856885
77.98333333333333	-41.263454890847356
77.99999999999999	-43.04102584712638
78.01666666666665	-44.47126434897672
78.03333333333333	-45.46774800282935
78.04999999999998	-46.20900162155749
78.06666666666666	-46.521297430116874
78.08333333333333	-46.49598387240019
78.1	-45.96065805599426
78.11666666666667	-45.11725887401184
78.13333333333333	-43.9702704539053
78.15	-42.32705839344783
78.16666666666666	-40.48613486094894
78.18333333333332	-38.33488659531213
78.2	-35.86048794988369
78.21666666666665	-33.02512219104017
78.23333333333333	-30.077466752968462
78.24999999999999	-26.744815191162672
78.26666666666665	-23.16251204403477
78.28333333333333	-19.386678174275175
78.29999999999998	-15.439542938124077
78.31666666666666	-11.361709212535004
78.33333333333333	-7.153974302210656
78.35	-2.7679658552866044
78.36666666666667	1.6224095948145418
78.38333333333333	6.088888133017406
78.4	10.58143671933965
78.41666666666666	15.038636800609083
78.43333333333332	19.533122719731523
78.45	23.77721538839012
78.46666666666665	28.063716856026133
78.48333333333333	32.32942989107511
78.49999999999999	36.325735744765836
78.51666666666665	40.01206203982986
78.53333333333333	43.6224970799629
78.54999999999998	46.86796236097604
78.56666666666666	49.82321815701488
78.58333333333333	52.58393297530665
78.6	55.10096443443774
78.61666666666667	57.38300656220821
78.63333333333333	59.205646179561086
78.65	60.6435939541509
78.66666666666666	61.693632836000575
78.68333333333332	62.498687426963784
78.7	62.814320011673544
78.71666666666665	62.77722593640664
78.73333333333333	62.519326169505064
78.74999999999999	61.74854587568689
78.76666666666665	60.69631974959708
78.78333333333333	59.36989645862866
78.79999999999998	57.5442567255069
78.81666666666666	55.45580068707909
78.83333333333333	52.90771948497968
78.85	50.10320808180484
78.86666666666667	47.07851190943114
78.88333333333333	43.75502035304066
78.9	40.2713695761837
78.91666666666666	36.52203135056908
78.93333333333332	32.63861169876975
78.95	28.53995644195618
78.96666666666665	24.313452061153043
78.98333333333333	19.931511288922763
78.99999999999999	15.32704381349481
79.01666666666665	10.756819967938554
79.03333333333333	6.202340351847965
79.04999999999998	1.6867341319921252
79.06666666666666	-2.7425878409900406
79.08333333333333	-7.035241761898533
79.1	-11.349243341941417
79.11666666666667	-15.438446928187432
79.13333333333333	-19.413697064627684
79.15	-23.20158339969828
79.16666666666666	-26.762731283468668
79.18333333333332	-30.06334438245773
79.2	-33.212212546790795
79.21666666666665	-35.98942749974191
79.23333333333333	-38.28851007544779
79.24999999999999	-40.34982805861773
79.26666666666665	-42.07984623556274
79.28333333333333	-43.412277325640275
79.29999999999998	-44.47545018699873
79.31666666666666	-45.31086955266312
79.33333333333333	-45.696933371469584
79.35	-45.62231398990548
79.36666666666667	-45.22170056641028
79.38333333333333	-44.421704822008564
79.4	-43.274600562868386
79.41666666666666	-41.78902510990508
79.43333333333332	-39.95010537861708
79.45	-37.64525898676948
79.46666666666665	-35.2352517361802
79.48333333333333	-32.525547462235636
79.49999999999999	-29.54021255979808
79.51666666666665	-26.350162550527045
79.53333333333333	-22.827270004220736
79.54999999999998	-19.054064980929866
79.56666666666666	-15.154100719950065
79.58333333333333	-11.088022596885821
79.6	-6.908013326457251
79.61666666666667	-2.584434178426818
79.63333333333333	1.720913725687069
79.65	6.057674157405131
79.66666666666666	10.611734348458526
79.68333333333332	15.07515169634496
79.7	19.58613181382873
79.71666666666665	23.890368484364103
79.73333333333333	28.069360107752516
79.74999999999999	32.25798635304727
79.76666666666665	36.27850303914806
79.78333333333333	39.98088782978181
79.79999999999998	43.412829384791394
79.81666666666666	46.659271965540825
79.83333333333333	49.67220085758561
79.85	52.50797671680448
79.86666666666667	55.07779881591125
79.88333333333333	57.45200414852968
79.9	59.30820196224579
79.91666666666666	60.812926713190905
79.93333333333332	61.80669280034948
79.95	62.57484085721131
79.96666666666665	62.986803259078556
79.98333333333333	62.979694871423646
79.99999999999999	62.62893481039123
80.01666666666665	61.91311251270116
80.03333333333333	60.83252363665497
80.04999999999998	59.48939898525532
80.06666666666666	57.675489966394935
80.08333333333333	55.62827701734665
80.1	53.27443756267837
80.11666666666667	50.507799621208505
80.13333333333333	47.51742575932553
80.15	44.29057990589058
80.16666666666666	40.79506818452603
80.18333333333332	37.1023980541317
80.2	33.22760942854984
80.21666666666665	29.16404829118062
80.23333333333333	24.90239748026056
80.24999999999999	20.47323420786779
80.26666666666665	15.961122535940376
80.28333333333333	11.432742334879094
80.29999999999998	6.853712028934524
80.31666666666666	2.3402159781622913
80.33333333333333	-2.0620598959427525
80.35	-6.409518746388187
80.36666666666667	-10.630952888408046
80.38333333333333	-14.70854574319759
80.4	-18.638522163885455
80.41666666666666	-22.47729591122379
80.43333333333332	-26.06561564920264
80.45	-29.437263142514382
80.46666666666665	-32.458749071458215
80.48333333333333	-35.18950614763179
80.49999999999999	-37.55215740321091
80.51666666666665	-39.608751504380166
80.53333333333333	-41.393173476464085
80.54999999999998	-42.78629979957134
80.56666666666666	-43.794478190369375
80.58333333333333	-44.514254367451144
80.6	-44.846612697798946
80.61666666666667	-44.8340071084159
80.63333333333333	-44.44923934062092
80.65	-43.670932851531006
80.66666666666666	-42.54636424755677
80.68333333333332	-41.14389304346753
80.7	-39.429092018454355
80.71666666666665	-37.404579209946974
80.73333333333333	-35.004236972689455
80.74999999999999	-32.389666243283614
80.76666666666665	-29.447965471859902
80.78333333333333	-26.215239180659182
80.79999999999998	-22.680547336681798
80.81666666666666	-19.0002190383002
80.83333333333333	-15.190665852488223
80.85	-11.229674066569146
80.86666666666667	-7.086108861372509
80.88333333333333	-2.8179605321777217
80.9	1.511812022361653
80.91666666666666	5.805684630221549
80.93333333333332	10.260402343853343
80.95	14.624238874620687
80.96666666666665	19.054585516324096
80.98333333333333	23.535773151524097
80.99999999999999	27.715021269562044
81.01666666666665	31.834526204374697
81.03333333333333	35.76186015682646
81.04999999999998	39.47175185459429
81.06666666666666	42.99258196926348
81.08333333333333	46.26833304100137
81.1	49.33023036469007
81.11666666666667	52.16400857615986
81.13333333333333	54.70351050325439
81.15	56.8802311234474
81.16666666666666	58.76944557771401
81.18333333333332	60.36142385993696
81.2	61.54792117406498
81.21666666666665	62.39314588633829
81.23333333333333	62.814771047291856
81.24999999999999	62.78966188313217
81.26666666666665	62.53651249566775
81.28333333333333	61.900632486690085
81.29999999999998	60.79674882446761
81.31666666666666	59.53807031324715
81.33333333333333	57.76774139062866
81.35	55.682081476163944
81.36666666666667	53.36116962772718
81.38333333333333	50.615941989684416
81.4	47.57803093745133
81.41666666666666	44.398427144936875
81.43333333333332	40.94146122979021
81.45	37.201837971571365
81.46666666666665	33.403280216372366
81.48333333333333	29.427043580487748
81.49999999999999	25.266241829878084
81.51666666666665	20.895579091862032
81.53333333333333	16.429513381004654
81.54999999999998	11.86577491629157
81.56666666666666	7.338528543470034
81.58333333333333	2.7680603695314403
81.6	-1.6465633939293411
81.61666666666667	-6.02768612982419
81.63333333333333	-10.340906116060069
81.65	-14.393127513906393
81.66666666666666	-18.37579729261904
81.68333333333332	-22.128756889542956
81.7	-25.650799056347296
81.71666666666665	-28.968295511223232
81.73333333333333	-31.938238767441476
81.74999999999999	-34.576007053906835
81.76666666666665	-37.14917012371734
81.78333333333333	-39.31961310671943
81.79999999999998	-41.14803902762935
81.81666666666666	-42.58064764325843
81.83333333333333	-43.63594138504254
81.85	-44.40150079133787
81.86666666666667	-44.844579906863885
81.88333333333333	-44.80375860222898
81.9	-44.46789322515349
81.91666666666666	-43.73506705621185
81.93333333333332	-42.62694728441136
81.95	-41.18850659834288
81.96666666666665	-39.451674610316104
81.98333333333333	-37.392144266891194
81.99999999999999	-35.09780023211397
82.01666666666665	-32.47774153062085
82.03333333333333	-29.547123643533155
82.04999999999998	-26.45491966542818
82.06666666666666	-23.004959991959936
82.08333333333333	-19.41924984059483
82.1	-15.540998850291317
82.11666666666667	-11.46390141847587
82.13333333333333	-7.271974404835873
82.15	-3.01640473133034
82.16666666666666	1.2831899208132427
82.18333333333332	5.606337864179977
82.2	9.83735434628295
82.21666666666665	14.188900777049696
82.23333333333333	18.5971134564154
82.24999999999999	22.80731635851589
82.26666666666665	27.0636810767449
82.28333333333333	31.367579847735215
82.29999999999998	35.39667497809501
82.31666666666666	39.28479936910992
82.33333333333333	42.86288450224487
82.35	46.147356628874036
82.36666666666667	49.29721238560353
82.38333333333333	52.053526922535525
82.4	54.58582851653625
82.41666666666666	56.76617218467101
82.43333333333332	58.69094648274995
82.45	60.28028882327834
82.46666666666665	61.57993047968125
82.48333333333333	62.45219962310989
82.49999999999999	62.88446797485517
82.51666666666665	62.86593465040272
82.53333333333333	62.54999645385038
82.54999999999998	61.77675214408691
82.56666666666666	60.71998847988095
82.58333333333333	59.426278482473776
82.6	57.7073550022281
82.61666666666667	55.70447483207198
82.63333333333333	53.51954190585457
82.65	50.85116650357935
82.66666666666666	47.832442907834434
82.68333333333332	44.558128066359814
82.7	40.97549090014229
82.71666666666665	37.21916038333643
82.73333333333333	33.35860737696379
82.74999999999999	29.35227752887431
82.76666666666665	25.1576658872375
82.78333333333333	20.912958880574593
82.79999999999998	16.52728828194961
82.81666666666666	12.135767562777062
82.83333333333333	7.706800581082007
82.85	3.281877302458497
82.86666666666667	-1.2514784440230642
82.88333333333333	-5.682001627965178
82.9	-9.916523329486836
82.91666666666666	-13.941744997466856
82.93333333333332	-17.73031312059163
82.95	-21.489631308276557
82.96666666666665	-25.087903477674843
82.98333333333333	-28.49124871882725
82.99999999999999	-31.51327883543263
83.01666666666665	-34.36841446860899
83.03333333333333	-36.78584743487403
83.04999999999998	-38.86095791790052
83.06666666666666	-40.60989931704569
83.08333333333333	-42.106311297447064
83.1	-43.228134398249495
83.11666666666667	-44.02676331274529
83.13333333333333	-44.51293166207108
83.15	-44.54363479766437
83.16666666666666	-44.35462817484586
83.18333333333332	-43.76033780803124
83.2	-42.707617712777505
83.21666666666665	-41.35080552616603
83.23333333333333	-39.56757151171615
83.24999999999999	-37.48505933658976
83.26666666666665	-35.132312914734996
83.28333333333333	-32.48961854992416
83.29999999999998	-29.591110188083235
83.31666666666666	-26.48454902035462
83.33333333333333	-23.06648627564499
83.35	-19.59352171644639
83.36666666666667	-15.732941131413895
83.38333333333333	-11.742091453683997
83.4	-7.6190679867322615
83.41666666666666	-3.384273641930349
83.43333333333332	0.9420659864813388
83.45	5.315563897612037
83.46666666666665	9.655871692400524
83.48333333333333	13.992972513195014
83.49999999999999	18.296551962433057
83.51666666666665	22.58190816101262
83.53333333333333	26.760979406655167
83.54999999999998	30.762837863152185
83.56666666666666	34.69233258181782
83.58333333333333	38.50233229004209
83.6	41.91987716128938
83.61666666666667	45.294797313729305
83.63333333333333	48.41722833915367
83.65	51.21657402208268
83.66666666666666	53.704936646683905
83.68333333333332	55.86375813700022
83.7	57.70455713743797
83.71666666666665	59.40099085519512
83.73333333333333	60.607236970489794
83.74999999999999	61.545523532103516
83.76666666666665	62.09353831511322
83.78333333333333	62.328862756259355
83.79999999999998	62.070561424650236
83.81666666666666	61.57584469481185
83.83333333333333	60.585378459325966
83.85	59.33164526851249
83.86666666666667	57.63006096351671
83.88333333333333	55.64812912085972
83.9	53.4263482046253
83.91666666666666	50.75370405226329
83.93333333333332	47.82634736475541
83.95	44.582077491437985
83.96666666666665	41.20684596137693
83.98333333333333	37.581322032862374
83.99999999999999	33.69268890972677
84.01666666666665	29.62474000249597
84.03333333333333	25.466316000142
84.04999999999998	21.193344251531585
84.06666666666666	16.83283749409219
84.08333333333333	12.367079089275023
84.1	7.91777088677685
84.11666666666667	3.3698514022030963
84.13333333333333	-1.0162340101633731
84.15	-5.457656888528504
84.16666666666666	-9.67676816741971
84.18333333333332	-13.702815463929085
84.2	-17.633679208076956
84.21666666666665	-21.417036165176285
84.23333333333333	-24.854906134279815
84.24999999999999	-28.20025153405436
84.26666666666665	-31.401852055166103
84.28333333333333	-34.248395052765204
84.29999999999998	-36.69089241233871
84.31666666666666	-38.87610868455164
84.33333333333333	-40.64088174667995
84.35	-42.19436868440857
84.36666666666667	-43.37684933197016
84.38333333333333	-44.22288286772198
84.4	-44.64024656781055
84.41666666666666	-44.681683183571124
84.43333333333332	-44.44728631574151
84.45	-43.85492979358719
84.46666666666665	-42.81856803980952
84.48333333333333	-41.51531960172679
84.49999999999999	-39.768347631590586
84.51666666666665	-37.716715320862136
84.53333333333333	-35.415422587900025
84.54999999999998	-32.724911633125544
84.56666666666666	-29.83077794543533
84.58333333333333	-26.659730623335122
84.6	-23.396528132162075
84.61666666666667	-19.800519273676514
84.63333333333333	-16.076551139935418
84.65	-12.236224572045558
84.66666666666666	-8.169043721419143
84.68333333333332	-3.989682384554385
84.7	0.3989740678542262
84.71666666666665	4.734467036166052
84.73333333333333	9.061520655843083
84.74999999999999	13.429352200861672
84.76666666666665	17.684513412891533
84.78333333333333	21.896657423717443
84.79999999999998	25.92838600141863
84.81666666666666	29.882572179466024
84.83333333333333	33.778507439976124
84.85	37.521432000008986
84.86666666666667	41.202881766631776
84.88333333333333	44.54546323163913
84.9	47.56794180463578
84.91666666666666	50.45928392468892
84.93333333333332	52.86357574854458
84.95	55.09095802021943
84.96666666666665	57.06977958646269
84.98333333333333	58.6896500390726
84.99999999999999	59.89538094253794
85.01666666666665	60.770501565187544
85.03333333333333	61.36687177294414
85.04999999999998	61.53212150316563
85.06666666666666	61.39309689572883
85.08333333333333	60.78012320511448
85.1	59.75886088557496
85.11666666666667	58.52885412257331
85.13333333333333	56.91880663242722
85.15	54.9580406771438
85.16666666666666	52.6330777310277
85.18333333333332	50.21683677631836
85.2	47.390459231828004
85.21666666666665	44.330576593418186
85.23333333333333	40.82573025063277
85.24999999999999	37.24425593142257
85.26666666666665	33.44290805542886
85.28333333333333	29.45551508469839
85.29999999999998	25.342773730368663
85.31666666666666	21.176573016092902
85.33333333333333	16.835859715450283
85.35	12.42861570437907
85.36666666666667	7.991648185867803
85.38333333333333	3.463077621751893
85.4	-0.8917239590297186
85.41666666666666	-5.32482370302921
85.43333333333332	-9.561367084564381
85.45	-13.642273386381817
85.46666666666665	-17.596790973937118
85.48333333333333	-21.382742807898126
85.49999999999999	-24.85123186918986
85.51666666666665	-28.21337591408917
85.53333333333333	-31.311424019710614
85.54999999999998	-34.15315744333577
85.56666666666666	-36.68668927123878
85.58333333333333	-38.9329423409647
85.6	-40.71778397682101
85.61666666666667	-42.26070505931523
85.63333333333333	-43.480434296516364
85.65	-44.29458016535796
85.66666666666666	-44.75181095060452
85.68333333333332	-44.81364033718887
85.7	-44.57551573829312
85.71666666666665	-44.05423510069471
85.73333333333333	-43.23389038517382
85.74999999999999	-41.97570528909
85.76666666666665	-40.334727504608566
85.78333333333333	-38.386318545509084
85.79999999999998	-36.17933658077004
85.81666666666666	-33.600898718325254
85.83333333333333	-30.69775819089915
85.85	-27.596064468048894
85.86666666666667	-24.329990446546617
85.88333333333333	-20.742300459469675
85.9	-17.056884166691475
85.91666666666666	-13.335298365759968
85.93333333333332	-9.235651550987825
85.95	-5.121550868640782
85.96666666666665	-0.8577290326647926
85.98333333333333	3.5522751338835405
85.99999999999999	7.886014100201521
86.01666666666665	12.176906076895989
86.03333333333333	16.48516414225719
86.04999999999998	20.721818261824296
86.06666666666666	24.84454329270193
86.08333333333333	28.815081011707377
86.1	32.69530927689789
86.11666666666667	36.460180499625835
86.13333333333333	40.12870009370988
86.15	43.487207689060426
86.16666666666666	46.625825319885166
86.18333333333332	49.472547280081244
86.2	51.94846018224405
86.21666666666665	54.26109157969722
86.23333333333333	56.278094228220255
86.24999999999999	57.783702260843256
86.26666666666665	59.1212314688363
86.28333333333333	60.20503534362342
86.29999999999998	60.807299004044125
86.31666666666666	61.02376078302075
86.33333333333333	61.080479431090964
86.35	60.51521831259737
86.36666666666667	59.61769419549364
86.38333333333333	58.44476191971364
86.4	56.78692690617527
86.41666666666666	54.816391025342796
86.43333333333332	52.58080690972173
86.45	50.11133690645903
86.46666666666665	47.40223434216034
86.48333333333333	44.380874214154346
86.49999999999999	40.971408222105026
86.51666666666665	37.388036097100894
86.53333333333333	33.56146386730671
86.54999999999998	29.5139309352204
86.56666666666666	25.392112278231593
86.58333333333333	21.23629768748151
86.6	16.896081112582408
86.61666666666667	12.440141890832138
86.63333333333333	8.108313376946
86.65	3.6566022316035856
86.66666666666666	-0.7209293824878955
86.68333333333332	-5.037160892918337
86.7	-9.410810797763986
86.71666666666665	-13.535093723510784
86.73333333333333	-17.506140197574553
86.74999999999999	-21.327619236208818
86.76666666666665	-24.85275158575689
86.78333333333333	-28.231138035482445
86.79999999999998	-31.322725254119064
86.81666666666666	-34.22261770725436
86.83333333333333	-36.746721158404284
86.85	-38.96493466957918
86.86666666666667	-40.77919232552517
86.88333333333333	-42.342809361082004
86.9	-43.559117194680766
86.91666666666666	-44.40658378322536
86.93333333333332	-44.879189680568345
86.95	-44.92827262091703
86.96666666666665	-44.653702783942435
86.98333333333333	-44.148363950107296
86.99999999999999	-43.339651183049114
87.01666666666665	-42.16735436690999
87.03333333333333	-40.62532696002404
87.04999999999998	-38.65495725653574
87.06666666666666	-36.44567240154413
87.08333333333333	-33.903708838615216
87.1	-31.096334576983054
87.11666666666667	-28.112932795175993
87.13333333333333	-24.81854356584654
87.15	-21.34974459999046
87.16666666666666	-17.59320447676282
87.18333333333332	-13.698455121696895
87.2	-9.662796461983362
87.21666666666665	-5.5169491567766045
87.23333333333333	-1.3289268744291576
87.24999999999999	2.9600073437924266
87.26666666666665	7.3006729543328674
87.28333333333333	11.629277462933715
87.29999999999998	15.887482902509475
87.31666666666666	20.091274050354457
87.33333333333333	24.334246776586724
87.35	28.406439468076428
87.36666666666667	32.40008053441352
87.38333333333333	36.197668679448725
87.4	39.73793079817358
87.41666666666666	43.20767343384978
87.43333333333332	46.35204267718365
87.45	49.244317365454776
87.46666666666665	51.775902231659074
87.48333333333333	54.010618529976796
87.49999999999999	56.03270620508465
87.51666666666665	57.75024450580378
87.53333333333333	59.038529942144635
87.54999999999998	60.131797790214705
87.56666666666666	60.804106399741386
87.58333333333333	60.99741301661703
87.6	60.861708415679516
87.61666666666667	60.39535240102646
87.63333333333333	59.55739943456638
87.65	58.38166877619142
87.66666666666666	56.73817880548506
87.68333333333332	54.807088855084544
87.7	52.60144935708354
87.71666666666665	50.24701647368357
87.73333333333333	47.52733855515635
87.74999999999999	44.53057637087295
87.76666666666665	41.29967315173769
87.78333333333333	37.642996749933104
87.79999999999998	33.73592755289934
87.81666666666666	29.667729145678663
87.83333333333333	25.53121040771026
87.85	21.389677556602066
87.86666666666667	17.18365417974644
87.88333333333333	12.84157253553684
87.9	8.432689684468016
87.91666666666666	4.097726189566458
87.93333333333332	-0.33105333203070586
87.95	-4.616992186260859
87.96666666666665	-8.852038467218563
87.98333333333333	-12.987518196020801
87.99999999999999	-16.88250231584152
88.01666666666665	-20.58692341853248
88.03333333333333	-24.17565481517977
88.04999999999998	-27.480013574710085
88.06666666666666	-30.52743130839667
88.08333333333333	-33.41457248920727
88.1	-35.954822219959055
88.11666666666667	-38.29474966268299
88.13333333333333	-40.361607138717886
88.15	-41.920846854707975
88.16666666666666	-43.167295627694045
88.18333333333332	-44.0254805149998
88.2	-44.577847319850434
88.21666666666665	-44.70561733119678
88.23333333333333	-44.507966319177285
88.24999999999999	-44.039565142419804
88.26666666666665	-43.34176511781186
88.28333333333333	-42.198958591096016
88.29999999999998	-40.70288332650824
88.31666666666666	-38.83346043649851
88.33333333333333	-36.57104816990068
88.35	-34.076603681554445
88.36666666666667	-31.323789224274947
88.38333333333333	-28.31269076202284
88.4	-25.126851320135984
88.41666666666666	-21.666549566993808
88.43333333333332	-18.07819028298013
88.45	-14.397788562595792
88.46666666666665	-10.404811048001875
88.48333333333333	-6.2476387093702215
88.49999999999999	-2.0606315628801326
88.51666666666665	2.2721504406998747
88.53333333333333	6.672797606896381
88.54999999999998	10.970988412711165
88.56666666666666	15.249439811876869
88.58333333333333	19.51968790696037
88.6	23.564939483749868
88.61666666666667	27.621132074292916
88.63333333333333	31.569439268672795
88.65	35.35807278184609
88.66666666666666	39.10679899161323
88.68333333333332	42.59136742584326
88.7	45.68940943308678
88.71666666666665	48.59332124072205
88.73333333333333	51.20371507708819
88.74999999999999	53.50869807716282
88.76666666666665	55.51037897678964
88.78333333333333	57.105202433396244
88.79999999999998	58.54536042009062
88.81666666666666	59.589807994646435
88.83333333333333	60.32449803263819
88.85	60.68038145610694
88.86666666666667	60.66880265865876
88.88333333333333	60.25440900514212
88.9	59.50976201115918
88.91666666666666	58.32044324841263
88.93333333333332	56.80725330794996
88.95	54.881956137247926
88.96666666666665	52.718206943040116
88.98333333333333	50.3454939455155
88.99999999999999	47.62513424448912
89.01666666666665	44.624111639047555
89.03333333333333	41.43542045512288
89.04999999999998	37.87113829133045
89.06666666666666	34.11494812418243
89.08333333333333	30.27959412290977
89.1	26.24282399650292
89.11666666666667	22.0777854413177
89.13333333333333	17.8663247113293
89.15	13.491495931477516
89.16666666666666	9.171336126121446
89.18333333333332	4.853082361198858
89.2	0.4177514294895559
89.21666666666665	-3.9432537622839163
89.23333333333333	-8.201867014845106
89.24999999999999	-12.400821893148986
89.26666666666665	-16.416987911290448
89.28333333333333	-20.226655218704593
89.29999999999998	-23.705283439430275
89.31666666666666	-27.087872086565255
89.33333333333333	-30.267949130346324
89.35	-33.18838207872386
89.36666666666667	-35.75065445851175
89.38333333333333	-38.06319947489101
89.4	-40.1787659635566
89.41666666666666	-41.85067693608653
89.43333333333332	-43.111238056290006
89.45	-44.1162609701762
89.46666666666665	-44.67603502007046
89.48333333333333	-44.80721869882916
89.49999999999999	-44.63594809979236
89.51666666666665	-44.136128996762295
89.53333333333333	-43.39075682442092
89.54999999999998	-42.24499206576371
89.56666666666666	-40.768114414493084
89.58333333333333	-38.875289130126305
89.6	-36.674268497007915
89.61666666666667	-34.26236956845753
89.63333333333333	-31.516400447558567
89.65	-28.50324759179705
89.66666666666666	-25.299038272424752
89.68333333333332	-21.806134820723344
89.7	-18.218903547554532
89.71666666666665	-14.474196056758274
89.73333333333333	-10.490402043871086
89.74999999999999	-6.395140514440982
89.76666666666665	-2.2082422769514665
89.78333333333333	2.087132428664404
89.79999999999998	6.482168822944914
89.81666666666666	10.782477026638844
89.83333333333333	15.087695435325031
89.85	19.400187780127283
89.86666666666667	23.556171933309656
89.88333333333333	27.58542582207741
89.9	31.517145918271922
89.91666666666666	35.38909570111554
89.93333333333332	38.97189420580247
89.95	42.3907421638404
89.96666666666665	45.537546126986626
89.98333333333333	48.49021091066277
89.99999999999999	51.094594614639504
90.01666666666665	53.5128082923145
90.03333333333333	55.52898272358203
90.04999999999998	57.28146671135448
90.06666666666666	58.65027667935658
90.08333333333333	59.63814168747467
90.1	60.41379733807173
90.11666666666667	60.709664279088656
90.13333333333333	60.670180414806055
90.15	60.3746761706883
90.16666666666666	59.592155107113
90.18333333333332	58.50479163551381
90.2	57.087767244949646
90.21666666666665	55.385684431635696
90.23333333333333	53.36395849448343
90.24999999999999	50.902613500070515
90.26666666666665	48.236359418659276
90.28333333333333	45.36195025872718
90.29999999999998	42.136111193437955
90.31666666666666	38.6525237022006
90.33333333333333	34.89751512107273
90.35	30.955883100218102
90.36666666666667	26.79278544947465
90.38333333333333	22.60293611263546
90.4	18.380318827677854
90.41666666666666	14.130460734489134
90.43333333333332	9.779659183485705
90.45	5.420051387774606
90.46666666666665	1.1158545705744132
90.48333333333333	-3.2338371218344264
90.49999999999999	-7.482829384025763
90.51666666666665	-11.606712222763576
90.53333333333333	-15.5702262057859
90.54999999999998	-19.38796284936859
90.56666666666666	-23.034310982600914
90.58333333333333	-26.425711834993194
90.6	-29.524342090994082
90.61666666666667	-32.447324679318285
90.63333333333333	-35.07708725468319
90.65	-37.47030351176397
90.66666666666666	-39.50336394246517
90.68333333333332	-41.218626627089066
90.7	-42.527723749835786
90.71666666666665	-43.51256448861545
90.73333333333333	-44.18320245458739
90.74999999999999	-44.4442879510118
90.76666666666665	-44.41322452613656
90.78333333333333	-44.03862938903285
90.79999999999998	-43.363536130272564
90.81666666666666	-42.35054739335641
90.83333333333333	-40.85312325662903
90.85	-39.08189565893679
90.86666666666667	-37.02532437947707
90.88333333333333	-34.591883810827426
90.9	-31.82786545875308
90.91666666666666	-28.751185691160345
90.93333333333332	-25.547203604636024
90.95	-22.168040253751542
90.96666666666665	-18.57049247208363
90.98333333333333	-14.719600074855862
90.99999999999999	-10.726245608649492
91.01666666666665	-6.622171473487583
91.03333333333333	-2.457914941674801
91.04999999999998	1.781481915845859
91.06666666666666	6.143409156306063
91.08333333333333	10.474084178160751
91.1	14.729403167790451
91.11666666666667	19.004576377871274
91.13333333333333	23.281406987075115
91.15	27.36555701641271
91.16666666666666	31.351059859124575
91.18333333333332	35.11989276892518
91.2	38.72863230334167
91.21666666666665	42.19904764731291
91.23333333333333	45.453771738368346
91.24999999999999	48.40343687705399
91.26666666666665	51.02088316988181
91.28333333333333	53.49826123455955
91.29999999999998	55.548631146216906
91.31666666666666	57.34228008624035
91.33333333333333	58.74865772374983
91.35	59.76852263721446
91.36666666666667	60.527803920799386
91.38333333333333	60.82134786964889
91.4	60.78357475436928
91.41666666666666	60.493378255740765
91.43333333333332	59.719968711119805
91.45	58.66182272193544
91.46666666666665	57.35592179179184
91.48333333333333	55.598541079272366
91.49999999999999	53.553949205915956
91.51666666666665	51.220494515033465
91.53333333333333	48.591372066353415
91.54999999999998	45.61235349667362
91.56666666666666	42.44392690090132
91.58333333333333	38.95296394302807
91.6	35.305940902586826
91.61666666666667	31.46911398017096
91.63333333333333	27.47645493945356
91.65	23.382036743813046
91.66666666666666	19.168423043224493
91.68333333333332	14.814519794869568
91.7	10.43201104778285
91.71666666666665	6.078904388013143
91.73333333333333	1.68943017746858
91.74999999999999	-2.5636536833839045
91.76666666666665	-6.780751404702983
91.78333333333333	-10.888050476601052
91.79999999999998	-14.795918236847854
91.81666666666666	-18.583764412871687
91.83333333333333	-22.265120287220952
91.85	-25.692016896609914
91.86666666666667	-28.82790432679701
91.88333333333333	-31.71438107754659
91.9	-34.42249195671252
91.91666666666666	-36.68917347658066
91.93333333333332	-38.69814893975672
91.95	-40.43241925951321
91.96666666666665	-41.745532366328575
91.98333333333333	-42.69053240064983
91.99999999999999	-43.4005487592035
92.01666666666665	-43.666439982688075
92.03333333333333	-43.59776244797774
92.04999999999998	-43.25326353019335
92.06666666666666	-42.54883794495606
92.08333333333333	-41.50161855099702
92.1	-40.13243479793971
92.11666666666667	-38.45664354430477
92.13333333333333	-36.40271826741116
92.15	-34.04860190420129
92.16666666666666	-31.462566576733366
92.18333333333332	-28.51457554292756
92.2	-25.37823211800469
92.21666666666665	-22.073246358212145
92.23333333333333	-18.492995174575583
92.24999999999999	-14.690321840328465
92.26666666666665	-10.729808481429131
92.28333333333333	-6.677655186920447
92.29999999999998	-2.529227137955502
92.31666666666666	1.6437260814755064
92.33333333333333	5.932541614512161
92.35	10.216153773564884
92.36666666666667	14.496147335573596
92.38333333333333	18.685060315201724
92.4	22.803475544066487
92.41666666666666	26.753816206330384
92.43333333333332	30.66858877075208
92.45	34.48187241478263
92.46666666666665	38.14867511754551
92.48333333333333	41.59304378871627
92.49999999999999	44.74752310696414
92.51666666666665	47.67046780475471
92.53333333333333	50.434906634665026
92.54999999999998	52.70312695163818
92.56666666666666	54.734741064519994
92.58333333333333	56.520461697736096
92.6	57.88023689651607
92.61666666666667	58.95901590306505
92.63333333333333	59.64499619884816
92.65	60.202072046179865
92.66666666666666	60.30809046805621
92.68333333333332	60.04481755429572
92.7	59.47188896670457
92.71666666666665	58.46067582393965
92.73333333333333	56.96058896918328
92.74999999999999	55.23736143361651
92.76666666666665	53.27220671998509
92.78333333333333	50.88014426932773
92.79999999999998	48.32637082487804
92.81666666666666	45.49670978029576
92.83333333333333	42.38039477601376
92.85	38.97629637956834
92.86666666666667	35.33050989667822
92.88333333333333	31.495821875681145
92.9	27.47151961833606
92.91666666666666	23.35524448428862
92.93333333333332	19.194406089858433
92.95	14.881342403351425
92.96666666666665	10.524528817015153
92.98333333333333	6.319689523453633
92.99999999999999	2.005734754762784
93.01666666666665	-2.266783524995958
93.03333333333333	-6.509901638513952
93.04999999999998	-10.607290938864196
93.06666666666666	-14.593518754979755
93.08333333333333	-18.420310480807927
93.1	-22.03068530902567
93.11666666666667	-25.482747318568386
93.13333333333333	-28.580044917789905
93.15	-31.48727453561412
93.16666666666666	-34.145300092304296
93.18333333333332	-36.53470340561165
93.2	-38.56088548629509
93.21666666666665	-40.382680331335735
93.23333333333333	-41.74961550400258
93.24999999999999	-42.718072545763675
93.26666666666665	-43.44325387082131
93.28333333333333	-43.65448804038914
93.29999999999998	-43.59396304622942
93.31666666666666	-43.26570077511076
93.33333333333333	-42.55232870439676
93.35	-41.555369527987466
93.36666666666667	-40.259240160164495
93.38333333333333	-38.587612237274584
93.4	-36.57229902312048
93.41666666666666	-34.32337423517288
93.43333333333332	-31.628809320517746
93.45	-28.637976359735603
93.46666666666665	-25.466294156280924
93.48333333333333	-22.178268548615733
93.49999999999999	-18.573932325633223
93.51666666666665	-14.900458388175593
93.53333333333333	-11.037794354633036
93.54999999999998	-7.217585091093383
93.56666666666666	-3.1907937122778094
93.58333333333333	1.031032630351035
93.6	5.4011778386441165
93.61666666666667	9.641464667609796
93.63333333333333	13.945955360529013
93.65	18.189305179511166
93.66666666666666	22.418885059104355
93.68333333333332	26.438089993273252
93.7	30.40035333390051
93.71666666666665	34.161417895337536
93.73333333333333	37.67210093665494
93.74999999999999	41.19840202897262
93.76666666666665	44.45213800740794
93.78333333333333	47.45878270398299
93.79999999999998	50.2350243243547
93.81666666666666	52.64869574634076
93.83333333333333	54.69767175312518
93.85	56.47574683292373
93.86666666666667	57.904086445375754
93.88333333333333	58.927936337035135
93.9	59.632379075722554
93.91666666666666	60.11214275551339
93.93333333333332	60.3117107429033
93.95	60.141710038886686
93.96666666666665	59.55753354937997
93.98333333333333	58.56610695210912
93.99999999999999	57.2907966863674
94.01666666666665	55.54701401773036
94.03333333333333	53.529528550808436
94.04999999999998	51.24954502291712
94.06666666666666	48.577778227274564
94.08333333333333	45.70019670393003
94.1	42.57598767974963
94.11666666666667	39.33875365332898
94.13333333333333	35.675601209319495
94.15	31.853445311362293
94.16666666666666	27.800235653987613
94.18333333333332	23.6527788682356
94.2	19.435559481155053
94.21666666666665	15.157240282187445
94.23333333333333	10.809197445225152
94.24999999999999	6.4730498359565445
94.26666666666665	2.241151512016245
94.28333333333333	-1.9588745493931583
94.29999999999998	-6.134522607859822
94.31666666666666	-10.34119862808376
94.33333333333333	-14.358540784856814
94.35	-18.276196356421508
94.36666666666667	-22.0200143491478
94.38333333333333	-25.50512061248685
94.4	-28.63888235193582
94.41666666666666	-31.58149770232376
94.43333333333332	-34.23787177739871
94.45	-36.55123290306494
94.46666666666665	-38.55746311542873
94.48333333333333	-40.34170480493708
94.49999999999999	-41.755396751011745
94.51666666666665	-42.76862189849419
94.53333333333333	-43.4983811855314
94.54999999999998	-43.8728855840335
94.56666666666666	-43.78038305587609
94.58333333333333	-43.43947356333433
94.6	-42.67763567030522
94.61666666666667	-41.63000347963589
94.63333333333333	-40.36840652536813
94.65	-38.63812963832504
94.66666666666666	-36.671835752771074
94.68333333333332	-34.4335330838486
94.7	-31.85186192147131
94.71666666666665	-28.932701452466688
94.73333333333333	-25.706200232258823
94.74999999999999	-22.393707290261318
94.76666666666665	-18.794858609399625
94.78333333333333	-15.110851665172959
94.79999999999998	-11.343627335285078
94.81666666666666	-7.398875815748113
94.83333333333333	-3.4062627166371158
94.85	0.6975932337961694
94.86666666666667	4.887761020881669
94.88333333333333	9.143269144125156
94.9	13.431704221410598
94.91666666666666	17.692583864280323
94.93333333333332	21.850419610831977
94.95	25.80896269912978
94.96666666666665	29.72106988315386
94.98333333333333	33.435580519209566
94.99999999999999	36.98580075274526
95.01666666666665	40.39160729017925
95.03333333333333	43.550077530369094
95.04999999999998	46.532675616971915
95.06666666666666	49.31193607280716
95.08333333333333	51.73683954229887
95.1	53.79802565724174
95.11666666666667	55.63910789332101
95.13333333333333	57.10433442163219
95.15	58.36473332644499
95.16666666666666	59.16369973084477
95.18333333333332	59.66399379381892
95.2	59.68379164428836
95.21666666666665	59.56567547266684
95.23333333333333	58.88122091650848
95.24999999999999	57.88517525527487
95.26666666666665	56.65356773312004
95.28333333333333	55.01604784302947
95.29999999999998	53.199875243244605
95.31666666666666	50.92875634316886
95.33333333333333	48.363842963357115
95.35	45.532383364077134
95.36666666666667	42.496505922975985
95.38333333333333	39.21918059319228
95.4	35.69363253311019
95.41666666666666	31.930555916718163
95.43333333333332	27.97629343119445
95.45	23.7929901774163
95.46666666666665	19.576677580858586
95.48333333333333	15.33903441457602
95.49999999999999	11.077701022233441
95.51666666666665	6.747342166172643
95.53333333333333	2.453916101388586
95.54999999999998	-1.7731976061038495
95.56666666666666	-5.895427789491862
95.58333333333333	-9.921488254679332
95.6	-13.827192200548382
95.61666666666667	-17.631900877332328
95.63333333333333	-21.364665193521773
95.65	-24.797134942528942
95.66666666666666	-28.101250782189993
95.68333333333332	-31.14562681942357
95.7	-33.8195480361249
95.71666666666665	-36.231260933447516
95.73333333333333	-38.329952523213876
95.74999999999999	-40.17752473093856
95.76666666666665	-41.629091416506355
95.78333333333333	-42.69523581872636
95.79999999999998	-43.5120335471841
95.81666666666666	-43.94668967366715
95.83333333333333	-43.8731049803535
95.85	-43.58015368952317
95.86666666666667	-42.92495543522398
95.88333333333333	-41.81906177284503
95.9	-40.542471461236914
95.91666666666666	-38.89129333962774
95.93333333333332	-36.81275542566152
95.95	-34.60803764754337
95.96666666666665	-32.120183448005264
95.98333333333333	-29.38689509498147
95.99999999999999	-26.37280210413519
96.01666666666665	-23.177825610888704
96.03333333333333	-19.615496491308363
96.04999999999998	-15.947591316929334
96.06666666666666	-12.026225653409142
96.08333333333333	-8.154666763499506
96.1	-4.172937163914185
96.11666666666667	-0.024725439530016047
96.13333333333333	4.101365131028729
96.15	8.398462518159988
96.16666666666666	12.612869338257383
96.18333333333332	16.79047574986646
96.2	20.90966272633227
96.21666666666665	24.901763639204432
96.23333333333333	28.795699640129783
96.24999999999999	32.57649356272282
96.26666666666665	36.28727126519027
96.28333333333333	39.66145361306985
96.29999999999998	42.822465348739854
96.31666666666666	45.72660751879363
96.33333333333333	48.50554557994752
96.35	50.88421991279654
96.36666666666667	53.120914370156584
96.38333333333333	54.970722850479774
96.4	56.52742230481903
96.41666666666666	57.68843682883869
96.43333333333332	58.54461127528782
96.45	58.95264414448036
96.46666666666665	59.15524337232904
96.48333333333333	58.92011183042962
96.49999999999999	58.47660871882317
96.51666666666665	57.566134903412205
96.53333333333333	56.42746669852096
96.54999999999998	54.782905030206564
96.56666666666666	52.8142941304875
96.58333333333333	50.60508226028753
96.6	48.15898696102363
96.61666666666667	45.40942322612665
96.63333333333333	42.39793771969005
96.65	39.13189281736442
96.66666666666666	35.629365320376564
96.68333333333332	31.98662753368717
96.7	28.055803549798952
96.71666666666665	24.147349436968966
96.73333333333333	20.008142903758483
96.74999999999999	15.803154676255303
96.76666666666665	11.460350108654097
96.78333333333333	7.175240154006929
96.79999999999998	2.792088575380717
96.81666666666666	-1.4632213635186986
96.83333333333333	-5.634550370209695
96.85	-9.634785987943019
96.86666666666667	-13.62338539836992
96.88333333333333	-17.487330901169457
96.9	-21.262629146167
96.91666666666666	-24.651315774145246
96.93333333333332	-27.950480615258016
96.95	-30.860526479409486
96.96666666666665	-33.503979265297346
96.98333333333333	-35.858131367699
96.99999999999999	-37.892132769259774
97.01666666666665	-39.606813568279506
97.03333333333333	-41.137706003371136
97.04999999999998	-42.38655563717663
97.06666666666666	-43.211969939571986
97.08333333333333	-43.679566561843785
97.1	-43.762687229238054
97.11666666666667	-43.51723798825731
97.13333333333333	-42.79235708427751
97.15	-41.81182187754655
97.16666666666666	-40.5388272808151
97.18333333333332	-38.86569363741921
97.2	-37.01790662019198
97.21666666666665	-34.83566487335702
97.23333333333333	-32.35421164609869
97.24999999999999	-29.59809315500695
97.26666666666665	-26.57226570364776
97.28333333333333	-23.357517297081642
97.29999999999998	-19.89803294559971
97.31666666666666	-16.210867437573143
97.33333333333333	-12.432008465674585
97.35	-8.454249055872992
97.36666666666667	-4.437272025121615
97.38333333333333	-0.35952826037578234
97.4	3.81511995470737
97.41666666666666	7.9831195679589655
97.43333333333332	12.13674848752396
97.45	16.409304365216087
97.46666666666665	20.561056233187742
97.48333333333333	24.568735089701022
97.49999999999999	28.51160808138036
97.51666666666665	32.36327889647998
97.53333333333333	35.98557500496645
97.54999999999998	39.35688086378207
97.56666666666666	42.56510904725127
97.58333333333333	45.54500858289157
97.6	48.31827869173685
97.61666666666667	50.78971619496366
97.63333333333333	52.94324350503484
97.65	54.752734367275934
97.66666666666666	56.34590493904227
97.68333333333332	57.57183468622202
97.7	58.51632207481782
97.71666666666665	58.94383457918809
97.73333333333333	59.106435828724045
97.74999999999999	58.994672477206734
97.76666666666665	58.469177867860594
97.78333333333333	57.59031784417698
97.79999999999998	56.43610971429683
97.81666666666666	54.8672820023786
97.83333333333333	52.97241143329228
97.85	50.698665940156445
97.86666666666667	48.319185463327926
97.88333333333333	45.555084203472006
97.9	42.55182009055193
97.91666666666666	39.337404575230266
97.93333333333332	35.77715169698524
97.95	32.14169582351644
97.96666666666665	28.382494616741667
97.98333333333333	24.437569746922236
97.99999999999999	20.328608972617133
98.01666666666665	16.157555344995217
98.03333333333333	11.938605276926523
98.04999999999998	7.5727480056543754
98.06666666666666	3.308314601013535
98.08333333333333	-0.8896856508351902
98.1	-5.117070670270323
98.11666666666667	-9.269032672875767
98.13333333333333	-13.292072647591112
98.15	-17.206609213148795
98.16666666666666	-20.818614966711266
98.18333333333332	-24.28976780000994
98.2	-27.55180891260784
98.21666666666665	-30.540913864746813
98.23333333333333	-33.30828589890143
98.24999999999999	-35.66313409138138
98.26666666666665	-37.810332761211384
98.28333333333333	-39.571673910634445
98.29999999999998	-41.13442198249038
98.31666666666666	-42.34148122031041
98.33333333333333	-43.18193646639992
98.35	-43.67436311053598
98.36666666666667	-43.83214177255741
98.38333333333333	-43.521886980276804
98.4	-43.02147408051803
98.41666666666666	-42.24080418271865
98.43333333333332	-41.00600277450769
98.45	-39.50267746162166
98.46666666666665	-37.57801082207311
98.48333333333333	-35.40396232935734
98.49999999999999	-32.87771302597105
98.51666666666665	-30.163495531788215
98.53333333333333	-27.209676409008466
98.54999999999998	-24.065215210193628
98.56666666666666	-20.655739908376518
98.58333333333333	-17.013981460024695
98.6	-13.345831363755622
98.61666666666667	-9.361957154429774
98.63333333333333	-5.375264781839121
98.65	-1.3033939730125894
98.66666666666666	2.862394616366032
98.68333333333332	7.048036411858504
98.7	11.406117601746018
98.71666666666665	15.605155366748477
98.73333333333333	19.652978371923723
98.74999999999999	23.668982979708233
98.76666666666665	27.64733285951894
98.78333333333333	31.47984748724963
98.79999999999998	35.167913703436625
98.81666666666666	38.64544938424592
98.83333333333333	41.86503535276461
98.85	44.83457432155046
98.86666666666667	47.579419376522594
98.88333333333333	50.10331087510667
98.9	52.44097512637245
98.91666666666666	54.40644164195021
98.93333333333332	55.92649560139091
98.95	57.23589110974217
98.96666666666665	58.28403415751501
98.98333333333333	58.8014835486253
98.99999999999999	59.03945793883594
99.01666666666665	59.04767016281613
99.03333333333333	58.588572834519084
99.04999999999998	57.77505257879335
99.06666666666666	56.5675003144637
99.08333333333333	55.095927572780056
99.1	53.392479241086335
99.11666666666667	51.29880278542919
99.13333333333333	48.792362852835026
99.15	46.04850066755745
99.16666666666666	43.197748087565856
99.18333333333332	40.023767047400554
99.2	36.60523265412445
99.21666666666665	32.91735943191122
99.23333333333333	29.077397435692205
99.24999999999999	25.198542573096233
99.26666666666665	21.163493800016795
99.28333333333333	16.95765906877932
99.29999999999998	12.569494628443294
99.31666666666666	8.360776083009796
99.33333333333333	4.116518164867216
99.35	-0.17364823926345707
99.36666666666667	-4.402097490909114
99.38333333333333	-8.439252561912213
99.4	-12.456465428475099
99.41666666666666	-16.347751566970373
99.43333333333332	-20.106986658561937
99.45	-23.533605889556156
99.46666666666665	-26.738964143152884
99.48333333333333	-29.648501961044076
99.49999999999999	-32.42129907914
99.51666666666665	-34.87181964116667
99.53333333333333	-36.99100825864258
99.54999999999998	-38.75842563717811
99.56666666666666	-40.30759206776446
99.58333333333333	-41.499118178791605
99.6	-42.396746507263174
99.61666666666667	-42.84061144100178
99.63333333333333	-43.00690282231483
99.65	-42.88849238661953
99.66666666666666	-42.38526403811068
99.68333333333332	-41.519606893354535
99.7	-40.375213722513195
99.71666666666665	-38.81483663696679
99.73333333333333	-36.93138314822215
99.74999999999999	-34.78357765727753
99.76666666666665	-32.34025951384615
99.78333333333333	-29.6201929535531
99.79999999999998	-26.627353527872003
99.81666666666666	-23.4604624347337
99.83333333333333	-20.134204740026235
99.85	-16.541878593022375
99.86666666666667	-12.760709423022831
99.88333333333333	-8.814735620654915
99.9	-4.745844354270673
99.91666666666666	-0.6310511211036101
99.93333333333332	3.4873833173992352
99.95	7.623816273280113
99.96666666666665	11.852875243100243
99.98333333333333	15.957084766462572
99.99999999999999	19.962324693168057
100.01666666666665	23.9145519717149
100.03333333333333	27.77182877786106
100.04999999999998	31.530013967555647
100.06666666666666	35.271596325312316
100.08333333333333	38.672671615639274
100.1	41.97051670301738
100.11666666666667	44.92089581296415
100.13333333333333	47.61857550251386
100.15	50.19351294673061
100.16666666666666	52.47665849669693
100.18333333333332	54.426711606677486
100.2	56.03773140670086
100.21666666666665	57.43793701606444
100.23333333333333	58.4147213318829
100.24999999999999	58.99823575398318
100.26666666666665	59.27294906621307
100.28333333333333	59.287229187895946
100.29999999999998	58.78555547855433
100.31666666666666	57.96487111494207
100.33333333333333	56.71557032697956
100.35	55.30569132299274
100.36666666666667	53.54026370885862
100.38333333333333	51.42578192078406
100.4	49.056328310177264
100.41666666666666	46.47264208188966
100.43333333333332	43.535392492356664
100.45	40.386762521357355
100.46666666666665	36.8988395779831
100.48333333333333	33.3000532877935
100.49999999999999	29.496389684764722
100.51666666666665	25.53202257237399
100.53333333333333	21.449953016992765
100.54999999999998	17.338856262192337
100.56666666666666	13.157502889896307
100.58333333333333	8.907515550765083
100.6	4.576188624309395
100.61666666666667	0.3657793738981354
100.63333333333333	-3.7772063831325795
100.65	-7.836252810220401
100.66666666666666	-11.770681358568822
100.68333333333332	-15.57014710909641
100.7	-19.318381751152174
100.71666666666665	-22.727909027521434
100.73333333333333	-26.018039067756263
100.74999999999999	-29.129200052844112
100.76666666666665	-31.93438833453149
100.78333333333333	-34.33093978505855
100.79999999999998	-36.585866775035015
100.81666666666666	-38.48593663380234
100.83333333333333	-40.00958427352202
100.85	-41.34318978605154
100.86666666666667	-42.25132475967837
100.88333333333333	-42.75420179039622
100.9	-42.919871965670154
100.91666666666666	-42.66746021964025
100.93333333333332	-42.201171408307914
100.95	-41.45052572452437
100.96666666666665	-40.29053091486594
100.98333333333333	-38.783028550057566
100.99999999999999	-36.965189025889686
101.01666666666665	-34.75296548906522
101.03333333333333	-32.336307160031765
101.04999999999998	-29.652122092616423
101.06666666666666	-26.663845562847712
101.08333333333333	-23.541857902827473
101.1	-20.242828542569498
101.11666666666667	-16.639235474968473
101.13333333333333	-12.926411056186225
101.15	-8.99457928076464
101.16666666666666	-4.901146595028138
101.18333333333332	-0.7736748391616288
101.2	3.387413521983035
101.21666666666665	7.567517579160949
101.23333333333333	11.708445292938961
101.24999999999999	15.83019228021692
101.26666666666665	19.9076304192281
101.28333333333333	23.80009608450672
101.29999999999998	27.672320745332968
101.31666666666666	31.501378065366282
101.33333333333333	35.1596687565808
101.35	38.62980146157133
101.36666666666667	41.826507826599595
101.38333333333333	44.82904901311804
101.4	47.59411444930265
101.41666666666666	50.20085740425287
101.43333333333332	52.44342677256236
101.45	54.426375933392194
101.46666666666665	56.000788224213125
101.48333333333333	57.453601016270795
101.49999999999999	58.47859697993573
101.51666666666665	58.99660901641289
101.53333333333333	59.338075948880146
101.54999999999998	59.36577724937041
101.56666666666666	58.87452039573145
101.58333333333333	58.14988344053745
101.6	57.17211499585045
101.61666666666667	55.70530034917442
101.63333333333333	53.89747274187994
101.65	51.764227062558234
101.66666666666666	49.43961012845955
101.68333333333332	46.71911121449102
101.7	43.733309871157815
101.71666666666665	40.606168180128634
101.73333333333333	37.29535023907624
101.74999999999999	33.61069071437464
101.76666666666665	29.841594339970243
101.78333333333333	25.86250377240026
101.79999999999998	21.77360695833164
101.81666666666666	17.621867906452962
101.83333333333333	13.404202761713123
101.85	9.242576156051541
101.86666666666667	5.060501719584579
101.88333333333333	0.8723153264643884
101.9	-3.398162796607835
101.91666666666666	-7.468409189748854
101.93333333333332	-11.472222888708416
101.95	-15.343981110696859
101.96666666666665	-19.003253919305052
101.98333333333333	-22.549159653383015
101.99999999999999	-25.763952440853814
102.01666666666665	-28.712086889523675
102.03333333333333	-31.461303191988122
102.04999999999998	-34.012271487083126
102.06666666666666	-36.29229770110123
102.08333333333333	-38.29684759181987
102.1	-39.813108645044906
102.11666666666667	-41.077663862153145
102.13333333333333	-42.12078460896021
102.15	-42.61671074379461
102.16666666666666	-42.82184487996989
102.18333333333332	-42.60802292963683
102.2	-42.21969992920447
102.21666666666665	-41.402063304913895
102.23333333333333	-40.32520095317096
102.24999999999999	-38.84691437653396
102.26666666666665	-37.10055483615281
102.28333333333333	-35.10501222471089
102.29999999999998	-32.73143107890172
102.31666666666666	-30.07168646337334
102.33333333333333	-27.254364601747
102.35	-24.169293301840526
102.36666666666667	-20.805184703626765
102.38333333333333	-17.263891634047866
102.4	-13.560329131972708
102.41666666666666	-9.696565713127711
102.43333333333332	-5.681951221841302
102.45	-1.6041706752027949
102.46666666666665	2.575261005676964
102.48333333333333	6.683083971943574
102.49999999999999	10.834043217722183
102.51666666666665	14.972404420878206
102.53333333333333	18.963941209099858
102.54999999999998	22.952850286315766
102.56666666666666	26.81550967372334
102.58333333333331	30.60934420453293
102.6	34.33265196468932
102.61666666666667	37.79151352585325
102.63333333333333	41.04947539293278
102.65	44.255437633344684
102.66666666666666	47.15116451636584
102.68333333333332	49.66160794390453
102.7	51.94151043656922
102.71666666666665	53.849935280186344
102.73333333333333	55.46850948094493
102.74999999999999	56.7493019167797
102.76666666666665	57.7038755782047
102.78333333333333	58.395704014379874
102.79999999999998	58.71932183350634
102.81666666666666	58.677455209463574
102.83333333333331	58.36003429693403
102.85	57.64779066302731
102.86666666666667	56.6259066625239
102.88333333333333	55.31077025649904
102.9	53.5872885599822
102.91666666666666	51.57360965547508
102.93333333333332	49.346426818630505
102.95	46.682034201826184
102.96666666666665	43.7489085020664
102.98333333333333	40.592634299647784
102.99999999999999	37.3785660917556
103.01666666666665	33.8044492048715
103.03333333333333	30.08862046629781
103.04999999999998	26.255491586742153
103.06666666666666	22.31481037485696
103.08333333333331	18.272261271143975
103.1	14.113284408217964
103.11666666666667	9.930937078298541
103.13333333333333	5.578053512171323
103.15	1.3920451156069475
103.16666666666666	-2.715021724986741
103.18333333333332	-6.701286432523602
103.2	-10.605447213389823
103.21666666666665	-14.466275773159168
103.23333333333333	-18.164072990451245
103.24999999999999	-21.61321555927441
103.26666666666665	-24.825696066417777
103.28333333333333	-27.87181584022221
103.29999999999998	-30.663299727694152
103.31666666666666	-33.29452629181844
103.33333333333331	-35.5725751114432
103.35	-37.548749205161016
103.36666666666667	-39.226990726768406
103.38333333333333	-40.53232432486482
103.4	-41.501295515766856
103.41666666666666	-42.09280441114339
103.43333333333332	-42.40785325193781
103.45	-42.402575065075666
103.46666666666665	-41.98005282187114
103.48333333333333	-41.220042172193985
103.49999999999999	-40.25250598982541
103.51666666666665	-38.79893776525273
103.53333333333333	-37.075955257288
103.54999999999998	-35.07658727528025
103.56666666666666	-32.6448444860921
103.58333333333331	-29.937861681142977
103.6	-26.98003317627183
103.61666666666667	-23.771692762714224
103.63333333333333	-20.509127956494353
103.65	-17.18395418760923
103.66666666666666	-13.621010947087143
103.68333333333332	-9.848421442203062
103.7	-5.850464449828564
103.71666666666665	-1.7401365902551902
103.73333333333333	2.422624882831485
103.74999999999999	6.571430162976526
103.76666666666665	10.720108298108471
103.78333333333333	14.843283677446152
103.79999999999998	18.818842486740095
103.81666666666666	22.72051371304417
103.83333333333331	26.519796883481263
103.85	30.31379374978394
103.86666666666667	33.86403552429829
103.88333333333333	37.462320136410256
103.9	40.77600318320515
103.91666666666666	43.86042509646302
103.93333333333332	46.70218560270973
103.95	49.37864203256845
103.96666666666665	51.576727879119744
103.98333333333333	53.53758693854434
103.99999999999999	55.274099927118186
104.01666666666665	56.57534711390383
104.03333333333333	57.586928382696044
104.04999999999998	58.43159274677612
104.06666666666666	58.80000138299533
104.08333333333331	58.80297037209823
104.1	58.58257305107281
104.11666666666667	57.87924317023476
104.13333333333333	56.81210579643658
104.15	55.41902926153
104.16666666666666	53.65094498194753
104.18333333333332	51.61645603265606
104.2	49.374632549489434
104.21666666666665	46.81813681950047
104.23333333333333	43.96625110611387
104.24999999999999	40.820489149089894
104.26666666666665	37.48600706846099
104.28333333333333	33.9580634596245
104.29999999999998	30.201967324902284
104.31666666666666	26.38417018762226
104.33333333333331	22.38777921514304
104.35	18.363531498938983
104.36666666666667	14.24156443493871
104.38333333333333	10.130529413886222
104.4	5.946170555971207
104.41666666666666	1.664191815988488
104.43333333333332	-2.51414327867775
104.45	-6.580650298294302
104.46666666666665	-10.58248609667669
104.48333333333333	-14.507499841163792
104.49999999999999	-18.234023216914522
104.51666666666665	-21.65226912064452
104.53333333333333	-24.86680079426958
104.54999999999998	-27.793136516657114
104.56666666666666	-30.567096144905122
104.58333333333331	-33.16656419574167
104.6	-35.46755084205927
104.61666666666667	-37.43338079969948
104.63333333333333	-39.191101295097155
104.65	-40.585707588769196
104.66666666666666	-41.531861839217584
104.68333333333332	-42.2196387649592
104.7	-42.49246492254417
104.71666666666665	-42.3995341501776
104.73333333333333	-42.0155559589241
104.74999999999999	-41.35915650532161
104.76666666666665	-40.34408568021172
104.78333333333333	-39.08805618352966
104.79999999999998	-37.41999863949695
104.81666666666666	-35.45490419317446
104.83333333333331	-33.26341544403954
104.85	-30.645492079316114
104.86666666666667	-27.758653670542913
104.88333333333333	-24.617113327891957
104.9	-21.345512076493662
104.91666666666666	-17.794505443599803
104.93333333333332	-14.117206986815745
104.95	-10.421949121142234
104.96666666666665	-6.498457184043559
104.98333333333333	-2.5315484124704426
104.99999999999999	1.5257127355583862
105.01666666666665	5.691125263425647
105.03333333333333	9.764602895183145
105.04999999999998	13.850786468875867
105.06666666666666	17.865394339526063
105.08333333333331	21.84463834653684
105.1	25.741208364264025
105.11666666666667	29.553319054599342
105.13333333333333	33.24631928995689
105.15	36.73143972697278
105.16666666666666	40.04355184570983
105.18333333333332	43.246842218672725
105.2	46.19043664374601
105.21666666666665	48.77874574496843
105.23333333333333	51.16042844033268
105.24999999999999	53.27109133319652
105.26666666666665	54.959271409592134
105.28333333333333	56.352064521097645
105.29999999999998	57.393352660762105
105.31666666666666	58.08155799965516
105.33333333333331	58.51907783850464
105.35	58.58631814642308
105.36666666666667	58.32100000737648
105.38333333333333	57.68154071810926
105.4	56.700204967693935
105.41666666666666	55.424214943618495
105.43333333333332	53.73988369921847
105.45	51.75290021927509
105.46666666666665	49.48093323691137
105.48333333333333	46.8746539254704
105.49999999999999	44.09412570640433
105.51666666666665	41.085226585626174
105.53333333333333	37.724316206583694
105.54999999999998	34.32490514077
105.56666666666666	30.586362135289733
105.58333333333331	26.69853423422535
105.6	22.686758710972867
105.61666666666667	18.64212370555731
105.63333333333333	14.442987237892453
105.65	10.32857170962302
105.66666666666666	6.177983418655117
105.68333333333332	2.051335280937792
105.7	-2.0378330630999812
105.71666666666665	-6.203481781957407
105.73333333333333	-10.266292586562884
105.74999999999999	-14.14069788266653
105.76666666666665	-17.779452522594283
105.78333333333333	-21.31180362116993
105.79999999999998	-24.55408699618141
105.81666666666666	-27.526125729026603
105.83333333333331	-30.38437643705845
105.85	-32.894758228135345
105.86666666666667	-35.09761295482264
105.88333333333333	-37.182895596709216
105.9	-38.894659979171365
105.91666666666666	-40.14730253807454
105.93333333333332	-41.27250211872172
105.95	-42.01896866835756
105.96666666666665	-42.335320814881584
105.98333333333333	-42.39710604941445
105.99999999999999	-42.15005307861628
106.01666666666665	-41.41199603555674
106.03333333333333	-40.43071306620618
106.04999999999998	-39.107226762757136
106.06666666666666	-37.39354903645972
106.08333333333331	-35.42621864333762
106.1	-33.25555260433839
106.11666666666667	-30.71025168218165
106.13333333333333	-27.972077640495286
106.15	-24.837890139378203
106.16666666666666	-21.570713374829666
106.18333333333332	-18.16832319160335
106.2	-14.605417772406781
106.21666666666665	-10.780839450362294
106.23333333333333	-6.837768348355382
106.24999999999999	-2.766878282589346
106.26666666666665	1.3220211628940888
106.28333333333333	5.437171384592432
106.29999999999998	9.496500742852277
106.31666666666666	13.56554070363245
106.33333333333331	17.572508202522386
106.35	21.582290152196663
106.36666666666667	25.48997363636869
106.38333333333333	29.288389554121068
106.4	32.883444991608144
106.41666666666666	36.3240698689566
106.43333333333332	39.56149048443683
106.45	42.65326605469875
106.46666666666665	45.497745382832875
106.48333333333333	48.088848222248316
106.49999999999999	50.50916824681809
106.51666666666665	52.49324313011607
106.53333333333333	54.26841645218144
106.54999999999998	55.65492960183383
106.56666666666666	56.667702350904165
106.58333333333331	57.46403269286907
106.6	57.81120802738906
106.61666666666667	57.82176046539837
106.63333333333333	57.57831446051557
106.65	57.02474429906863
106.66666666666666	56.22585952885083
106.68333333333332	55.004246183287364
106.7	53.50621247723194
106.71666666666665	51.515891646034106
106.73333333333333	49.358524569173824
106.74999999999999	46.813815101956266
106.76666666666665	44.09663617794149
106.78333333333333	41.20555098184457
106.79999999999998	37.939734709423306
106.81666666666666	34.43334684690137
106.83333333333331	30.761146527505502
106.85	26.97411302265448
106.86666666666667	22.92345746841852
106.88333333333333	18.780428862252677
106.9	14.612771677361195
106.91666666666666	10.489550534677392
106.93333333333332	6.359128874450903
106.95	2.263298492174954
106.96666666666665	-1.7488539994550365
106.98333333333333	-5.765588554477631
106.99999999999999	-9.709284789031528
107.01666666666665	-13.529573108718239
107.03333333333333	-17.31838071313581
107.04999999999998	-20.759789014036414
107.06666666666666	-24.08549128336773
107.08333333333331	-27.276463524325777
107.1	-30.140490590116542
107.11666666666667	-32.681869183412516
107.13333333333333	-34.96992163650941
107.15	-36.83843488595642
107.16666666666666	-38.49195076888566
107.18333333333332	-39.83529453069434
107.2	-40.801377196238604
107.21666666666665	-41.535144137611894
107.23333333333333	-41.84621032412048
107.24999999999999	-41.800691064930504
107.26666666666665	-41.49841395661019
107.28333333333333	-40.81951531530092
107.29999999999998	-39.790356019257274
107.31666666666666	-38.538981537222185
107.33333333333331	-37.00358029088329
107.35	-35.19982886690559
107.36666666666667	-33.06326063607315
107.38333333333333	-30.634555883834707
107.4	-27.935218528296673
107.41666666666666	-24.87331527673564
107.43333333333332	-21.616639222346578
107.45	-18.241964556307437
107.46666666666665	-14.67135883149615
107.48333333333333	-10.929721450076386
107.49999999999999	-7.085759743878896
107.51666666666665	-3.2441116684258304
107.53333333333333	0.710010122318181
107.54999999999998	4.746236387830493
107.56666666666666	8.764993762544123
107.58333333333331	12.76923794293117
107.6	16.77607731129308
107.61666666666667	20.735471954243394
107.63333333333333	24.628299128882077
107.65	28.4499554828825
107.66666666666666	32.09529680413539
107.68333333333332	35.623298633815466
107.7	38.85508711362371
107.71666666666665	41.82279198870458
107.73333333333333	44.622970572691315
107.74999999999999	47.298393436206766
107.76666666666665	49.618771583130524
107.78333333333333	51.64797685315898
107.79999999999998	53.449225201228614
107.81666666666666	54.83225260969573
107.83333333333331	55.85262052660528
107.85	56.610243556718956
107.86666666666667	57.163057311643
107.88333333333333	57.3710419854375
107.9	57.14387020291133
107.91666666666666	56.67139778064711
107.93333333333332	55.69240609378113
107.95	54.54092923523626
107.96666666666665	52.943299126086345
107.98333333333333	51.04167349600107
107.99999999999999	48.870662119314716
108.01666666666665	46.46366714273387
108.03333333333333	43.681366914038506
108.04999999999998	40.695409829973414
108.06666666666666	37.53810799394148
108.08333333333331	34.18302607493848
108.1	30.625049323782378
108.11666666666667	26.8328408071539
108.13333333333333	22.855720833901955
108.15	18.775820756690052
108.16666666666666	14.688054765802008
108.18333333333332	10.547640196796578
108.2	6.425245106319721
108.21666666666665	2.3250912138132662
108.23333333333333	-1.7446635331939433
108.24999999999999	-5.721097607836043
108.26666666666665	-9.634633686075233
108.28333333333333	-13.482718043229056
108.29999999999998	-17.194270646834184
108.31666666666666	-20.67785486443006
108.33333333333331	-23.92013595856207
108.35	-26.93043584133835
108.36666666666667	-29.689817644580273
108.38333333333333	-32.36049274550919
108.4	-34.60751560372364
108.41666666666666	-36.592060297009766
108.43333333333332	-38.366148036672996
108.45	-39.73291688303755
108.46666666666665	-40.71939257782469
108.48333333333333	-41.49571807919142
108.49999999999999	-41.8575160753702
108.51666666666665	-41.807976801332586
108.53333333333333	-41.572551985912185
108.54999999999998	-40.972366380064614
108.56666666666666	-39.91834385092653
108.58333333333331	-38.600380390246585
108.6	-37.055651038884434
108.61666666666667	-35.25524652516742
108.63333333333333	-33.216561567063195
108.65	-30.7036206651336
108.66666666666666	-28.054125798080122
108.68333333333332	-25.241876712988528
108.7	-22.116244719421047
108.71666666666665	-18.72083538233875
108.73333333333333	-15.256536920434996
108.74999999999999	-11.512838629566772
108.76666666666665	-7.648353384852385
108.78333333333333	-3.658272135971174
108.79999999999998	0.37878049955043025
108.81666666666666	4.435056783375444
108.83333333333331	8.463442966105276
108.85	12.518664165922758
108.86666666666667	16.521322292153457
108.88333333333333	20.497982645870763
108.9	24.400621965164305
108.91666666666666	28.184960353808208
108.93333333333332	31.82957736882338
108.95	35.281519735940265
108.96666666666665	38.57620468636986
108.98333333333333	41.62068208129915
108.99999999999999	44.53727093677668
109.01666666666665	47.09494444534221
109.03333333333333	49.526001888670976
109.04999999999998	51.56524311784426
109.06666666666666	53.396902742534394
109.08333333333331	54.80781698606825
109.1	55.98049781556239
109.11666666666667	56.688156911937654
109.13333333333333	57.278433069497225
109.15	57.46506094043593
109.16666666666666	57.334829036709834
109.18333333333332	56.73076540744586
109.2	55.86890376767957
109.21666666666665	54.60918536461253
109.23333333333333	53.197308558357236
109.24999999999999	51.44004215708242
109.26666666666665	49.36956765901704
109.28333333333333	46.92495905501414
109.29999999999998	44.233279276323515
109.31666666666666	41.35483069645579
109.33333333333331	38.19385914142282
109.35	34.7707838969298
109.36666666666667	31.262454805876246
109.38333333333333	27.506587614390696
109.4	23.623203901303214
109.41666666666666	19.625821895450258
109.43333333333332	15.563795117833934
109.45	11.435125003785629
109.46666666666665	7.339136957428934
109.48333333333333	3.2120838567798273
109.49999999999999	-0.8551466814852233
109.51666666666665	-4.829553091593198
109.53333333333333	-8.739835233961458
109.54999999999998	-12.522050954229883
109.56666666666666	-16.271060825244092
109.58333333333331	-19.76539936278499
109.6	-23.120371102947047
109.61666666666667	-26.31213792808643
109.63333333333333	-29.283051415165005
109.65	-31.91559398585997
109.66666666666666	-34.202631990728094
109.68333333333332	-36.348607389145855
109.7	-38.10519001740511
109.71666666666665	-39.56178648234868
109.73333333333333	-40.61481862808546
109.74999999999999	-41.38625481227001
109.76666666666665	-41.77095090665995
109.78333333333333	-41.81462780673519
109.79999999999998	-41.58243082676637
109.81666666666666	-41.03844432809149
109.83333333333331	-40.29425656332421
109.85	-39.069755106204354
109.86666666666667	-37.566282704404216
109.88333333333333	-35.700199660401154
109.9	-33.51426737052361
109.91666666666666	-31.144553167611093
109.93333333333332	-28.504597560849277
109.95	-25.58280469580626
109.96666666666665	-22.437651031396967
109.98333333333333	-19.216844296290844
109.99999999999999	-15.60003439549007
110.01666666666665	-11.932302023578018
110.03333333333333	-8.084758723051152
110.04999999999998	-4.206930175221487
110.06666666666666	-0.29121290886303086
110.08333333333331	3.697862737289256
110.1	7.720985470324138
110.11666666666667	11.719422718467854
110.13333333333333	15.7241674261831
110.15	19.698784498171392
110.16666666666666	23.582263250658116
110.18333333333332	27.408988210016332
110.2	31.08547434556158
110.21666666666665	34.60319722251012
110.23333333333333	37.919500535736574
110.24999999999999	40.94623204920606
110.26666666666665	43.75100347483499
110.28333333333333	46.44425997608573
110.29999999999998	48.76445434446589
110.31666666666666	50.77895775231582
110.33333333333331	52.58084851520732
110.35	54.16225670089176
110.36666666666667	55.43897357875562
110.38333333333333	56.37912395138005
110.4	56.82217486664746
110.41666666666666	56.993633752092705
110.43333333333332	56.74116240292528
110.45	56.358841234706006
110.46666666666665	55.53259821830454
110.48333333333333	54.418781583461964
110.49999999999999	52.84563626398551
110.51666666666665	51.13527988121473
110.53333333333333	49.12504572913059
110.54999999999998	46.72711922754087
110.56666666666666	44.14435169425701
110.58333333333331	41.364738259111505
110.6	38.339285477618375
110.61666666666667	34.91219442188162
110.63333333333333	31.387841560550555
110.65	27.63108214645422
110.66666666666666	23.756968112010554
110.68333333333332	19.73354880132331
110.7	15.686741317221049
110.71666666666665	11.55300814795305
110.73333333333333	7.445990398147217
110.74999999999999	3.4142635317768963
110.76666666666665	-0.6518741333067624
110.78333333333333	-4.63300877199589
110.79999999999998	-8.584098828627987
110.81666666666666	-12.437309127186609
110.83333333333331	-16.194239233734095
110.85	-19.653403159418644
110.86666666666667	-22.9720347138624
110.88333333333333	-26.089248290980777
110.9	-28.994067208172567
110.91666666666666	-31.495150507311052
110.93333333333332	-33.854184114926454
110.95	-35.83589984451419
110.96666666666665	-37.5790886344281
110.98333333333333	-39.0694279189554
110.99999999999999	-40.25500617685378
111.01666666666665	-41.103717188169014
111.03333333333333	-41.6508819533214
111.04999999999998	-41.69799191254634
111.06666666666666	-41.50104983521078
111.08333333333331	-41.001941352632514
111.1	-40.19862115133947
111.11666666666667	-39.04614705357392
111.13333333333333	-37.61185387711578
111.15	-35.775621677055256
111.16666666666666	-33.59191095865475
111.18333333333332	-31.30385371254698
111.2	-28.583820843922922
111.21666666666665	-25.68205135238344
111.23333333333333	-22.5840336134454
111.24999999999999	-19.32078678687742
111.26666666666665	-15.74781493126477
111.28333333333333	-12.1468613576194
111.29999999999998	-8.37161302701054
111.31666666666666	-4.513221103924593
111.33333333333331	-0.5062614124650509
111.35	3.5059775759779086
111.36666666666667	7.532118391673976
111.38333333333333	11.564599732965803
111.4	15.596572443880405
111.41666666666666	19.542432945569544
111.43333333333332	23.47481029208768
111.45	27.28148856115115
111.46666666666665	30.89647040462944
111.48333333333333	34.42034558270382
111.49999999999999	37.695888385391015
111.51666666666665	40.79579586646554
111.53333333333333	43.6623907077435
111.54999999999998	46.35888773290458
111.56666666666666	48.68747935188924
111.58333333333331	50.73921803806047
111.6	52.59073758101829
111.61666666666667	54.09173381745603
111.63333333333333	55.45533007965048
111.65	56.371975840786945
111.66666666666666	56.84401804958554
111.68333333333332	57.06126995874439
111.7	57.149293581435415
111.71666666666665	56.696103728759
111.73333333333333	55.844854613285975
111.74999999999999	54.67696634041863
111.76666666666665	53.26037168207074
111.78333333333333	51.562062127448144
111.79999999999998	49.54132713395461
111.81666666666666	47.22213308974881
111.83333333333331	44.671862505417494
111.85	41.735589468620105
111.86666666666667	38.633803003918274
111.88333333333333	35.36383040148439
111.9	31.815884165304283
111.91666666666666	28.127928383798576
111.93333333333332	24.368394371812315
111.95	20.472439097305255
111.96666666666665	16.428087339108572
111.98333333333333	12.41547535824509
111.99999999999999	8.373034451130309
112.01666666666665	4.277301556521877
112.03333333333333	0.2747441299881075
112.04999999999998	-3.7601200173663756
112.06666666666666	-7.686194761217848
112.08333333333331	-11.530815279740182
112.1	-15.311551526229891
112.11666666666667	-18.80720054336507
112.13333333333333	-22.227374991344163
112.15	-25.350518353907773
112.16666666666666	-28.31177276096207
112.18333333333332	-31.0283548460701
112.2	-33.43424706735851
112.21666666666665	-35.50119256627033
112.23333333333333	-37.37244335662956
112.24999999999999	-38.845699770238014
112.26666666666665	-39.9950256394319
112.28333333333333	-40.667819233676255
112.29999999999998	-41.205808718728406
112.31666666666666	-41.406338945297875
112.33333333333331	-41.28340448368408
112.35	-40.74821977417287
112.36666666666667	-39.9053785925048
112.38333333333333	-38.70236006669006
112.4	-37.26883804581951
112.41666666666666	-35.513133683422836
112.43333333333332	-33.476464887427994
112.45	-31.163183817485958
112.46666666666665	-28.550502920100257
112.48333333333333	-25.632054672028403
112.49999999999999	-22.564196583395074
112.51666666666665	-19.364295239604758
112.53333333333333	-15.80436889674479
112.54999999999998	-12.239714293720453
112.56666666666666	-8.533531868585612
112.58333333333331	-4.617567993149294
112.6	-0.6333439028082921
112.61666666666667	3.372084469254389
112.63333333333333	7.424313914043978
112.65	11.45162272248109
112.66666666666666	15.46157949966232
112.68333333333332	19.444100188329912
112.7	23.37631432264095
112.71666666666665	27.210580514306116
112.73333333333333	30.794532932471895
112.74999999999999	34.346799532540615
112.76666666666665	37.59290135142072
112.78333333333333	40.70625971107768
112.79999999999998	43.61594148722651
112.81666666666666	46.316948835545816
112.83333333333331	48.65703452627582
112.85	50.70179617253757
112.86666666666667	52.55608565348143
112.88333333333333	54.10281301029886
112.9	55.44556192687725
112.91666666666666	56.38826933076882
112.93333333333332	56.99714443523624
112.95	57.180404783584095
112.96666666666665	57.21534219136248
112.98333333333333	56.76912579996139
112.99999999999999	55.968752405252985
113.01666666666665	54.79605589201532
113.03333333333333	53.386960778000116
113.04999999999998	51.65014995175733
113.06666666666666	49.64275836753916
113.08333333333331	47.386564180957635
113.1	44.81501964962359
113.11666666666667	41.98426468183493
113.13333333333333	38.83774361232139
113.15	35.52834621290151
113.16666666666666	32.063199445084365
113.18333333333332	28.461670215579602
113.2	24.64382290116282
113.21666666666665	20.685867783357708
113.23333333333333	16.659089889269353
113.24999999999999	12.604472215503165
113.26666666666665	8.526226726642165
113.28333333333333	4.435478343622435
113.29999999999998	0.40531334978714995
113.31666666666666	-3.60758037316117
113.33333333333331	-7.572122432949982
113.35	-11.404006771986928
113.36666666666667	-15.181773782309733
113.38333333333333	-18.65316070018207
113.4	-22.010443843507915
113.41666666666666	-25.265750047550114
113.43333333333332	-28.25257001220234
113.45	-30.863328974002002
113.46666666666665	-33.290297511327594
113.48333333333333	-35.44027855306922
113.49999999999999	-37.24206666640134
113.51666666666665	-38.71692679337923
113.53333333333333	-39.909611178102864
113.54999999999998	-40.62155135089699
113.56666666666666	-41.19570987837358
113.58333333333331	-41.442100762488394
113.6	-41.325076317696244
113.61666666666667	-40.795215463119064
113.63333333333333	-40.03231002524069
113.65	-39.00388295219079
113.66666666666666	-37.5957924165765
113.68333333333332	-35.86352164257869
113.7	-33.73301650655719
113.71666666666665	-31.422826493231582
113.73333333333333	-28.78278947051382
113.74999999999999	-25.90145997442073
113.76666666666665	-22.80266287458352
113.78333333333333	-19.528417699621855
113.79999999999998	-16.17624372408909
113.81666666666666	-12.604448954416114
113.83333333333331	-8.802770754469691
113.85	-4.9142789032925975
113.86666666666667	-0.8998637291745126
113.88333333333333	3.1954435024974828
113.9	7.258431956764753
113.91666666666666	11.298893230814883
113.93333333333332	15.33161466928243
113.95	19.319897606796644
113.96666666666665	23.15487505686417
113.98333333333333	26.87504152721226
113.99999999999999	30.495594940558703
114.01666666666665	34.01249504427494
114.03333333333333	37.46860691647851
114.04999999999998	40.55995366508171
114.06666666666666	43.48428040423926
114.08333333333331	46.18527407276201
114.1	48.58728292898212
114.11666666666667	50.621885679539446
114.13333333333333	52.49175562265884
114.15	54.042446089104374
114.16666666666666	55.40561126793682
114.18333333333332	56.39341480100046
114.2	57.07912945096052
114.21666666666665	57.40720435663303
114.23333333333333	57.40847891711189
114.24999999999999	56.9204706838043
114.26666666666665	56.20232265898437
114.28333333333333	55.22965678960895
114.29999999999998	53.77112368987997
114.31666666666666	52.08829741068996
114.33333333333331	50.209071897599756
114.35	47.91506044264827
114.36666666666667	45.36826461779356
114.38333333333333	42.541019824354066
114.4	39.52221851862441
114.41666666666666	36.26019200716371
114.43333333333332	32.71691962908028
114.45	29.107375081668806
114.46666666666665	25.398392467694066
114.48333333333333	21.49569501559006
114.49999999999999	17.527244185513553
114.51666666666665	13.505100675767721
114.53333333333333	9.41708249942917
114.54999999999998	5.342306157954056
114.56666666666666	1.281245835052232
114.58333333333331	-2.7276577817548286
114.6	-6.685777172004123
114.61666666666667	-10.5565589985124
114.63333333333333	-14.316411331761117
114.65	-17.77456144398809
114.66666666666666	-21.189782378431914
114.68333333333332	-24.382455338262275
114.7	-27.37112300107492
114.71666666666665	-30.11786838772298
114.73333333333333	-32.60124506644803
114.74999999999999	-34.712501553953246
114.76666666666665	-36.52830729349182
114.78333333333333	-38.10531806916788
114.79999999999998	-39.41402501405031
114.81666666666666	-40.31090757073531
114.83333333333331	-40.81124760162288
114.85	-41.07341612075493
114.86666666666667	-41.105398260049924
114.88333333333333	-40.674971635101656
114.9	-39.90207834938167
114.91666666666666	-38.75054967965673
114.93333333333332	-37.38566377010386
114.95	-35.632839503809805
114.96666666666665	-33.603178410584064
114.98333333333333	-31.371508506040186
114.99999999999999	-28.78812536058865
115.01666666666665	-26.054709460025208
115.03333333333333	-23.16478054385948
115.04999999999998	-19.911925758553537
115.06666666666666	-16.506592776866455
115.08333333333331	-12.932463629548579
115.1	-9.183149116366565
115.11666666666667	-5.421122585376224
115.13333333333333	-1.4756910759749644
115.15	2.504589587842702
115.16666666666666	6.48901810938969
115.18333333333332	10.486348517225906
115.2	14.493181020326347
115.21666666666665	18.46207461224111
115.23333333333333	22.346416862729143
115.24999999999999	26.120925854695543
115.26666666666665	29.742855638537435
115.28333333333333	33.30634318108366
115.29999999999998	36.62622678419518
115.31666666666666	39.694947684986175
115.33333333333331	42.651089756348256
115.35	45.40767631763106
115.36666666666667	47.77396405343973
115.38333333333333	49.90579588572223
115.4	51.73155907600153
115.41666666666666	53.315197502175295
115.43333333333332	54.61738446025868
115.45	55.58434500867861
115.46666666666665	56.23532243936927
115.48333333333333	56.58834863458384
115.49999999999999	56.58870493092701
115.51666666666665	56.25313564818998
115.53333333333333	55.57783506775911
115.54999999999998	54.56800356296992
115.56666666666666	53.269557801071414
115.58333333333331	51.63998453946283
115.6	49.64973344117806
115.61666666666667	47.43351042189465
115.63333333333333	44.93892874891998
115.65	42.19082586150898
115.66666666666666	39.27189368891936
115.68333333333332	36.05172119382627
115.7	32.63804334786698
115.71666666666665	29.067805591417027
115.73333333333333	25.41604328940275
115.74999999999999	21.515474672589733
115.76666666666665	17.53422365792909
115.78333333333333	13.522870374905438
115.79999999999998	9.463370892145349
115.81666666666666	5.405590615216056
115.83333333333331	1.3817570972478848
115.85	-2.6046612047556437
115.86666666666667	-6.55766493165072
115.88333333333333	-10.404825390854171
115.9	-14.228933354764536
115.91666666666666	-17.712589954531722
115.93333333333332	-21.17675155555196
115.95	-24.32945799011395
115.96666666666665	-27.335032044297918
115.98333333333333	-30.13455124827641
115.99999999999999	-32.48940383555578
116.01666666666665	-34.7004565603508
116.03333333333333	-36.528334249491365
116.04999999999998	-38.1113092405227
116.06666666666666	-39.3951752533917
116.08333333333331	-40.38404047108514
116.1	-40.961651035999466
116.11666666666667	-41.17955512354797
116.13333333333333	-41.185579501242614
116.15	-40.73180931676234
116.16666666666666	-40.02765966165697
116.18333333333332	-39.104264986654925
116.2	-37.75151210968363
116.21666666666665	-36.12891143257099
116.23333333333333	-34.25241418500491
116.24999999999999	-31.99485314060945
116.26666666666665	-29.402396669425116
116.28333333333333	-26.605209438146517
116.29999999999998	-23.597741969313574
116.31666666666666	-20.42411995671017
116.33333333333331	-17.070662971310412
116.35	-13.552300458311777
116.36666666666667	-9.876011376625911
116.38333333333333	-6.055657131488033
116.4	-2.2386391037435374
116.41666666666666	1.6453254744693595
116.43333333333332	5.643667637774115
116.45	9.636796854746194
116.46666666666665	13.592788667784816
116.48333333333333	17.59102636132957
116.49999999999999	21.440163311498395
116.51666666666665	25.22130850345718
116.53333333333333	28.89000890077773
116.54999999999998	32.43507706101752
116.56666666666666	35.709755232757175
116.58333333333331	38.8568598173141
116.6	41.72121055289426
116.61666666666667	44.46630725216005
116.63333333333333	46.93174713083681
116.65	49.10793716800629
116.66666666666666	51.10937424065537
116.68333333333332	52.71889839736207
116.7	54.04918503247575
116.71666666666665	55.17937097944264
116.73333333333333	55.87333673734736
116.74999999999999	56.233303480414975
116.76666666666665	56.32566318547276
116.78333333333333	56.02891627640423
116.79999999999998	55.43385099673844
116.81666666666666	54.48002983248222
116.83333333333331	53.24938690218744
116.85	51.601238267625035
116.86666666666667	49.650899282193166
116.88333333333333	47.515332107048266
116.9	45.08383301381434
116.91666666666666	42.41256672484019
116.93333333333332	39.43838746620963
116.95	36.27296146550998
116.96666666666665	32.850119451263026
116.98333333333333	29.332119802865463
116.99999999999999	25.56499627122912
117.01666666666665	21.665922032370474
117.03333333333333	17.692435846405886
117.04999999999998	13.679827592729794
117.06666666666666	9.628424366949446
117.08333333333331	5.553783475083151
117.1	1.507800597285268
117.11666666666667	-2.5217138334471656
117.13333333333333	-6.46311164144106
117.15	-10.292752515021675
117.16666666666666	-14.052400804323497
117.18333333333332	-17.58664126538349
117.2	-20.912899115791447
117.21666666666665	-24.07501005406857
117.23333333333333	-27.098136668814618
117.24999999999999	-29.809363907718534
117.26666666666665	-32.257434500697514
117.28333333333333	-34.500869866195444
117.29999999999998	-36.372269539175704
117.31666666666666	-37.99006104532083
117.33333333333331	-39.173570968965464
117.35	-40.165424693793454
117.36666666666667	-40.76365214046416
117.38333333333333	-41.028366824036084
117.4	-41.09956827738063
117.41666666666666	-40.790826237712395
117.43333333333332	-40.041075936262246
117.45	-39.148523643605756
117.46666666666665	-37.813689365147184
117.48333333333333	-36.22011991959636
117.49999999999999	-34.29414400011643
117.51666666666665	-32.141673339903946
117.53333333333333	-29.651470177001215
117.54999999999998	-26.86394538336674
117.56666666666666	-23.870748853705095
117.58333333333331	-20.64778227908431
117.6	-17.327374087479257
117.61666666666667	-13.795649136699808
117.63333333333333	-10.03988313238142
117.65	-6.362916415772929
117.66666666666666	-2.5079430239464955
117.68333333333332	1.453024884873571
117.7	5.445261480803765
117.71666666666665	9.398974769250401
117.73333333333333	13.410491621924962
117.74999999999999	17.374030811415253
117.76666666666665	21.2087847719813
117.78333333333333	25.032177947564037
117.79999999999998	28.76284680891854
117.81666666666666	32.25884890135717
117.83333333333331	35.62072926236476
117.85	38.78459584828329
117.86666666666667	41.68109967937107
117.88333333333333	44.41073607120484
117.9	46.82250985357075
117.91666666666666	49.020028369497254
117.93333333333332	51.09980663807073
117.95	52.74803292707497
117.96666666666665	54.074764537211195
117.98333333333333	55.21588616047245
117.99999999999999	55.963313056988284
118.01666666666665	56.29930063832177
118.03333333333333	56.35580815992557
118.04999999999998	56.13671335676224
118.06666666666666	55.532399206356956
118.08333333333331	54.58729568294723
118.1	53.364758539494346
118.11666666666667	51.76255186844628
118.13333333333333	49.80349263240669
118.15	47.62039581843578
118.16666666666666	45.247195930730356
118.18333333333332	42.52875130443829
118.2	39.574174179768534
118.21666666666665	36.45179932290853
118.23333333333333	33.13819788150977
118.24999999999999	29.57496987179934
118.26666666666665	25.792961675181346
118.28333333333333	21.95239525986642
118.29999999999998	17.940060543534344
118.31666666666666	13.884993620152159
118.33333333333331	9.792099634218857
118.35	5.749813082322817
118.36666666666667	1.699577407299671
118.38333333333333	-2.315977321303535
118.4	-6.3081823742575125
118.41666666666666	-10.13661956658541
118.43333333333332	-13.887130423142992
118.45	-17.36191190187685
118.46666666666665	-20.721980105463444
118.48333333333333	-23.80191793407232
118.49999999999999	-26.682560205337438
118.51666666666665	-29.43912485254532
118.53333333333333	-31.81448355937539
118.54999999999998	-33.93751289860808
118.56666666666666	-35.76690626070456
118.58333333333331	-37.42045525746727
118.6	-38.63417504185361
118.61666666666667	-39.59619849462945
118.63333333333333	-40.32820018904488
118.65	-40.577857228109565
118.66666666666666	-40.563519160176725
118.68333333333332	-40.273065570967276
118.7	-39.57851571325648
118.71666666666665	-38.601911879867885
118.73333333333333	-37.41421939619431
118.74999999999999	-35.71314561469819
118.76666666666665	-33.815000745485065
118.78333333333333	-31.608856710812233
118.79999999999998	-29.247193627631987
118.81666666666666	-26.52864451111111
118.83333333333331	-23.625538229188408
118.85	-20.519583870235238
118.86666666666667	-17.270076299189554
118.88333333333333	-13.76403056319407
118.9	-10.174665539364412
118.91666666666666	-6.47292449246612
118.93333333333332	-2.6525329687704016
118.95	1.3328774864313573
118.96666666666665	5.29278152132872
118.98333333333333	9.328764327049669
118.99999999999999	13.305798921626206
119.01666666666665	17.263545357687917
119.03333333333333	21.211406760896978
119.04999999999998	24.994538540400868
119.06666666666666	28.475634312366367
119.08333333333331	32.029801686801875
119.1	35.42895587323903
119.11666666666667	38.580023936799705
119.13333333333333	41.5532366759071
119.15	44.370913371664585
119.16666666666666	46.74658542331656
119.18333333333332	48.98242151632019
119.2	50.82625110983878
119.21666666666665	52.431294954861016
119.23333333333333	53.74011945416089
119.24999999999999	54.74231874788609
119.26666666666665	55.48936737681447
119.28333333333333	55.88755723585109
119.29999999999998	55.89962638096188
119.31666666666666	55.632463440727406
119.33333333333331	55.093690753797205
119.35	54.27888636093871
119.36666666666667	53.07730432726902
119.38333333333333	51.564490573665125
119.4	49.68711433817856
119.41666666666666	47.52669666262881
119.43333333333332	45.19080807504406
119.45	42.534119271501936
119.46666666666665	39.623358627164635
119.48333333333333	36.52592914614587
119.49999999999999	33.280307208319755
119.51666666666665	29.713244324326524
119.53333333333333	26.049265846417313
119.54999999999998	22.35523687829891
119.56666666666666	18.441458314358556
119.58333333333331	14.452621661791568
119.6	10.472184710022248
119.61666666666667	6.456136321564827
119.63333333333333	2.448383255598401
119.65	-1.513143145551794
119.66666666666666	-5.445917987574205
119.68333333333332	-9.320492413901604
119.7	-13.01478657299424
119.71666666666665	-16.613424698552365
119.73333333333333	-20.02033466425644
119.74999999999999	-23.290505700590074
119.76666666666665	-26.283543645684972
119.78333333333333	-29.008262358737625
119.79999999999998	-31.497494465518685
119.81666666666666	-33.673507351583
119.83333333333331	-35.58830381518561
119.85	-37.20776857160263
119.86666666666667	-38.52387967585139
119.88333333333333	-39.51652517837738
119.9	-40.24071446066921
119.91666666666666	-40.561596957502616
119.93333333333332	-40.568795899942074
119.95	-40.270619794985066
119.96666666666665	-39.63314998318822
119.98333333333333	-38.635229494815576
119.99999999999999	-37.38387117121249
120.01666666666665	-35.855700546770436
120.03333333333333	-33.97168901719306
120.04999999999998	-31.68990102228537
120.06666666666666	-29.374734049804715
120.08333333333331	-26.65054707061597
120.1	-23.71745015431344
120.11666666666667	-20.623342952536746
120.13333333333333	-17.389414154667918
120.15	-13.851138444644562
120.16666666666666	-10.310511029289557
120.18333333333332	-6.5572598485316576
120.2	-2.7376799760986614
120.21666666666665	1.1731725146597682
120.23333333333333	5.203176729860957
120.24999999999999	9.218773358140425
120.26666666666665	13.2049916033003
120.28333333333333	17.127288694403546
120.29999999999998	20.931924908324675
120.31666666666666	24.611252877147763
120.33333333333331	28.35785937260721
120.35	31.75210139078473
120.36666666666667	35.14342737641323
120.38333333333333	38.395790433959746
120.4	41.37948966740407
120.41666666666666	44.11810400667059
120.43333333333332	46.65984192035933
120.45	48.81502369721352
120.46666666666665	50.71605793089873
120.48333333333333	52.45411144267149
120.49999999999999	53.719177309546126
120.51666666666665	54.73045100911895
120.53333333333333	55.56191138428858
120.54999999999998	56.026235613807955
120.56666666666666	56.26715379137909
120.58333333333331	56.01365846303685
120.6	55.55122420485611
120.61666666666667	54.62013464756183
120.63333333333333	53.470497189790194
120.65	51.90502452161661
120.66666666666666	50.1172628830094
120.68333333333332	48.06885324468351
120.7	45.7194705406647
120.71666666666665	43.10062438234428
120.73333333333333	40.30613568102865
120.74999999999999	37.274986025621786
120.76666666666665	33.89510970247045
120.78333333333333	30.401231449630586
120.79999999999998	26.68021001299502
120.81666666666666	22.86185577013117
120.83333333333331	18.96625714622894
120.85	14.95837130008806
120.86666666666667	10.855275419165423
120.88333333333333	6.802035882534881
120.9	2.7332804615456325
120.91666666666666	-1.3016303041068795
120.93333333333332	-5.277601046301129
120.95	-9.08149910828655
120.96666666666665	-12.804802129024836
120.98333333333333	-16.34149642557304
120.99999999999999	-19.664730633711883
121.01666666666665	-22.81326138852978
121.03333333333333	-25.729073960606343
121.04999999999998	-28.438398698343008
121.06666666666666	-30.913982437632797
121.08333333333331	-33.161051307361504
121.1	-35.17875444878064
121.11666666666667	-36.84642486986627
121.13333333333333	-38.209915359967454
121.15	-39.26364881099141
121.16666666666666	-39.98980963391932
121.18333333333332	-40.314880503776635
121.2	-40.3586146888623
121.21666666666665	-40.15223754108683
121.23333333333333	-39.53516141648447
121.24999999999999	-38.567963685104246
121.26666666666665	-37.400253447480395
121.28333333333333	-35.858824031632366
121.29999999999998	-34.07494768720892
121.31666666666666	-31.95873092607087
121.33333333333331	-29.527941564410696
121.35	-26.869255843032875
121.36666666666667	-24.005591412443607
121.38333333333333	-21.020134129337634
121.4	-17.783389130840476
121.41666666666666	-14.397759623067941
121.43333333333332	-10.733172479262294
121.45	-6.96767716849439
121.46666666666665	-3.156252153919297
121.48333333333333	0.6891341143049203
121.49999999999999	4.5666847883820765
121.51666666666665	8.464917798897204
121.53333333333333	12.446804387515215
121.54999999999998	16.37509619958462
121.56666666666666	20.250538234629857
121.58333333333331	24.09581198061437
121.6	27.754961564846894
121.61666666666667	31.283169228065503
121.63333333333333	34.66877326638382
121.65	37.80606411627923
121.66666666666666	40.718819518217856
121.68333333333332	43.500883121842776
121.7	45.94411698457975
121.71666666666665	48.19361023915087
121.73333333333333	50.3303552379399
121.74999999999999	52.014603532497404
121.76666666666665	53.53999307146785
121.78333333333333	54.633335024125756
121.79999999999998	55.4377319136164
121.81666666666666	55.842713198726244
121.83333333333331	55.88001968159881
121.85	55.65668469875459
121.86666666666667	55.134641729914165
121.88333333333333	54.38481988398803
121.9	53.26000918350087
121.91666666666666	51.757982742056925
121.93333333333332	49.986068183685575
121.95	47.85757614688379
121.96666666666665	45.50424793838016
121.98333333333333	42.86374471437853
121.99999999999999	40.04448845457836
122.01666666666665	37.005966040566705
122.03333333333333	33.73296491878068
122.04999999999998	30.347425802887642
122.06666666666666	26.66295349383006
122.08333333333331	22.976506970182925
122.1	19.125178460512302
122.11666666666667	15.279472061420961
122.13333333333333	11.337732273781853
122.15	7.3868557634217495
122.16666666666666	3.3961330683706024
122.18333333333332	-0.5636937742031591
122.2	-4.4579451763990505
122.21666666666665	-8.285434455420102
122.23333333333333	-11.979769547248281
122.24999999999999	-15.45182206670313
122.26666666666665	-18.85281746664907
122.28333333333333	-22.09415162680864
122.29999999999998	-25.18320850362977
122.31666666666666	-27.976634136333928
122.33333333333331	-30.414987241439803
122.35	-32.65466852819418
122.36666666666667	-34.583618945829585
122.38333333333333	-36.254332797946574
122.4	-37.58041125472255
122.41666666666666	-38.58799648388799
122.43333333333332	-39.36537940426825
122.45	-39.75736764782039
122.46666666666665	-39.8273850715118
122.48333333333333	-39.607348790350954
122.49999999999999	-39.081849969728864
122.51666666666665	-38.302094803413866
122.53333333333333	-37.11913183410127
122.54999999999998	-35.60862703970446
122.56666666666666	-33.74977279428083
122.58333333333331	-31.64502507321572
122.6	-29.3324302799964
122.61666666666667	-26.733806729719618
122.63333333333333	-23.972233347895894
122.65	-20.882731106585652
122.66666666666666	-17.588524301699067
122.68333333333332	-14.313806105423396
122.7	-10.690067298056533
122.71666666666665	-7.004701936830713
122.73333333333333	-3.344422075152579
122.74999999999999	0.5446071396110028
122.76666666666665	4.42475564771587
122.78333333333333	8.367406162429518
122.79999999999998	12.331996189219979
122.81666666666666	16.220668129909882
122.83333333333331	20.093558030558597
122.85	23.8016960450733
122.86666666666667	27.460965432507123
122.88333333333333	30.96460843186719
122.9	34.34864434888152
122.91666666666666	37.511416956143535
122.93333333333332	40.50202051299243
122.95	43.332734805439884
122.96666666666665	45.710610578965316
122.98333333333333	47.98918115792014
122.99999999999999	49.883161444213954
123.01666666666665	51.58722711043174
123.03333333333333	53.10636544337967
123.04999999999998	54.332061094931305
123.06666666666666	55.17865667547596
123.08333333333331	55.67850179482025
123.1	55.78437351254297
123.11666666666667	55.58174000827296
123.13333333333333	55.15253288156259
123.15	54.42014053606488
123.16666666666666	53.30377617100572
123.18333333333332	51.81494666758988
123.2	50.13968074661693
123.21666666666665	48.21927402563898
123.23333333333333	45.85966209905342
123.24999999999999	43.40751165891447
123.26666666666665	40.51619570385617
123.28333333333333	37.4973370237052
123.29999999999998	34.31504933180065
123.31666666666666	30.747325389231946
123.33333333333331	27.290904784929808
123.35	23.54612358651525
123.36666666666667	19.670936613514584
123.38333333333333	15.711833256376735
123.4	11.72402400585122
123.41666666666666	7.701978779016599
123.43333333333332	3.6684643563568784
123.45	-0.30469783533783357
123.46666666666665	-4.257119932144292
123.48333333333333	-8.059904762966312
123.49999999999999	-11.747226727798136
123.51666666666665	-15.31488797793645
123.53333333333333	-18.673776270288045
123.54999999999998	-21.811178317057056
123.56666666666666	-24.74749899213117
123.58333333333331	-27.516335988282776
123.6	-30.113023968460425
123.61666666666667	-32.44348631436378
123.63333333333333	-34.44279951601334
123.65	-36.148673588914676
123.66666666666666	-37.55605945664149
123.68333333333332	-38.590541822128046
123.7	-39.33998748881112
123.71666666666665	-39.76165765917921
123.73333333333333	-39.78978942421918
123.74999999999999	-39.56804122875269
123.76666666666665	-39.083831868089646
123.78333333333333	-38.36518233095552
123.79999999999998	-37.20662815271123
123.81666666666666	-35.750737615019034
123.83333333333331	-34.012794748081774
123.85	-32.05064305081902
123.86666666666667	-29.759453653881963
123.88333333333333	-27.22181589851357
123.9	-24.458614809521464
123.91666666666666	-21.484912409059916
123.93333333333332	-18.28395395412406
123.95	-14.911559498542147
123.96666666666665	-11.329159902418382
123.98333333333333	-7.646123328158183
123.99999999999999	-3.8568086195151636
124.01666666666665	0.03659116736685064
124.03333333333333	4.012730092578522
124.04999999999998	8.013572396160555
124.06666666666666	11.93122260184498
124.08333333333331	15.682003617011901
124.1	19.490438463988824
124.11666666666667	23.32224170281461
124.13333333333333	27.010778971716547
124.15	30.564104198999985
124.16666666666666	33.914773493729626
124.18333333333332	37.13881949662766
124.2	40.18313210836476
124.21666666666665	42.91017868132576
124.23333333333333	45.48604704173681
124.24999999999999	47.652417318348284
124.26666666666665	49.64909226878035
124.28333333333333	51.46696180623849
124.29999999999998	52.8816730233367
124.31666666666666	53.98908737970078
124.33333333333331	54.7548759333726
124.35	55.323831276659064
124.36666666666667	55.531074194977236
124.38333333333333	55.446455609342706
124.4	54.905918384654
124.41666666666666	54.1487983987289
124.43333333333332	53.16291068474811
124.45	51.73738986322144
124.46666666666665	50.045174085619806
124.48333333333333	48.21010825863186
124.49999999999999	45.92344126977116
124.51666666666665	43.36971816035111
124.53333333333333	40.56675079632373
124.54999999999998	37.52924802454447
124.56666666666666	34.36735107350961
124.58333333333331	30.922538928979407
124.6	27.413301366671703
124.61666666666667	23.640071459267688
124.63333333333333	19.869296139657024
124.65	15.926017242335092
124.66666666666666	11.930446384316497
124.68333333333332	7.841492664091106
124.7	3.8155554700700804
124.71666666666665	-0.19630770425396804
124.73333333333333	-4.18058073597831
124.74999999999999	-7.960954282924263
124.76666666666665	-11.584022452302634
124.78333333333333	-15.101235859543578
124.79999999999998	-18.50249563876747
124.81666666666666	-21.673579030097528
124.83333333333331	-24.63532474535623
124.85	-27.43963322367574
124.86666666666667	-29.978600705214205
124.88333333333333	-32.261936314638774
124.9	-34.30490185849635
124.91666666666666	-36.07595399524138
124.93333333333332	-37.513586966883395
124.95	-38.54140728677419
124.96666666666665	-39.385444050354295
124.98333333333333	-39.81181109882618
124.99999999999999	-39.88591787585045
125.01666666666665	-39.63380477853468
125.03333333333333	-39.211034133054
125.04999999999998	-38.410213036538266
125.06666666666666	-37.359727367367896
125.08333333333331	-35.825040470415615
125.1	-34.10673882374141
125.11666666666667	-32.21121574280244
125.13333333333333	-29.870504062213968
125.15	-27.348282454383707
125.16666666666666	-24.56955662217547
125.18333333333332	-21.573142765925127
125.2	-18.407942106791893
125.21666666666665	-15.085842121757139
125.23333333333333	-11.639295382862883
125.24999999999999	-7.9297863011169625
125.26666666666665	-4.15561056831109
125.28333333333333	-0.41072022627588467
125.29999999999998	3.4823718078514503
125.31666666666666	7.393707041259745
125.33333333333331	11.320523331684058
125.35	15.19614887776521
125.36666666666667	19.095356721243434
125.38333333333333	22.846265965148177
125.4	26.47185190492951
125.41666666666666	29.984752748494657
125.43333333333332	33.34738974410436
125.45	36.53478887758939
125.46666666666665	39.53141426662626
125.48333333333333	42.412260714196975
125.49999999999999	44.885072231139645
125.51666666666665	47.25080154132564
125.53333333333333	49.33813393212813
125.54999999999998	51.137835141625374
125.56666666666666	52.61777469314802
125.58333333333331	53.752630427694726
125.6	54.62923187468135
125.61666666666667	55.22206179416071
125.63333333333333	55.48065402279008
125.65	55.43452340669455
125.66666666666666	54.94041109196246
125.68333333333332	54.21923706357268
125.7	53.226734373765794
125.71666666666665	51.79379291396526
125.73333333333333	50.17059296609335
125.74999999999999	48.28376132260291
125.76666666666665	46.046821096219674
125.78333333333333	43.6025299736807
125.79999999999998	40.8067730624511
125.81666666666666	37.74561931693631
125.83333333333331	34.55745929200941
125.85	31.261531395164866
125.86666666666667	27.651130977026696
125.88333333333333	24.004033187370396
125.9	20.380254297090346
125.91666666666666	16.48423762292157
125.93333333333332	12.503243098981898
125.95	8.518872058717534
125.96666666666665	4.5354253679713565
125.98333333333333	0.5735414394469558
125.99999999999999	-3.2943454892321142
126.01666666666665	-7.148762254339999
126.03333333333333	-10.819312839326699
126.04999999999998	-14.37753607041509
126.06666666666666	-17.712311401867396
126.08333333333331	-21.021259182380902
126.1	-24.123854273957022
126.11666666666667	-26.938560734748762
126.13333333333333	-29.463032142632073
126.15	-31.766689261470788
126.16666666666666	-33.733826163714866
126.18333333333332	-35.46407029654364
126.2	-36.858632484972304
126.21666666666665	-37.87422232706456
126.23333333333333	-38.64695056212946
126.24999999999999	-39.17379756746345
126.26666666666665	-39.481572984618424
126.28333333333333	-39.31626140231447
126.29999999999998	-38.82288808766464
126.31666666666666	-38.09978794973995
126.33333333333331	-37.13990182120483
126.35	-35.74402598476706
126.36666666666667	-34.04346190828164
126.38333333333333	-32.17401166701529
126.4	-29.943411205393545
126.41666666666666	-27.41023235708502
126.43333333333332	-24.641498023228507
126.45	-21.658316520400092
126.46666666666665	-18.525050221929177
126.48333333333333	-15.318783776727685
126.49999999999999	-11.747848073918647
126.51666666666665	-8.197284656629222
126.53333333333333	-4.530314666514414
126.54999999999998	-0.7355664026044337
126.56666666666666	3.0879661644737553
126.58333333333331	7.063659350376383
126.6	11.024578592994203
126.61666666666667	14.930000259398753
126.63333333333333	18.632800956233382
126.65	22.403497525656974
126.66666666666666	26.127325195114793
126.68333333333332	29.627306187665113
126.7	32.99041160401987
126.71666666666665	36.13780269438752
126.73333333333333	39.190252344523174
126.74999999999999	41.88360899246254
126.76666666666665	44.47695594428188
126.78333333333333	46.77790886156646
126.79999999999998	48.837458872571005
126.81666666666666	50.60481506908434
126.83333333333331	52.202580836057734
126.85	53.435522363240466
126.86666666666667	54.359415251431415
126.88333333333333	54.802251616122135
126.9	55.0667012926682
126.91666666666666	55.113319498145756
126.93333333333332	54.71149492818171
126.95	54.062066386754
126.96666666666665	53.18773301868464
126.98333333333333	51.82026429922206
126.99999999999999	50.29765041588246
127.01666666666665	48.36313400853055
127.03333333333333	46.13013951609116
127.04999999999998	43.60347006802181
127.06666666666666	40.790249641696846
127.08333333333331	37.780273618318574
127.1	34.65001115494101
127.11666666666667	31.39656916677552
127.13333333333333	27.891020904675315
127.15	24.304651717861816
127.16666666666666	20.50477178908193
127.18333333333332	16.583532947202627
127.2	12.630100220710688
127.21666666666665	8.637825063001515
127.23333333333333	4.644372635749164
127.24999999999999	0.6953862549785299
127.26666666666665	-3.1663794051071363
127.28333333333333	-6.942391605725049
127.29999999999998	-10.525968138117605
127.31666666666666	-14.129567027394728
127.33333333333331	-17.592725828972675
127.35	-20.767890883446853
127.36666666666667	-23.721233041903872
127.38333333333333	-26.524251859184687
127.4	-29.154537974270227
127.41666666666666	-31.449493833163842
127.43333333333332	-33.47792967512055
127.45	-35.319094891419695
127.46666666666665	-36.70650066883911
127.48333333333333	-37.921127154211604
127.49999999999999	-38.701831822823465
127.51666666666665	-39.25954645519539
127.53333333333333	-39.48836483594869
127.54999999999998	-39.41888819004305
127.56666666666666	-39.0013938633719
127.58333333333331	-38.3478595006149
127.6	-37.300869175716116
127.61666666666667	-35.9173912449308
127.63333333333333	-34.305740420271945
127.65	-32.403674691785795
127.66666666666666	-30.269016722357037
127.68333333333332	-27.768642631769296
127.7	-25.06913413656082
127.71666666666665	-22.26935156775386
127.73333333333333	-19.188393533905128
127.74999999999999	-15.878607045148897
127.76666666666665	-12.355004811498361
127.78333333333333	-8.727936455047825
127.79999999999998	-5.093239992143765
127.81666666666666	-1.424491751396431
127.83333333333331	2.4541526867026278
127.85	6.332330967212556
127.86666666666667	10.225896616726914
127.88333333333333	14.159525684405992
127.9	17.95237274713901
127.91666666666666	21.62533930530867
127.93333333333332	25.340613035299327
127.94999999999999	28.829749915586603
127.96666666666665	32.20771545370644
127.98333333333335	35.455494922646324
127.99999999999999	38.44266890338724
128.01666666666668	41.32368877845215
128.03333333333333	43.91830193707267
128.05	46.25150239344828
128.06666666666666	48.40380387943651
128.08333333333331	50.307836267633775
128.1	51.79888595505179
128.11666666666667	53.06300345111515
128.13333333333333	54.05591565663559
128.15	54.65400130405493
128.16666666666663	54.89617339240908
128.18333333333334	54.74853377536374
128.2	54.4585808981044
128.21666666666667	53.73483953077181
128.23333333333335	52.71756257217805
128.24999999999997	51.51676075881437
128.26666666666668	49.86840510818172
128.28333333333333	47.89570986859053
128.3	45.660260124770275
128.31666666666666	43.37005908289319
128.33333333333331	40.59263537227923
128.35	37.647239687124454
128.36666666666667	34.56405012385392
128.38333333333333	31.33893623857398
128.4	27.789302136028994
128.41666666666663	24.26899254476126
128.43333333333334	20.562779385495105
128.45	16.694571934018825
128.46666666666667	12.738886445523292
128.48333333333335	8.753981737197023
128.49999999999997	4.770354171582653
128.51666666666668	0.8584900681564704
128.53333333333333	-3.009843564922562
128.55	-6.81079946777902
128.56666666666666	-10.432798012173748
128.58333333333331	-13.959648585615469
128.6	-17.30524691612095
128.61666666666667	-20.578104753267098
128.63333333333333	-23.64210177897212
128.65	-26.47951076356395
128.66666666666663	-29.08840732738156
128.68333333333334	-31.481245660397917
128.7	-33.501645485016525
128.71666666666667	-35.26694358125201
128.73333333333335	-36.71995376437741
128.74999999999997	-37.82634569462664
128.76666666666668	-38.67018919630988
128.78333333333333	-39.29309150987024
128.8	-39.540111412273745
128.81666666666666	-39.52925859893844
128.83333333333331	-39.205631989012886
128.85	-38.505630755116556
128.86666666666667	-37.49879036503887
128.88333333333333	-36.2128672669304
128.9	-34.511729488311346
128.91666666666663	-32.557475095823065
128.93333333333334	-30.39013782459665
128.95	-27.933536567760314
128.96666666666667	-25.364956830978088
128.98333333333335	-22.490389088396682
128.99999999999997	-19.4310953742185
129.01666666666668	-16.15888426944923
129.03333333333333	-12.689258648728241
129.05	-9.143571287243958
129.06666666666666	-5.509721929664693
129.08333333333331	-1.6853012661574098
129.1	2.23607500731498
129.11666666666667	6.066404739922405
129.13333333333333	10.004976326789347
129.15	13.83102854688542
129.16666666666663	17.52157000629734
129.18333333333334	21.33122127344143
129.2	25.085489378976604
129.21666666666667	28.606758609210374
129.23333333333335	32.11393073541842
129.24999999999997	35.37886064154975
129.26666666666668	38.41227181154926
129.28333333333333	41.29298893428847
129.3	43.79543167444632
129.31666666666666	46.17794426829289
129.33333333333331	48.354392777083774
129.35	50.20403356950402
129.36666666666667	51.74929170404573
129.38333333333333	53.05334835884764
129.4	54.136824634792674
129.41666666666663	54.8061097363842
129.43333333333334	55.13016181061545
129.45	55.19434318808487
129.46666666666667	54.80122323567309
129.48333333333335	54.14272179842874
129.49999999999997	53.23787058989194
129.51666666666668	51.9917456919253
129.53333333333333	50.41498009197511
129.55	48.58206195670698
129.56666666666666	46.46489146535765
129.58333333333331	44.0716174613529
129.6	41.4957344005436
129.61666666666667	38.561050990193394
129.63333333333333	35.4843016445779
129.65	32.26144750653765
129.66666666666663	28.678652331811122
129.68333333333334	25.215444342117223
129.7	21.473128894618355
129.71666666666667	17.62750045044197
129.73333333333335	13.749877569827731
129.74999999999997	9.796576649951476
129.76666666666668	5.762764114742595
129.78333333333333	1.7490743321363311
129.8	-2.129152825067763
129.81666666666666	-5.941131051808327
129.83333333333331	-9.5435281434344
129.85	-13.171603199636593
129.86666666666667	-16.5656191176937
129.88333333333333	-19.7686079767783
129.9	-22.78351898640244
129.91666666666663	-25.58038123924314
129.93333333333334	-28.3092371001361
129.95	-30.642086836203077
129.96666666666667	-32.70459920884366
129.98333333333335	-34.524496912576296
129.99999999999997	-36.110410209486986
130.01666666666668	-37.37285524462436
130.03333333333333	-38.26753706628625
130.05	-38.76174008785176
130.06666666666666	-39.11838684234374
130.08333333333331	-39.16944511878296
130.1	-38.83635952436771
130.11666666666667	-38.16102620533508
130.13333333333333	-37.272248518855235
130.15	-36.02170972489404
130.16666666666663	-34.49446998273544
130.18333333333334	-32.599046966071114
130.2	-30.413484899977732
130.21666666666667	-28.078375214843447
130.23333333333335	-25.4925437661326
130.24999999999997	-22.628915687307824
130.26666666666668	-19.557446244117216
130.28333333333333	-16.37053352180351
130.3	-12.929550039053652
130.31666666666666	-9.363746153318061
130.33333333333331	-5.671922151896126
130.35	-1.921751234373346
130.36666666666667	1.8858580804595704
130.38333333333333	5.681016512414487
130.4	9.49596667964812
130.41666666666663	13.31782617974568
130.43333333333334	17.11340733767196
130.45	20.852171109964047
130.46666666666667	24.495140279094244
130.48333333333335	27.94981815418987
130.49999999999997	31.42415807059035
130.51666666666668	34.6081176542051
130.53333333333333	37.625098343495495
130.55	40.50807638819606
130.56666666666666	43.21913618701183
130.58333333333331	45.56387481869183
130.6	47.661855651537564
130.61666666666667	49.50920611815491
130.63333333333333	51.18044888081772
130.65	52.493460884925014
130.66666666666663	53.48890597895223
130.68333333333334	54.2520203003337
130.7	54.577263571157744
130.71666666666667	54.59523651978145
130.73333333333335	54.39078659444954
130.74999999999997	53.72018588739013
130.76666666666668	52.738581651193726
130.78333333333333	51.51423346146248
130.8	50.010006136934976
130.81666666666666	48.37700731359814
130.83333333333331	46.327614367978754
130.85	43.92785906747923
130.86666666666667	41.314435904622826
130.88333333333333	38.46713400401916
130.9	35.431063357602284
130.91666666666663	32.21239001414182
130.93333333333334	28.6858455184568
130.95	25.231333815248718
130.96666666666667	21.532588445307056
130.98333333333335	17.715039632925027
130.99999999999997	13.814854641213344
131.01666666666668	9.833503142602353
131.03333333333333	5.838694820101182
131.05	1.9187581109121084
131.06666666666663	-2.005370723186843
131.08333333333334	-5.821890013485245
131.1	-9.486956915629605
131.11666666666667	-13.080788873442998
131.13333333333335	-16.532398213202953
131.15	-19.72624997013554
131.16666666666666	-22.70485626755169
131.18333333333334	-25.543319345929717
131.2	-28.249851360073308
131.2166666666667	-30.537789763172782
131.23333333333335	-32.673321887560405
131.25	-34.480526128019505
131.26666666666668	-36.108730037777605
131.28333333333333	-37.40037685783773
131.30000000000004	-38.3473999371173
131.31666666666666	-38.948947074260104
131.33333333333334	-39.226270732135276
131.35	-39.265232786623926
131.36666666666667	-39.02053321511295
131.38333333333335	-38.42973504562383
131.4	-37.473655047863076
131.41666666666666	-36.28396341137801
131.43333333333334	-34.65374371967812
131.45	-32.77530455449357
131.4666666666667	-30.584944254232028
131.48333333333335	-28.363750023350008
131.5	-25.657175481575905
131.51666666666668	-22.772391310863895
131.53333333333333	-19.7194110110903
131.55000000000004	-16.522142966719457
131.56666666666666	-13.222679541296202
131.58333333333334	-9.672889456609425
131.6	-5.982646470217674
131.61666666666667	-2.2763383672817668
131.63333333333335	1.503802215419796
131.65	5.373211849007134
131.66666666666666	9.230400654220489
131.68333333333334	13.135453684458753
131.7	16.921867146749776
131.7166666666667	20.538693624964537
131.73333333333335	24.216633790409105
131.75	27.746220260610528
131.76666666666668	31.148130824385248
131.78333333333333	34.45530520975973
131.80000000000004	37.50685783511517
131.81666666666666	40.41503238870291
131.83333333333334	43.05027859830051
131.85	45.538598803704076
131.86666666666667	47.63232047783515
131.88333333333335	49.525262025975906
131.9	51.112251255708316
131.91666666666666	52.489829233411
131.93333333333334	53.540022069275096
131.95	54.27489537663325
131.9666666666667	54.62834448038598
131.98333333333335	54.67046477491442
132.0	54.42713192229144
132.01666666666668	53.794519917108005
132.03333333333333	52.81254637569964
132.05000000000004	51.60352993716765
132.06666666666666	50.18379288520555
132.08333333333334	48.45586352271073
132.1	46.45493489128063
132.11666666666667	44.17274441166853
132.13333333333335	41.58611236058471
132.15	38.73708075723016
132.16666666666666	35.63090341498838
132.18333333333334	32.44268318156321
132.2	28.996711734941414
132.2166666666667	25.420413439209597
132.23333333333335	21.69044350583067
132.25	17.915576078353183
132.26666666666668	14.020197067689423
132.28333333333333	10.256599476953852
132.30000000000004	6.409758497150619
132.31666666666666	2.506611972950168
132.33333333333334	-1.38659848939443
132.35	-5.1759231306944
132.36666666666667	-8.853468643136125
132.38333333333335	-12.406542353492455
132.4	-15.822356868983206
132.41666666666666	-19.153094613418943
132.43333333333334	-22.274673413079995
132.45	-25.18787688284374
132.4666666666667	-27.858507092327727
132.48333333333335	-30.264328153554175
132.5	-32.38300686173227
132.51666666666668	-34.329041035339344
132.53333333333333	-35.857335754234214
132.55000000000004	-37.10276731675032
132.56666666666666	-38.16661129798376
132.58333333333334	-38.843314825825644
132.6	-39.0890224152119
132.61666666666667	-39.21198033715643
132.63333333333335	-38.95641116585193
132.65	-38.24473301864964
132.66666666666666	-37.4231551879443
132.68333333333334	-36.243524303552874
132.7	-34.64010089598935
132.7166666666667	-32.816329046505416
132.73333333333335	-30.677421950546773
132.75	-28.334368169828736
132.76666666666668	-25.767995740998742
132.78333333333333	-22.966901783795947
132.80000000000004	-19.82458436276147
132.81666666666666	-16.614885664691656
132.83333333333334	-13.321317721799801
132.85	-9.756007430223121
132.86666666666667	-6.220994854745072
132.88333333333335	-2.530708508244288
132.9	1.2602427401325826
132.91666666666666	5.117417521061611
132.93333333333334	8.970550109731903
132.95	12.663867998917226
132.9666666666667	16.440754486764945
132.98333333333335	20.22405336164377
133.0	23.854373806552985
133.01666666666668	27.365638329574494
133.03333333333333	30.755455709959563
133.05000000000004	33.94769946558421
133.06666666666666	36.938278210897465
133.08333333333334	39.72096398904239
133.1	42.44837965789122
133.11666666666667	44.80283286535979
133.13333333333335	46.90523700416247
133.15	48.76310895069162
133.16666666666666	50.40231712762022
133.18333333333334	51.698030474426105
133.2	52.71007597360858
133.2166666666667	53.50590969644702
133.23333333333335	53.889631778762634
133.25	53.9163435086391
133.26666666666668	53.653378569795564
133.28333333333333	53.21406659068526
133.30000000000004	52.41218406688108
133.31666666666666	51.3032141132926
133.33333333333334	49.78960036996864
133.35	48.06300840228789
133.36666666666667	46.1675167103848
133.38333333333335	43.885169449514024
133.4	41.37226441704195
133.41666666666666	38.55596165867888
133.43333333333334	35.54304883905502
133.45	32.42408564333118
133.4666666666667	29.09356439442388
133.48333333333335	25.57301953284832
133.5	21.869094017029624
133.51666666666668	18.212098856865737
133.53333333333333	14.429009500992606
133.55000000000004	10.535456024871678
133.56666666666666	6.628477334742911
133.58333333333334	2.7032114225535224
133.6	-1.1614798784277696
133.61666666666667	-4.951995812796952
133.63333333333335	-8.577456872724724
133.65	-12.188806561297838
133.66666666666666	-15.615624278081157
133.68333333333334	-18.850987594564344
133.7	-21.869602663926457
133.7166666666667	-24.67912466661977
133.73333333333335	-27.367615472935313
133.75	-29.732118197995533
133.76666666666668	-31.873325771778013
133.78333333333333	-33.70198267096487
133.80000000000004	-35.28542422823244
133.81666666666666	-36.607121212691595
133.83333333333334	-37.59294549907031
133.85	-38.3171590602708
133.86666666666667	-38.61836608013107
133.88333333333335	-38.64711555646079
133.9	-38.414488648023735
133.91666666666666	-37.80932191670257
133.93333333333334	-36.87991094552024
133.95	-35.63021264893683
133.9666666666667	-34.21962992681392
133.98333333333335	-32.48456645194267
134.0	-30.465920972327467
134.01666666666668	-28.247270392972382
134.03333333333333	-25.659290792009244
134.05000000000004	-22.873758650555374
134.06666666666666	-19.888916984167906
134.08333333333334	-16.676294832392045
134.1	-13.38299037079696
134.11666666666667	-9.90274050207529
134.13333333333335	-6.342859400503471
134.15	-2.6053200504059646
134.16666666666666	1.157333151215994
134.18333333333334	4.923632468193659
134.2	8.625060068904872
134.2166666666667	12.445035039226411
134.23333333333335	16.2837523199604
134.25	19.988347686396082
134.26666666666668	23.48055319992511
134.28333333333333	27.051366998567175
134.30000000000004	30.525196056041977
134.31666666666666	33.68820503632037
134.33333333333334	36.762892507282686
134.35	39.62551762837916
134.36666666666667	42.34190464033645
134.38333333333335	44.72204870802773
134.4	46.830807170398145
134.41666666666666	48.68270259065133
134.43333333333334	50.41413089241871
134.45	51.674688194564055
134.4666666666667	52.6983207996235
134.48333333333335	53.50271710976938
134.5	53.8892034416001
134.51666666666668	53.918982410618014
134.53333333333333	53.701536775877
134.55000000000004	53.293906452178135
134.56666666666666	52.50058984412203
134.58333333333334	51.42643236639793
134.6	49.88812581359565
134.61666666666667	48.217903937896494
134.63333333333335	46.3228245440971
134.65	44.10942563496462
134.66666666666666	41.58591964049492
134.68333333333334	38.80287060389139
134.7	35.78379451030651
134.7166666666667	32.59852965470998
134.73333333333335	29.319982184021114
134.75	25.759802014195827
134.76666666666668	22.156628331598768
134.78333333333333	18.46482229412743
134.80000000000004	14.676381913082935
134.81666666666666	10.79818810186896
134.83333333333334	6.87037196893607
134.85	2.9595995405720714
134.86666666666667	-0.8735243285907472
134.88333333333335	-4.598259553329854
134.9	-8.318945681826676
134.91666666666666	-11.793280124912599
134.93333333333334	-15.329470923276517
134.95	-18.55294689408322
134.9666666666667	-21.599017660225115
134.98333333333335	-24.50899564098853
135.0	-27.231647370773885
135.01666666666668	-29.58389291462106
135.03333333333333	-31.713291651673273
135.05000000000004	-33.598734105638016
135.06666666666666	-35.28867342968044
135.08333333333334	-36.52951148530974
135.1	-37.541930565406744
135.11666666666667	-38.31372217141575
135.13333333333335	-38.69459262363205
135.15	-38.67804660434024
135.16666666666666	-38.459786762459544
135.18333333333334	-37.937009706307435
135.2	-36.99051132340975
135.2166666666667	-35.787800450527584
135.23333333333335	-34.33388154502188
135.25	-32.60774375871904
135.26666666666668	-30.592564312733316
135.28333333333333	-28.34562538559544
135.30000000000004	-25.834002241194867
135.31666666666666	-23.112164568177946
135.33333333333334	-20.242190972475214
135.35	-17.216551208893407
135.36666666666667	-13.919046296213708
135.38333333333335	-10.427271780784224
135.4	-6.88465928883079
135.41666666666666	-3.229821043839479
135.43333333333334	0.4894699033613392
135.45	4.251064752718889
135.4666666666667	8.10891315181675
135.48333333333335	11.946031487967616
135.5	15.612580909810504
135.51666666666668	19.365325197106017
135.53333333333333	23.004287584244935
135.55000000000004	26.559295342947735
135.56666666666666	29.94212169064798
135.58333333333334	33.19923949974054
135.6	36.312089586484944
135.61666666666667	39.312810361120796
135.63333333333335	41.935802789772765
135.65	44.39149220960678
135.66666666666666	46.56877472085341
135.68333333333334	48.51320809529602
135.7	50.21837248838034
135.7166666666667	51.566381234204016
135.73333333333335	52.581993890909075
135.75	53.43128901507191
135.76666666666668	53.85555029517104
135.78333333333333	54.03826206262022
135.80000000000004	53.96441045246479
135.81666666666666	53.45931523136301
135.83333333333334	52.63533876359298
135.85	51.52418095132293
135.86666666666667	50.16985175411037
135.88333333333335	48.49463382351462
135.9	46.51992454823255
135.91666666666666	44.358896988951415
135.93333333333334	41.77846761867511
135.95	39.130681628255616
135.9666666666667	36.2980183183563
135.98333333333335	33.17340197228236
136.0	29.865600751253623
136.01666666666668	26.40699533032739
136.03333333333333	22.729728512739598
136.05000000000004	18.92888264448743
136.06666666666666	15.136471921739428
136.08333333333334	11.388179781401504
136.1	7.556157295738217
136.11666666666667	3.6632680117994596
136.13333333333335	-0.19005782980070762
136.15	-4.011727163079854
136.16666666666666	-7.711156415083224
136.18333333333334	-11.322132971657084
136.2	-14.726516647539029
136.2166666666667	-18.032394055967302
136.23333333333335	-21.25920209475936
136.25	-24.17703606126463
136.26666666666668	-26.88055934763605
136.28333333333333	-29.288787642482134
136.30000000000004	-31.461187770154595
136.31666666666666	-33.41652273471641
136.33333333333334	-35.1089342318856
136.35	-36.438956386214045
136.36666666666667	-37.521001445309594
136.38333333333335	-38.30143484519505
136.4	-38.6558826731474
136.41666666666666	-38.72553475929078
136.43333333333334	-38.48739834771152
136.45	-37.938507453736634
136.4666666666667	-37.09595060241281
136.48333333333335	-36.03348965213803
136.5	-34.6290634108949
136.51666666666668	-32.973548797872866
136.53333333333333	-30.858010407087022
136.55000000000004	-28.58157137444107
136.56666666666666	-26.14673550837591
136.58333333333334	-23.47852171287252
136.6	-20.519098882093203
136.61666666666667	-17.444003914569578
136.63333333333335	-14.206453657366183
136.65	-10.752104889134444
136.66666666666666	-7.288686221499233
136.68333333333334	-3.652055019059958
136.7	0.12994941691005124
136.7166666666667	3.846037195040651
136.73333333333335	7.601576211148995
136.75	11.402142164491352
136.76666666666668	15.166131873407664
136.78333333333333	18.93986077140994
136.80000000000004	22.502680390516275
136.81666666666666	25.927121951321908
136.83333333333334	29.40381722729535
136.85	32.63493941046613
136.86666666666667	35.656397128861045
136.88333333333335	38.60987603117263
136.9	41.33237002383345
136.91666666666666	43.7423863918076
136.93333333333334	45.921549044822655
136.95	47.785288176537506
136.9666666666667	49.51622813299036
136.98333333333335	50.84250838972207
137.0	51.86799205968612
137.01666666666668	52.648214505058434
137.03333333333333	53.27597647274621
137.05000000000004	53.49727817848395
137.06666666666666	53.47429964037548
137.08333333333334	52.92022488781703
137.1	52.251465603798295
137.11666666666667	51.283735805994866
137.13333333333335	49.844304325258804
137.15	48.22951642744698
137.16666666666666	46.41626472171896
137.18333333333334	44.16889897930105
137.2	41.75511675472512
137.2166666666667	39.034682707220895
137.23333333333335	36.28762115164608
137.25	33.257027145895734
137.26666666666668	30.00637637521021
137.28333333333333	26.559959284451224
137.30000000000004	23.07824497693042
137.31666666666666	19.40252429878626
137.33333333333334	15.608518624614533
137.35	11.821353572791452
137.36666666666667	7.905653658447193
137.38333333333335	4.023875159663078
137.4	0.33113574089531994
137.41666666666666	-3.4719340571974726
137.43333333333334	-7.236453658735968
137.45	-10.727780532790916
137.4666666666667	-14.29816544877417
137.48333333333335	-17.532167919250355
137.5	-20.603824180640004
137.51666666666668	-23.54241010109115
137.53333333333333	-26.309547179879246
137.55000000000004	-28.669534948234798
137.56666666666666	-30.889311859272084
137.58333333333334	-32.76933251756304
137.6	-34.41075690750762
137.61666666666667	-35.79546071660798
137.63333333333335	-36.796916824359414
137.65	-37.52455020008313
137.66666666666666	-38.061732680377816
137.68333333333334	-38.298346995541465
137.7	-38.13833411347957
137.7166666666667	-37.66273680189107
137.73333333333335	-36.86690638632189
137.75	-35.655389203399636
137.76666666666668	-34.37133226150752
137.78333333333333	-32.61112564980573
137.80000000000004	-30.64203825271005
137.81666666666666	-28.497402576453965
137.83333333333334	-26.078679281161214
137.85	-23.474803622142417
137.86666666666667	-20.575248328281873
137.88333333333335	-17.497667811586552
137.9	-14.355241493781136
137.91666666666666	-10.869218152173573
137.93333333333334	-7.404266535540614
137.95	-3.7674195756331414
137.9666666666667	-0.09715544769517237
137.98333333333335	3.566592168403872
138.0	7.366254332760661
138.01666666666668	11.161911147518936
138.03333333333333	14.95925269013344
138.05000000000004	18.559884506941557
138.06666666666666	22.202848297281378
138.08333333333334	25.72553418443647
138.1	29.091766858136907
138.11666666666667	32.4431446545554
138.13333333333335	35.5402134213482
138.15	38.45826073339589
138.16666666666666	41.214137418223004
138.18333333333334	43.671508489163614
138.2	45.841783730290786
138.2166666666667	47.75780635711453
138.23333333333335	49.49495691211354
138.25	50.8433805475737
138.26666666666668	51.9045219354922
138.28333333333333	52.6871032710319
138.30000000000004	53.29541284319123
138.31666666666666	53.54611660750379
138.33333333333334	53.51135741197476
138.35	53.04315365750921
138.36666666666667	52.4401281639947
138.38333333333335	51.44068281585044
138.4	50.129255364056576
138.41666666666666	48.519030049653736
138.43333333333334	46.604292715475765
138.45	44.45825349028195
138.4666666666667	42.07082553275461
138.48333333333335	39.49191593517969
138.5	36.599745825754496
138.51666666666668	33.55429159114169
138.53333333333333	30.310994822914438
138.55000000000004	26.873018713773263
138.56666666666666	23.331024366076235
138.58333333333334	19.563809105763426
138.6	15.833993290560272
138.61666666666667	12.057203516670825
138.63333333333335	8.295464216727623
138.65	4.519206041242626
138.66666666666666	0.6864631578503122
138.68333333333334	-3.140040649497564
138.7	-6.792949768871949
138.7166666666667	-10.358228405458249
138.73333333333335	-13.803443108398142
138.75	-17.124536982154382
138.76666666666668	-20.331336197268683
138.78333333333333	-23.304971791625917
138.80000000000004	-25.89646996551801
138.81666666666666	-28.373800292442297
138.83333333333334	-30.580847623874376
138.85	-32.518310073214025
138.86666666666667	-34.27664081897473
138.88333333333335	-35.630377650324476
138.9	-36.64008582237602
138.91666666666666	-37.48315943193393
138.93333333333334	-37.96411988885211
138.95	-38.08066442785315
138.9666666666667	-37.983240839474206
138.98333333333335	-37.450517966595044
139.0	-36.647046728061696
139.01666666666668	-35.61001492580726
139.03333333333333	-34.358963651169574
139.05000000000004	-32.619710774031546
139.06666666666666	-30.737340206797114
139.08333333333334	-28.571498078696948
139.1	-26.213025443511356
139.11666666666667	-23.56772692188366
139.13333333333335	-20.675306136900076
139.15	-17.601403709067256
139.16666666666666	-14.431808055390832
139.18333333333334	-11.104026738218579
139.2	-7.647155832553267
139.2166666666667	-4.13737774236364
139.23333333333335	-0.4452969210984179
139.25	3.2860711503769835
139.26666666666668	6.9851078497224535
139.28333333333333	10.674377214288711
139.30000000000004	14.446350591495161
139.31666666666666	18.117394176392054
139.33333333333334	21.780502837080235
139.35	25.272373407920213
139.36666666666667	28.707938496133806
139.38333333333335	31.878373213138048
139.4	34.883128939343635
139.41666666666666	37.76225881335449
139.43333333333334	40.521823897314675
139.45	42.96504598567617
139.4666666666667	45.22884887383793
139.48333333333335	47.28018372406814
139.5	49.028975708729035
139.51666666666668	50.553537105965006
139.53333333333333	51.68143209517791
139.55000000000004	52.52513262011445
139.56666666666666	53.153825694659645
139.58333333333334	53.46562227875472
139.6	53.43108004269959
139.61666666666667	53.13659472060624
139.63333333333335	52.45946183488877
139.65	51.46421169801101
139.66666666666666	50.26501231339881
139.68333333333334	48.59923315591459
139.7	46.681251648724356
139.7166666666667	44.539655013338916
139.73333333333335	42.23889309698319
139.75	39.56017154313952
139.76666666666668	36.743599874950064
139.78333333333333	33.649785783206426
139.80000000000004	30.429095096482797
139.81666666666666	27.090420116263886
139.83333333333334	23.584924826144402
139.85	19.951446544714713
139.86666666666667	16.14395511995167
139.88333333333335	12.409503180720378
139.9	8.617878750002546
139.91666666666666	4.748693198112505
139.93333333333334	0.9234624660406325
139.95	-2.8354122375716884
139.9666666666667	-6.522556718246733
139.98333333333335	-10.039039343769787
140.0	-13.574360164084851
140.01666666666668	-16.792105474840184
140.03333333333333	-19.915813052227122
140.05000000000004	-22.714633873683738
140.06666666666666	-25.47578971459245
140.08333333333334	-27.987771732317015
140.1	-30.167011244811192
140.11666666666667	-32.18595083795037
140.13333333333335	-33.872786153319566
140.15	-35.28385234651597
140.16666666666666	-36.43693733102492
140.18333333333334	-37.27308007094143
140.2	-37.789966859952415
140.2166666666667	-38.001902766825765
140.23333333333335	-37.924888892290426
140.25	-37.40314203056437
140.26666666666668	-36.657701168976814
140.28333333333333	-35.618528202462414
140.30000000000004	-34.35949045685925
140.31666666666666	-32.68003634300385
140.33333333333334	-30.816344052203704
140.35	-28.630148931394388
140.36666666666667	-26.371391974539563
140.38333333333335	-23.697048309750073
140.4	-20.796598098805077
140.41666666666666	-17.777570852224528
140.43333333333334	-14.562304798526327
140.45	-11.341093887475495
140.4666666666667	-7.7856674597229585
140.48333333333335	-4.28256012576901
140.5	-0.6418714738825315
140.51666666666668	3.0654289764041778
140.53333333333333	6.830119133512483
140.55000000000004	10.505931097579605
140.56666666666666	14.297866221948652
140.58333333333334	18.0277175814241
140.6	21.591790271938066
140.61666666666667	25.228014031079624
140.63333333333335	28.58440999300433
140.65	31.793041175115945
140.66666666666666	34.821253689624655
140.68333333333334	37.683963269402454
140.7	40.446673760252224
140.7166666666667	42.89323921242453
140.73333333333335	45.21440452204945
140.75	47.29406099809705
140.76666666666668	49.05556343549557
140.78333333333333	50.5601606380248
140.80000000000004	51.65952516614516
140.81666666666666	52.578008071275974
140.83333333333334	53.186120097971695
140.85	53.47272484858422
140.86666666666667	53.46863200641047
140.88333333333335	53.217874201194945
140.9	52.528354883859436
140.91666666666666	51.54298334252201
140.93333333333334	50.379027768778315
140.95	48.72148028906605
140.9666666666667	46.82842098256674
140.98333333333335	44.69100406917045
141.0	42.35655191178171
141.01666666666668	39.69574669565918
141.03333333333333	36.883410945207686
141.05000000000004	33.824958384055776
141.06666666666666	30.5835306596515
141.08333333333334	27.308317528159023
141.1	23.76823256809314
141.11666666666667	20.199230898239875
141.13333333333335	16.479959323673143
141.15	12.677447722745228
141.16666666666666	8.875445900744808
141.18333333333334	5.069992828287127
141.2	1.3658678433344562
141.2166666666667	-2.4003677254316926
141.23333333333335	-6.0433774191895395
141.25	-9.616984049179223
141.26666666666668	-13.128695709123122
141.28333333333333	-16.45887562043896
141.30000000000004	-19.572486170151365
141.31666666666666	-22.515273487196453
141.33333333333334	-25.271763908596654
141.35	-27.69003770321592
141.36666666666667	-29.943422509534344
141.38333333333335	-31.824581268644238
141.4	-33.469183377269644
141.41666666666666	-34.950067493930305
141.43333333333334	-35.980836670077
141.45	-36.7033708505229
141.4666666666667	-37.356036257352
141.48333333333335	-37.56764444228452
141.5	-37.5052119836829
141.51666666666668	-37.12170609464192
141.53333333333333	-36.440010227075675
141.55000000000004	-35.460088789803194
141.56666666666666	-34.25441807919577
141.58333333333334	-32.65063680584194
141.6	-30.79239889920774
141.61666666666667	-28.65478768345588
141.63333333333335	-26.37477102593607
141.65	-23.774923834866286
141.66666666666666	-21.042955789421796
141.68333333333334	-18.100103651500262
141.7	-14.942107870602456
141.7166666666667	-11.555311653772833
141.73333333333335	-8.116922496844268
141.75	-4.625796827616227
141.76666666666668	-1.0408054933851645
141.78333333333333	2.5760208477440756
141.80000000000004	6.280329034327906
141.81666666666666	10.002227959895436
141.83333333333334	13.765591816823644
141.85	17.401895566946564
141.86666666666667	21.107789742366208
141.88333333333335	24.66200734533561
141.9	28.143036775011637
141.91666666666666	31.45013360513002
141.93333333333334	34.567537507559564
141.95	37.44231093653093
141.9666666666667	40.23849160684779
141.98333333333335	42.66991363496601
142.0	44.906501888684716
142.01666666666668	46.86002396104482
142.03333333333333	48.62129079533668
142.05000000000004	50.21309426326036
142.06666666666666	51.47243378553162
142.08333333333334	52.4546855939202
142.1	52.97703406938649
142.11666666666667	53.29440460319552
142.13333333333335	53.3480990188682
142.15	52.953740775201425
142.16666666666666	52.34637839181278
142.18333333333334	51.45062598467098
142.2	50.272362913294955
142.2166666666667	48.72246018168454
142.23333333333335	46.905395627307314
142.25	44.76623823816112
142.26666666666668	42.4669270596504
142.28333333333333	39.85701763725638
142.30000000000004	37.05229936585192
142.31666666666666	34.167652416623355
142.33333333333334	31.01602425597889
142.35	27.717060135855093
142.36666666666667	24.306564211157024
142.38333333333335	20.71710098643598
142.4	17.013410378161495
142.41666666666666	13.363128258621828
142.43333333333334	9.5432435934311
142.45	5.691263831384504
142.4666666666667	1.8553159726953936
142.48333333333335	-1.8746565066589937
142.5	-5.49080300083358
142.51666666666668	-9.059193022956492
142.53333333333333	-12.548674729788331
142.55000000000004	-15.766829191726913
142.56666666666666	-18.972517582225862
142.58333333333334	-21.794161937672357
142.6	-24.50871441837654
142.61666666666667	-27.130428863437032
142.63333333333335	-29.407691816020247
142.65	-31.442201016282525
142.66666666666666	-33.26007192353984
142.68333333333334	-34.695406305412746
142.7	-35.78358451160244
142.7166666666667	-36.626002087774395
142.73333333333335	-37.18001297633032
142.75	-37.50235746929832
142.76666666666668	-37.517257471245216
142.78333333333333	-37.15167142177302
142.80000000000004	-36.51908408246038
142.81666666666666	-35.526869119216485
142.83333333333334	-34.300802169961685
142.85	-32.73821011659277
142.86666666666667	-30.92217854058822
142.88333333333335	-28.735301606091753
142.9	-26.429462547543494
142.91666666666666	-23.92051611867646
142.93333333333334	-21.17315833876779
142.95	-18.293460755946626
142.9666666666667	-15.158840512655843
142.98333333333335	-11.846505937057202
143.0	-8.458797851101053
143.01666666666668	-4.869365647259315
143.03333333333333	-1.2598687656683296
143.05000000000004	2.3911822816666017
143.06666666666666	6.144708298189755
143.08333333333334	9.826412222658348
143.1	13.478314388668423
143.11666666666667	17.202350284950512
143.13333333333335	20.80404823100787
143.15	24.32405454564673
143.16666666666666	27.725265136888993
143.18333333333334	31.001998826722797
143.2	34.232476436527804
143.2166666666667	37.237137871968116
143.23333333333335	39.900064487648706
143.25	42.40905401436578
143.26666666666668	44.67882576647935
143.28333333333333	46.68438979575109
143.30000000000004	48.51391771664487
143.31666666666666	50.04727313775794
143.33333333333334	51.40597920206244
143.35	52.364990335128084
143.36666666666667	52.9161364634914
143.38333333333335	53.24229751272128
143.4	53.3329378366783
143.41666666666666	53.028171185052315
143.43333333333334	52.55853611472372
143.45	51.58783834094521
143.4666666666667	50.43658836842508
143.48333333333335	48.89091901129149
143.5	47.185082821245146
143.51666666666668	45.20960626507974
143.53333333333333	42.87608179542815
143.55000000000004	40.344142456105146
143.56666666666666	37.54973118332248
143.58333333333334	34.56925092471624
143.6	31.4463288246518
143.61666666666667	28.187122092967797
143.63333333333335	24.689184233335368
143.65	21.219164567057987
143.66666666666666	17.481665407637024
143.68333333333334	13.744960055430283
143.7	9.937230533135335
143.7166666666667	6.153797785391362
143.73333333333335	2.412017267189526
143.75	-1.37770887339002
143.76666666666668	-5.116374050660227
143.78333333333333	-8.63385655199346
143.80000000000004	-12.151004594225128
143.81666666666666	-15.494749613970043
143.83333333333334	-18.577034705195615
143.85	-21.53895375967477
143.86666666666667	-24.36044777373354
143.88333333333335	-26.817198930951406
143.9	-29.155122631252425
143.91666666666666	-31.27354030087338
143.93333333333334	-33.054536600705546
143.95	-34.54811242959647
143.9666666666667	-35.76693394552774
143.98333333333335	-36.590590172735915
144.0	-37.18472712711116
144.01666666666668	-37.51495609307665
144.03333333333333	-37.45439617817283
144.05000000000004	-37.23460030562518
144.06666666666666	-36.52931370266094
144.08333333333334	-35.58049870097608
144.1	-34.38508298624072
144.11666666666667	-32.893683505469085
144.13333333333335	-31.095119984724477
144.15	-29.125177916904704
144.16666666666666	-26.81367387743552
144.18333333333334	-24.325075586795606
144.2	-21.5528473384216
144.2166666666667	-18.606313187269507
144.23333333333335	-15.51346480425093
144.25	-12.29932792725441
144.26666666666668	-8.868376913720795
144.28333333333333	-5.352601479820578
144.30000000000004	-1.7671588423737035
144.31666666666666	1.9717781294178849
144.33333333333334	5.5666356194874425
144.35	9.30005651782642
144.36666666666667	12.977128284357946
144.38333333333335	16.589217369139988
144.4	20.162698067459246
144.41666666666666	23.69796824423497
144.43333333333334	27.154654545847848
144.45	30.447802043220634
144.4666666666667	33.596474572680734
144.48333333333335	36.56451129320328
144.5	39.35537789130808
144.51666666666668	41.84192952355818
144.53333333333333	44.2082745363312
144.55000000000004	46.3456380147926
144.56666666666666	48.17861205237415
144.58333333333334	49.68652800890919
144.6	50.930838200805624
144.61666666666667	51.80563847018459
144.63333333333335	52.52202592349994
144.65	52.78913233282293
144.66666666666666	52.825581568762345
144.68333333333334	52.555626251366846
144.7	52.01356840227447
144.7166666666667	51.29428677469315
144.73333333333335	50.17549691505394
144.75	48.664261654844495
144.76666666666668	46.91721475527254
144.78333333333333	44.86249505911576
144.80000000000004	42.573067366539135
144.81666666666666	40.16279648892237
144.83333333333334	37.472455592735514
144.85	34.48637750027433
144.86666666666667	31.412344829538767
144.88333333333335	28.20612671597621
144.9	24.691656157691682
144.91666666666666	21.216146076307155
144.93333333333334	17.562012553906868
144.95	13.820093584075948
144.9666666666667	10.109277035575701
144.98333333333335	6.412419095824248
145.0	2.6130578530131743
145.01666666666668	-1.1561448913179788
145.03333333333333	-4.770799374554031
145.05000000000004	-8.412313994344572
145.06666666666666	-11.785067014745891
145.08333333333334	-15.14138837591122
145.1	-18.357901540354874
145.11666666666667	-21.343096193864085
145.13333333333335	-24.147130515957087
145.15	-26.616756421070193
145.16666666666666	-28.9596875836138
145.18333333333334	-30.94894776293836
145.2	-32.61654334465277
145.2166666666667	-34.184919474273784
145.23333333333335	-35.432696176293575
145.25	-36.38330550903589
145.26666666666668	-37.04663028822813
145.28333333333333	-37.3850184034967
145.30000000000004	-37.42450391291857
145.31666666666666	-37.20772626657879
145.33333333333334	-36.53521042661657
145.35	-35.60105783588847
145.36666666666667	-34.43647149771584
145.38333333333335	-32.98511887849702
145.4	-31.20537851033339
145.41666666666666	-29.2519595015533
145.43333333333334	-26.938984124836907
145.45	-24.4389459731982
145.4666666666667	-21.66541955794878
145.48333333333335	-18.76606676589836
145.5	-15.682072018359008
145.51666666666668	-12.492449205779508
145.53333333333333	-9.081912105543097
145.55000000000004	-5.669627417752963
145.56666666666666	-2.0766473198040103
145.58333333333334	1.5431813316206444
145.6	5.235377569472803
145.61666666666667	8.894350219604291
145.63333333333335	12.528245304560414
145.65	16.145797362106748
145.66666666666666	19.769866066058853
145.68333333333334	23.25936386632418
145.7	26.717280993583245
145.7166666666667	29.992386761114858
145.73333333333335	33.09232591330169
145.75	36.16556798957981
145.76666666666668	38.900109572249335
145.78333333333333	41.398787858863784
145.80000000000004	43.66877116625483
145.81666666666666	45.729062676725846
145.83333333333334	47.54678936441212
145.85	49.204110174217135
145.86666666666667	50.524661425042495
145.88333333333335	51.54726182675006
145.9	52.34935137180207
145.91666666666666	52.687026134253585
145.93333333333334	52.717305402370926
145.95	52.49225658857358
145.9666666666667	51.95217057802131
145.98333333333335	51.10545714344545
146.0	50.01618771812582
146.01666666666668	48.62668957008066
146.03333333333333	46.97873563685084
146.05000000000004	45.00999435135037
146.06666666666666	42.78752257225801
146.08333333333334	40.335504185414266
146.1	37.56900789582062
146.11666666666667	34.60731711794244
146.13333333333335	31.49871626783147
146.15	28.28154912453772
146.16666666666666	24.818974990701633
146.18333333333334	21.3490427161114
146.2	17.714722806780287
146.2166666666667	14.056935950254626
146.23333333333335	10.42884760001948
146.25	6.652494449229607
146.26666666666668	2.8926105693782347
146.28333333333333	-0.8770800488744044
146.30000000000004	-4.533689388928337
146.31666666666666	-8.08951968311851
146.33333333333334	-11.575661359606102
146.35	-14.791056076265022
146.36666666666667	-17.825151427808237
146.38333333333335	-20.738911081003835
146.4	-23.508850126082564
146.41666666666666	-26.12311897138079
146.43333333333334	-28.475596020231706
146.45	-30.588429646689747
146.4666666666667	-32.46025711465086
146.48333333333335	-34.01671780247216
146.5	-35.334662617695244
146.51666666666668	-36.27171241342762
146.53333333333333	-36.83925249882748
146.55000000000004	-37.206206316206305
146.56666666666666	-37.276798093607795
146.58333333333334	-37.095494905276325
146.6	-36.54880995348316
146.61666666666667	-35.655854368662176
146.63333333333335	-34.49237820603298
146.65	-33.03470979411725
146.66666666666666	-31.405131820614372
146.68333333333334	-29.389915785388894
146.7	-27.136723183739946
146.7166666666667	-24.700597655639058
146.73333333333335	-22.03452552523561
146.75	-19.345349924271204
146.76666666666668	-16.34487055103841
146.78333333333333	-13.185687084395227
146.80000000000004	-9.809336159897953
146.81666666666666	-6.290341999531961
146.83333333333334	-2.676248507410264
146.85	0.9438933448758462
146.86666666666667	4.604332794069023
146.88333333333335	8.31996838171409
146.9	11.885179611071408
146.91666666666666	15.518680215072209
146.93333333333334	19.031078291573294
146.95	22.64451987967857
146.9666666666667	26.111871933483144
146.98333333333335	29.514392732188924
147.0	32.68482962022716
147.01666666666668	35.626385493424664
147.03333333333333	38.41296198107824
147.05000000000004	40.864008558965
147.06666666666666	43.204626065187995
147.08333333333334	45.35987905838169
147.1	47.327406280704395
147.11666666666667	48.84442362922766
147.13333333333335	50.18957026690572
147.15	51.314521498219904
147.16666666666666	52.08964927113885
147.18333333333334	52.548210186066285
147.2	52.564395509189126
147.2166666666667	52.40756340272219
147.23333333333335	51.85345171140983
147.25	51.087640558114
147.26666666666668	50.10407339349126
147.28333333333333	48.74034145990328
147.30000000000004	47.181867294399694
147.31666666666666	45.29542145328094
147.33333333333334	43.15590318751447
147.35	40.63564838734152
147.36666666666667	37.884705084019345
147.38333333333335	34.968719767608945
147.4	31.75900589130606
147.41666666666666	28.51654633208034
147.43333333333334	25.234692846612916
147.45	21.716173575025437
147.4666666666667	18.193580089712043
147.48333333333335	14.549959173613047
147.5	10.76412631443685
147.51666666666668	6.995337368303069
147.53333333333333	3.1802375861750534
147.55000000000004	-0.5173163726092298
147.56666666666666	-4.22758744101958
147.58333333333334	-7.717407831796436
147.6	-11.183920091840491
147.61666666666667	-14.456009786647542
147.63333333333335	-17.55380788099677
147.65	-20.52162838713906
147.66666666666666	-23.333330545826357
147.68333333333334	-25.78931411573268
147.7	-28.248805371943376
147.7166666666667	-30.37134315510616
147.73333333333335	-32.22443769513853
147.75	-33.752416396690705
147.76666666666668	-35.00945865962484
147.78333333333333	-36.0800072552226
147.80000000000004	-36.7741761103681
147.81666666666666	-37.13097996092847
147.83333333333334	-37.24452601496807
147.85	-37.05217648889311
147.86666666666667	-36.57987434154734
147.88333333333335	-35.7157298788988
147.9	-34.57960263793814
147.91666666666666	-33.13954099504804
147.93333333333334	-31.51776806148422
147.95	-29.552990988154363
147.9666666666667	-27.33337891432791
147.98333333333335	-24.83997311431733
148.0	-22.229542042042056
148.01666666666668	-19.437972339847136
148.03333333333333	-16.451572231694854
148.05000000000004	-13.312335144318467
148.06666666666666	-9.954239742857794
148.08333333333334	-6.43602073495606
148.1	-2.8353812112133028
148.11666666666667	0.7697826056681265
148.13333333333335	4.45068333438951
148.15	8.174065111130915
148.16666666666666	11.849478184462782
148.18333333333334	15.489731585296113
148.2	18.963412069811454
148.2166666666667	22.37365677856434
148.23333333333335	25.69709785285181
148.25	28.876169924021383
148.26666666666668	31.93692083345462
148.28333333333333	34.880364570892425
148.30000000000004	37.68371840977386
148.31666666666666	40.408651192609625
148.33333333333334	42.71108028645813
148.35	44.815478480515594
148.36666666666667	46.60797474820407
148.38333333333335	48.265810760571526
148.4	49.52139143883517
148.41666666666666	50.5455552656598
148.43333333333334	51.395523002222035
148.45	51.78661397638149
148.4666666666667	51.986998951939654
148.48333333333335	51.752518568251446
148.5	51.423110151762046
148.51666666666668	50.605822466217376
148.53333333333333	49.565012668343684
148.55000000000004	48.315687836849406
148.56666666666666	46.58860724186093
148.58333333333334	44.69229970343531
148.6	42.552431563852565
148.61666666666667	40.306331146512775
148.63333333333335	37.61059341299324
148.65	34.80929870325997
148.66666666666666	31.711010772775182
148.68333333333334	28.510249313035274
148.7	25.18294790297125
148.7166666666667	21.648365304450635
148.73333333333335	18.102655505795326
148.75	14.495102984668733
148.76666666666668	10.792094170883388
148.78333333333333	7.160840523921479
148.80000000000004	3.5370006617030185
148.81666666666666	-0.1670757967794998
148.83333333333334	-3.8102430673546905
148.85	-7.435487680007725
148.86666666666667	-10.908585942840546
148.88333333333335	-14.29029152647388
148.9	-17.491109193391367
148.91666666666666	-20.435703792679078
148.93333333333334	-23.167231601540607
148.95	-25.681107052135985
148.9666666666667	-27.92484531699415
148.98333333333335	-29.945675641628497
149.0	-31.78952293873442
149.01666666666668	-33.46830765724445
149.03333333333333	-34.725916926090804
149.05000000000004	-35.72108175780659
149.06666666666666	-36.44648421455099
149.08333333333334	-36.66990210462433
149.1	-36.69509307481246
149.11666666666667	-36.479490085083285
149.13333333333335	-36.01235813790913
149.15	-35.399349849438806
149.16666666666666	-34.40765574669058
149.18333333333334	-33.13909596560791
149.2	-31.584411048913296
149.2166666666667	-29.601657151268114
149.23333333333335	-27.42742449232105
149.25	-24.818132049125325
149.26666666666668	-22.161080350893428
149.28333333333333	-19.303195851016312
149.30000000000004	-16.318255091176866
149.31666666666666	-13.266296732664443
149.33333333333334	-10.14190617710932
149.35	-6.854546055534911
149.36666666666667	-3.419554126483604
149.38333333333335	0.1110604097726764
149.4	3.833435140449069
149.41666666666666	7.578922449545416
149.43333333333334	11.391842699602535
149.45	15.206529811061614
149.4666666666667	18.85359356985441
149.48333333333335	22.253600823817806
149.5	25.55304740210056
149.51666666666668	28.690360017927674
149.53333333333333	31.670817122253027
149.55000000000004	34.62815656359635
149.56666666666666	37.50976587604424
149.58333333333334	40.23077087221594
149.6	42.74479451594533
149.61666666666667	44.93968217132726
149.63333333333335	46.75734165514052
149.65	48.39048369724128
149.66666666666666	49.65393448953341
149.68333333333334	50.619359110305254
149.7	51.420500947186724
149.7166666666667	51.81062794491214
149.73333333333335	52.03888733555834
149.75	52.12958855090716
149.76666666666668	51.819536562916085
149.78333333333333	51.0587213898018
149.80000000000004	50.160614489221416
149.81666666666666	48.74634769458589
149.83333333333334	47.0445803921902
149.85	45.24610593286519
149.86666666666667	43.22033713739137
149.88333333333335	40.85740382316379
149.9	38.34191510826736
149.91666666666666	35.57203187363598
149.93333333333334	32.57716150961471
149.95	29.398158552717973
149.9666666666667	26.047687435729642
149.98333333333335	22.518751454429207
150.0	18.845450389700204
150.01666666666668	15.208166254428988
150.03333333333333	11.51667927165397
150.05000000000004	7.8233032397405395
150.06666666666666	4.220943172030502
150.08333333333334	0.537968563542222
150.1	-3.0901448792074575
150.11666666666667	-6.666929153118986
150.13333333333335	-10.24898821811496
150.15	-13.600772738846786
150.16666666666666	-16.793964381928845
150.18333333333334	-19.771291547674195
150.2	-22.53558112306729
150.2166666666667	-25.18826793461926
150.23333333333335	-27.48165551784075
150.25	-29.574018851605786
150.26666666666668	-31.4453403676539
150.28333333333333	-33.140564449334306
150.30000000000004	-34.532788115377
150.31666666666666	-35.55115104965529
150.33333333333334	-36.37072282559319
150.35	-36.715716411557764
150.36666666666667	-36.729620909727714
150.38333333333335	-36.503400204288766
150.4	-36.02478238259965
150.41666666666666	-35.35343163405196
150.43333333333334	-34.342652494774484
150.45	-33.092070981527854
150.4666666666667	-31.53905644911515
150.48333333333335	-29.66856203883708
150.5	-27.56460516092818
150.51666666666668	-25.216172649779423
150.53333333333333	-22.573360079171607
150.55000000000004	-19.64313827144497
150.56666666666666	-16.614918982498352
150.58333333333334	-13.46229381842602
150.6	-10.2428895348325
150.61666666666667	-6.797940170082143
150.63333333333335	-3.3870679921715805
150.65	0.1898980714802292
150.66666666666666	3.766508117916487
150.68333333333334	7.37747922112419
150.7	11.113639829594888
150.7166666666667	14.760000342775243
150.73333333333335	18.362015663232512
150.75	21.81143780034961
150.76666666666668	25.25489621841257
150.78333333333333	28.538960583065375
150.80000000000004	31.653950217553984
150.81666666666666	34.62908222629267
150.83333333333334	37.41423310520929
150.85	40.07852196955963
150.86666666666667	42.573385342203096
150.88333333333335	44.657581451545695
150.9	46.549563979571076
150.91666666666666	48.236102725832154
150.93333333333334	49.55934282422038
150.95	50.585286501786925
150.9666666666667	51.436496517878425
150.98333333333335	51.89737846289347
151.0	52.16185345059421
151.01666666666668	52.22835699133702
151.03333333333333	51.83816176141357
151.05000000000004	51.168379920706116
151.06666666666666	50.25656573240599
151.08333333333334	48.90885653977284
151.1	47.30069347656115
151.11666666666667	45.43789672697085
151.13333333333335	43.35175537384532
151.15	41.04381460224772
151.16666666666666	38.561424219782225
151.18333333333334	35.7439053442389
151.2	32.73090697118408
151.2166666666667	29.560894501027178
151.23333333333335	26.26347422692686
151.25	22.757163083533953
151.26666666666668	19.2199976740161
151.28333333333333	15.550384414674113
151.30000000000004	11.891724296251141
151.31666666666666	8.168970027391424
151.33333333333334	4.515745106682743
151.35	0.7936570277597639
151.36666666666667	-2.793450624511877
151.38333333333335	-6.385176713720398
151.4	-9.858707805163363
151.41666666666666	-13.255478988367713
151.43333333333334	-16.465215127879162
151.45	-19.484129083335574
151.4666666666667	-22.334480030134785
151.48333333333335	-24.808335899177337
151.5	-27.274116571743093
151.51666666666668	-29.394867204008563
151.53333333333333	-31.33601214318844
151.55000000000004	-33.03388550573982
151.56666666666666	-34.437092144391215
151.58333333333334	-35.5140078969838
151.6	-36.37372950658266
151.61666666666667	-36.77624824436316
151.63333333333335	-36.82987171171419
151.65	-36.60494336913035
151.66666666666666	-36.16860211200026
151.68333333333334	-35.44379230014226
151.7	-34.45685473587946
151.7166666666667	-33.11977907436841
151.73333333333335	-31.55267257662672
151.75	-29.684910153284648
151.76666666666668	-27.527149868444212
151.78333333333333	-25.263868097862883
151.80000000000004	-22.649851157346006
151.81666666666666	-19.821408592782802
151.83333333333334	-16.77763866601515
151.85	-13.648095644748082
151.86666666666667	-10.42127654657105
151.88333333333335	-7.1053426308328085
151.9	-3.644384437396525
151.91666666666666	-0.04865563675184603
151.93333333333334	3.512139918878688
151.95	7.181744981191798
151.9666666666667	10.857060498711405
151.98333333333335	14.425679590799291
152.0	17.89402208780973
152.01666666666668	21.434276633388265
152.03333333333333	24.709900926495266
152.05000000000004	27.94796960228831
152.06666666666666	31.14383317768636
152.08333333333334	34.306462349319986
152.1	37.25371295314869
152.11666666666667	39.82326430870444
152.13333333333335	42.33465863657261
152.15	44.519803292278255
152.16666666666666	46.44473927117156
152.18333333333334	48.079205714025136
152.2	49.496525191121464
152.2166666666667	50.53943281225082
152.23333333333335	51.426354616851086
152.25	51.95986688834705
152.26666666666668	52.22883438110978
152.28333333333333	52.272956196996915
152.30000000000004	51.76538892448764
152.31666666666666	51.11052828620677
152.33333333333334	50.16475828698492
152.35	48.86935001617189
152.36666666666667	47.32766046376389
152.38333333333335	45.52554381329463
152.4	43.48397989767534
152.41666666666666	41.23069447866828
152.43333333333334	38.66652019416517
152.45	35.838189978808714
152.4666666666667	32.78409115875496
152.48333333333335	29.611938732550584
152.5	26.315918504080855
152.51666666666668	22.789661313013653
152.53333333333333	19.30468025544576
152.55000000000004	15.694717399470278
152.56666666666666	11.99491961180911
152.58333333333334	8.342781596928717
152.6	4.634686934728734
152.61666666666667	0.9064315873663418
152.63333333333335	-2.7099049390274104
152.65	-6.280241101954857
152.66666666666666	-9.747415234352047
152.68333333333334	-13.14493901162183
152.7	-16.396215174236545
152.7166666666667	-19.373163907721448
152.73333333333335	-22.22981801569273
152.75	-24.85345678826559
152.76666666666668	-27.207934911037114
152.78333333333333	-29.427525950166114
152.80000000000004	-31.3810927830865
152.81666666666666	-33.104171826200286
152.83333333333334	-34.43225009497928
152.85	-35.57152473086012
152.86666666666667	-36.351645865637465
152.88333333333335	-36.76093387210835
152.9	-36.93614057113223
152.91666666666666	-36.63898900782334
152.93333333333334	-36.298356980474296
152.95	-35.53618017918643
152.9666666666667	-34.519412959467445
152.98333333333335	-33.3147241249618
153.0	-31.735438091981678
153.01666666666668	-29.89560813413857
153.03333333333333	-27.71293087642789
153.05000000000004	-25.406785472562206
153.06666666666666	-22.761772421060414
153.08333333333334	-19.99842318509883
153.1	-16.941230857106746
153.11666666666667	-13.75290675017078
153.13333333333335	-10.5277761132578
153.15	-7.2590854373153775
153.16666666666666	-3.807393854935299
153.18333333333334	-0.32942637209231407
153.2	3.2497003370549464
153.2166666666667	6.984258682715506
153.23333333333335	10.511422248646113
153.25	14.173484033328464
153.26666666666668	17.76193697692497
153.28333333333333	21.259793284187822
153.30000000000004	24.673073209017616
153.31666666666666	27.86627504913025
153.33333333333334	30.931274646346594
153.35	33.84989926690969
153.36666666666667	36.66029015664333
153.38333333333335	39.377315611743825
153.4	41.71622802988321
153.41666666666666	43.9271027576948
153.43333333333334	45.79530488210912
153.45	47.483590482068166
153.4666666666667	48.9030509269802
153.48333333333335	49.910479877025864
153.5	50.71235861990175
153.51666666666668	51.327686451500654
153.53333333333333	51.59549610104136
153.55000000000004	51.590905883960545
153.56666666666666	51.352612022535936
153.58333333333334	50.66666428613041
153.6	49.69565432515799
153.61666666666667	48.47766734322204
153.63333333333335	46.92895729098689
153.65	45.15291224507786
153.66666666666666	43.203679594904884
153.68333333333334	40.867043393783945
153.7	38.388253446624276
153.7166666666667	35.633213764878406
153.73333333333335	32.70598668490811
153.75	29.60240152674328
153.76666666666668	26.401353936948112
153.78333333333333	22.940778975264607
153.80000000000004	19.412371134020646
153.81666666666666	15.71747354502753
153.83333333333334	12.13498913722674
153.85	8.504749139297587
153.86666666666667	4.799783297892645
153.88333333333335	1.1749929673522956
153.9	-2.435149135195161
153.91666666666666	-5.955424957750893
153.93333333333334	-9.39978629592423
153.95	-12.699699617615238
153.9666666666667	-15.833067686082018
153.98333333333335	-18.787655606093494
154.0	-21.61319652389244
154.01666666666668	-24.278555952953297
154.03333333333333	-26.62655747732242
154.05000000000004	-28.784892043939976
154.06666666666666	-30.647535525814078
154.08333333333334	-32.40282857773019
154.1	-33.7976201992841
154.11666666666667	-34.778206283092004
154.13333333333335	-35.562513762359
154.15	-36.158215083275195
154.16666666666666	-36.40042952329418
154.18333333333334	-36.34710689354989
154.2	-35.8523788153899
154.2166666666667	-35.199148146152936
154.23333333333335	-34.3127110745678
154.25	-33.11669360343694
154.26666666666668	-31.587062182541388
154.28333333333333	-29.78239830782161
154.30000000000004	-27.642521304588286
154.31666666666666	-25.40141364156318
154.33333333333334	-22.83191632158048
154.35	-20.142710414300893
154.36666666666667	-17.297051888096917
154.38333333333335	-14.3332087665799
154.4	-11.123323746904646
154.41666666666666	-7.779731164445252
154.43333333333334	-4.364674831091293
154.45	-0.8247434981049082
154.4666666666667	2.8038856765879245
154.48333333333335	6.395318517190049
154.5	10.025643182919225
154.51666666666668	13.699731085954568
154.53333333333333	17.199574111390007
154.55000000000004	20.737919220247363
154.56666666666666	24.093938025781085
154.58333333333334	27.475140595668563
154.6	30.633592070138832
154.61666666666667	33.60627887505552
154.63333333333335	36.47916712161248
154.65	39.187680995695985
154.66666666666666	41.65684645698093
154.68333333333334	43.80640535481308
154.7	45.714690994321586
154.7166666666667	47.44910671517653
154.73333333333335	48.80687708776986
154.75	49.93033558454431
154.76666666666668	50.7144504572687
154.78333333333333	51.37060911087167
154.80000000000004	51.62486868937714
154.81666666666666	51.61044535934258
154.83333333333334	51.37801678742278
154.85	50.71366822267339
154.86666666666667	49.722768716044186
154.88333333333335	48.558904739404966
154.9	47.150038559455425
154.91666666666666	45.45623884674694
154.93333333333334	43.46038715877626
154.95	41.262143764797884
154.9666666666667	38.69216802838986
154.98333333333335	35.978254308649525
155.0	33.001670750937365
155.01666666666668	30.052100674933513
155.03333333333333	26.82397445996844
155.05000000000004	23.419191180763733
155.06666666666666	19.934500803538242
155.08333333333334	16.31801237552122
155.1	12.696123286329112
155.11666666666667	9.004938381576721
155.13333333333335	5.436355173519132
155.15	1.722872089662701
155.16666666666666	-1.8446596865026663
155.18333333333334	-5.42617397418627
155.2	-8.827169252650549
155.2166666666667	-12.214140760033729
155.23333333333335	-15.4496904576323
155.25	-18.469768087981265
155.26666666666668	-21.345763164527455
155.28333333333333	-24.002033852290765
155.30000000000004	-26.530311986123934
155.31666666666666	-28.652724033593927
155.33333333333334	-30.60818058819467
155.35	-32.34944303830116
155.36666666666667	-33.649112897149394
155.38333333333335	-34.68835047986721
155.4	-35.53763469821831
155.41666666666666	-36.11028131442674
155.43333333333334	-36.410815114973275
155.45	-36.42398433459607
155.4666666666667	-36.044955081092326
155.48333333333335	-35.46207610047168
155.5	-34.52475289796013
155.51666666666668	-33.300240765487615
155.53333333333333	-31.742860377952297
155.55000000000004	-29.94240094188615
155.56666666666666	-27.80425317955155
155.58333333333334	-25.535073752241544
155.6	-23.08756231731695
155.61666666666667	-20.474607917045432
155.63333333333335	-17.58522837942553
155.65	-14.547598912566627
155.66666666666666	-11.344284439959893
155.68333333333334	-8.012911832438306
155.7	-4.639752282922245
155.7166666666667	-1.1446642850412445
155.73333333333335	2.3498907553514528
155.75	5.992276692567884
155.76666666666668	9.528395519181515
155.78333333333333	13.111033781875221
155.80000000000004	16.7318009500504
155.81666666666666	20.207793463546693
155.83333333333334	23.654036020545618
155.85	26.90247264819942
155.86666666666667	30.04327372165301
155.88333333333335	33.173128463890464
155.9	36.10617015267758
155.91666666666666	38.81694088154654
155.93333333333334	41.18828602518295
155.95	43.50433503209945
155.9666666666667	45.49481633672269
155.98333333333335	47.25730748685339
156.0	48.703242410092344
156.01666666666668	49.85094413596289
156.03333333333333	50.73849922640534
156.05000000000004	51.37309342268759
156.06666666666666	51.64041276586198
156.08333333333334	51.63959186237014
156.1	51.40561095379576
156.11666666666667	50.78525323270799
156.13333333333335	49.79001897636772
156.15	48.61318434075406
156.16666666666666	47.20394979788671
156.18333333333334	45.54380264346503
156.2	43.540818478941105
156.2166666666667	41.39092466801043
156.23333333333335	38.92437167817957
156.25	36.219798287022115
156.26666666666668	33.38646544820506
156.28333333333333	30.347988672237193
156.30000000000004	27.165118993013607
156.31666666666666	23.79925526766482
156.33333333333334	20.3230735629503
156.35	16.755658985377295
156.36666666666667	13.138505795166964
156.38333333333335	9.488349674560254
156.4	5.767206763202523
156.41666666666666	2.188369204900596
156.43333333333334	-1.4630488699718853
156.45	-4.98647036422733
156.4666666666667	-8.402426545253775
156.48333333333335	-11.648273035543468
156.5	-14.902322333988309
156.51666666666668	-17.8928776423179
156.53333333333333	-20.675902225950836
156.55000000000004	-23.407147140804057
156.56666666666666	-25.808481584106858
156.58333333333334	-28.066515912348336
156.6	-30.17874207230102
156.61666666666667	-31.869131066156115
156.63333333333335	-33.31539701012866
156.65	-34.43091542747908
156.66666666666666	-35.334921778122066
156.68333333333334	-35.8517712745583
156.7	-36.1438483465713
156.7166666666667	-36.185621616324966
156.73333333333335	-35.8699618472433
156.75	-35.260776652487436
156.76666666666668	-34.34241183509698
156.78333333333333	-33.235796664563736
156.80000000000004	-31.700300050714873
156.81666666666666	-29.938727349954434
156.83333333333334	-27.876926519521646
156.85	-25.594291453565802
156.86666666666667	-23.19477738993885
156.88333333333335	-20.55494428087968
156.9	-17.668827155306815
156.91666666666666	-14.591268981580129
156.93333333333334	-11.45326963484581
156.95	-8.213701656706405
156.9666666666667	-4.765944244184652
156.98333333333335	-1.335746532260714
157.0	2.2455490892600665
157.01666666666668	5.776279578353069
157.03333333333333	9.367761637193894
157.05000000000004	12.952302589189344
157.06666666666666	16.412559359829686
157.08333333333334	19.907400806796545
157.1	23.333577860259652
157.11666666666667	26.624520986799553
157.13333333333335	29.757801058623954
157.15	32.729323974523936
157.16666666666666	35.568501302037305
157.18333333333334	38.2937926713588
157.2	40.7292180801752
157.2166666666667	42.94827398192194
157.23333333333335	44.87173358740529
157.25	46.58599838258368
157.26666666666668	48.088644004616526
157.28333333333333	49.42474415949948
157.30000000000004	50.40798789733037
157.31666666666666	50.961438476369835
157.33333333333334	51.314101470034984
157.35	51.42274650844047
157.36666666666667	51.220322081048494
157.38333333333335	50.67193737079754
157.4	49.787126855604015
157.41666666666666	48.62816040997552
157.43333333333334	47.254845814880014
157.45	45.572665015174266
157.4666666666667	43.589056133542044
157.48333333333335	41.408008700763844
157.5	38.90625524127398
157.51666666666668	36.27952759730567
157.53333333333333	33.45655939991826
157.55000000000004	30.449060289654085
157.56666666666666	27.295505171060086
157.58333333333334	23.9457636266975
157.6	20.47761904389347
157.61666666666667	16.893116062984745
157.63333333333335	13.316913447037109
157.65	9.619717757268859
157.66666666666666	5.97239579887264
157.68333333333334	2.2912773585835566
157.7	-1.3274995597208772
157.7166666666667	-4.818011460604339
157.73333333333335	-8.28987154095222
157.75	-11.593444693827678
157.76666666666668	-14.769801312456138
157.78333333333333	-17.723871649985654
157.80000000000004	-20.615535614262114
157.81666666666666	-23.32729745341686
157.83333333333334	-25.695898841430846
157.85	-27.9101904055525
157.86666666666667	-29.761527299420607
157.88333333333335	-31.49023109587995
157.9	-32.93171422482999
157.91666666666666	-34.09443097406188
157.93333333333334	-35.109961908466346
157.95	-35.64422439614668
