0.0	-99.3780487804878
0.01666666666666667	-100.49077551353406
0.03333333333333334	-101.2555562142415
0.05000000000000002	-101.47734265797527
0.06666666666666667	-101.42848801389954
0.08333333333333333	-100.87704213691526
0.09999999999999999	-99.85890784814251
0.11666666666666667	-98.51965831258121
0.13333333333333336	-97.06084073324124
0.15	-95.34370215326385
0.16666666666666669	-93.24017685291727
0.18333333333333338	-90.71560930012362
0.2	-87.82272095149858
0.21666666666666667	-84.47029284700079
0.2333333333333333	-80.78832933447256
0.25	-76.70123676944317
0.26666666666666666	-72.32640019727884
0.2833333333333333	-67.6458936622198
0.3	-63.028895989438695
0.3166666666666667	-58.10676473399559
0.33333333333333337	-53.01471256345539
0.35000000000000003	-47.81736568019318
0.3666666666666667	-42.33150430948086
0.38333333333333336	-36.857509172008236
0.4	-31.21469455507895
0.4166666666666667	-25.48899412622484
0.4333333333333333	-19.64807815369568
0.45000000000000007	-13.758374995462873
0.4666666666666667	-7.686413367878572
0.48333333333333334	-1.626881292255348
0.5000000000000001	4.378736375382346
0.5166666666666666	10.368681534265988
0.5333333333333333	16.181177225128977
0.5499999999999999	21.954729437402193
0.5666666666666667	27.419788982162856
0.5833333333333333	32.69543380114942
0.6	37.73035439354658
0.6166666666666666	42.54381723676897
0.6333333333333333	46.985878578691825
0.6499999999999999	51.07926921850185
0.6666666666666666	54.884002955080746
0.6833333333333332	58.50483948062322
0.7	61.95698664540197
0.7166666666666667	65.11069743834048
0.7333333333333333	67.88922725080067
0.75	70.54899740760459
0.7666666666666666	72.77646741200863
0.7833333333333333	74.57649883458777
0.7999999999999999	75.9677401727497
0.8166666666666667	76.6903504448403
0.8333333333333333	77.03357915222273
0.85	76.84101749307206
0.8666666666666666	76.36111509669462
0.8833333333333333	75.59589223853328
0.8999999999999999	74.48265103544571
0.9166666666666666	72.98335512472704
0.9333333333333332	71.01837199242789
0.9499999999999998	68.68498341454921
0.9666666666666667	66.0598017828105
0.9833333333333334	62.81729381143151
0.9999999999999999	59.356964736791724
1.0166666666666666	55.62776610436492
1.0333333333333334	51.500731974205735
1.05	47.05706624505467
1.0666666666666667	42.2561637327251
1.0833333333333335	37.442979291324946
1.1	32.24739321102845
1.1166666666666667	26.84635180577709
1.1333333333333333	21.089359146705647
1.1500000000000001	15.099874139607152
1.1666666666666667	8.955854794501079
1.1833333333333333	2.8555935953808103
1.2	-3.2687972646368735
1.2166666666666668	-9.28658033945419
1.2333333333333334	-15.31009788360501
1.25	-21.32298896874397
1.2666666666666668	-27.331642036869653
1.2833333333333334	-33.364044834871265
1.3	-39.35320079443454
1.3166666666666667	-45.29850745731591
1.3333333333333335	-51.04523671696501
1.35	-56.58988319031806
1.3666666666666667	-61.759365939596705
1.3833333333333333	-66.55456662558618
1.4000000000000001	-71.1463078047538
1.4166666666666667	-75.51380878427562
1.4333333333333333	-79.48699603745195
1.45	-83.24307132140507
1.4666666666666668	-86.76582383753359
1.4833333333333334	-89.83489366097379
1.5	-92.54108707507362
1.5166666666666668	-95.0846036139173
1.5333333333333334	-97.24736741616158
1.55	-99.0127515803693
1.5666666666666667	-100.41809048981031
1.5833333333333335	-101.34120468548932
1.6	-101.80350260315026
1.6166666666666667	-101.9197259941663
1.6333333333333333	-101.7155903580408
1.6500000000000001	-100.92618222154789
1.6666666666666667	-100.02223203872512
1.6833333333333333	-98.49942626052069
1.7	-96.50394752388186
1.7166666666666668	-94.27399096228135
1.7333333333333334	-91.59457284306836
1.75	-88.65764962954376
1.7666666666666666	-85.42896354031353
1.7833333333333334	-81.95881373647109
1.8	-78.34833123362404
1.8166666666666667	-74.31064448569657
1.8333333333333335	-69.97423226230123
1.85	-65.42323401638743
1.8666666666666667	-60.44777202614449
1.8833333333333333	-55.271270714915545
1.9000000000000001	-49.94903552143987
1.9166666666666667	-44.496497670433286
1.9333333333333333	-38.89830710449587
1.95	-33.36070035369664
1.9666666666666668	-27.599728859217066
1.9833333333333332	-21.71718851410867
2.0000000000000004	-15.852862086884784
2.0166666666666666	-9.846347462348149
2.033333333333333	-3.8945973835310497
2.05	1.7625814890636775
2.0666666666666664	7.591540566182232
2.083333333333333	13.37960215643352
2.0999999999999996	18.973979974587678
2.1166666666666667	24.496928259472156
2.1333333333333333	29.78940257657314
2.15	34.90111371868642
2.1666666666666665	39.81013326432645
2.183333333333333	44.5274154322089
2.1999999999999997	48.9222205616054
2.2166666666666663	53.00277808104374
2.233333333333333	56.69275066390958
2.25	60.2653930438446
2.2666666666666666	63.5637608322956
2.283333333333333	66.41422087337963
2.3	68.88830527211945
2.3166666666666664	71.0108381412611
2.333333333333333	72.70516447566166
2.3499999999999996	74.27165051040168
2.3666666666666667	75.49974941617751
2.3833333333333333	76.22130511576432
2.4	76.58975899476923
2.4166666666666665	76.42429989943656
2.433333333333333	75.70602234963519
2.4499999999999997	74.62662901110548
2.4666666666666663	73.08908355617211
2.483333333333333	70.9789120764874
2.5	68.64867953895055
2.5166666666666666	66.02779528263085
2.533333333333333	62.89535905416096
2.55	59.610327894433226
2.5666666666666664	55.92782521522798
2.583333333333333	51.82985667051395
2.5999999999999996	47.53519360458779
2.6166666666666667	42.945831702080454
2.6333333333333333	37.96237449676926
2.65	32.71968248796372
2.6666666666666665	27.450812972967412
2.683333333333333	21.90221233364457
2.6999999999999997	16.050780625705897
2.7166666666666663	9.984707481835017
2.733333333333333	3.869829598512183
2.75	-2.2865291339334135
2.7666666666666666	-8.42063146155806
2.783333333333333	-14.436373666791837
2.8	-20.497595004310313
2.8166666666666664	-26.44554218776142
2.833333333333333	-32.32872555944965
2.8499999999999996	-38.18506172374953
2.8666666666666667	-43.99906175770536
2.8833333333333333	-49.589509179195204
2.9	-55.084118609483625
2.9166666666666665	-60.4172426738499
2.933333333333333	-65.42484101284771
2.9499999999999997	-70.2532570869781
2.9666666666666663	-74.7836366986617
2.983333333333333	-78.8553884753859
3.0	-82.46295432582008
3.0166666666666666	-86.05647303527019
3.033333333333333	-89.33286355657663
3.05	-92.14212252541452
3.0666666666666664	-94.6943253572793
3.083333333333333	-96.68729617368058
3.0999999999999996	-98.356426966289
3.1166666666666667	-99.8152473227367
3.1333333333333333	-100.66538755328415
3.15	-101.23951791721811
3.1666666666666665	-101.48243730909309
3.183333333333333	-101.29917261826111
3.1999999999999997	-100.69652235751778
3.2166666666666663	-99.65524861167026
3.233333333333333	-98.28124377524631
3.25	-96.48720620170138
3.2666666666666666	-94.43423787450749
3.283333333333333	-91.91665155901595
3.3	-89.20880994204595
3.3166666666666664	-86.10845766483561
3.333333333333333	-82.61885142552148
3.3499999999999996	-78.79062108247064
3.3666666666666663	-74.63868003545451
3.3833333333333333	-70.37743867127216
3.4	-65.93701749613038
3.4166666666666665	-61.37473702574286
3.433333333333333	-56.36931038969507
3.4499999999999997	-51.28779334571399
3.4666666666666663	-45.869053045473095
3.483333333333333	-40.23042957498535
3.5	-34.53135606508317
3.5166666666666666	-28.655586839628256
3.533333333333333	-22.702642892525887
3.55	-16.732320112033108
3.5666666666666664	-10.717096933446328
3.583333333333333	-4.813420406371108
3.5999999999999996	1.0002142503316804
3.6166666666666663	6.640498671175749
3.6333333333333333	12.353202156155021
3.65	17.86443274114947
3.6666666666666665	23.356018667998228
3.683333333333333	28.6644824089758
3.6999999999999997	33.80166626737184
3.7166666666666663	38.73554523321832
3.733333333333333	43.52812556356798
3.75	48.077842376067224
3.7666666666666666	52.289990024741655
3.783333333333333	56.334587917545264
3.8	60.00387788729995
3.8166666666666664	63.17693744365789
3.833333333333333	66.25477774577587
3.8499999999999996	68.84855889884244
3.8666666666666663	71.036804873667
3.8833333333333333	72.75621694025608
3.9	74.25976376616654
3.9166666666666665	75.50170053888667
3.933333333333333	76.34644383267306
3.9499999999999997	76.7216662545153
3.9666666666666663	76.7031437946759
3.983333333333333	76.22928125125333
3.9999999999999996	75.44564315788756
4.016666666666667	74.19266608202372
4.033333333333332	72.56166890048462
4.05	70.39873042667449
4.066666666666666	67.85416114652077
4.083333333333334	64.78635467910732
4.1000000000000005	61.53436003044942
4.116666666666667	57.85873360446635
4.133333333333334	53.84301820531704
4.15	49.57802177986622
4.166666666666667	45.0111431293916
4.183333333333334	40.150832489487925
4.2	35.17788268555307
4.216666666666667	30.005509389561382
4.233333333333333	24.471242527194477
4.25	18.73268805048218
4.266666666666667	12.841204501526818
4.283333333333333	6.807852225000829
4.3	0.6823622975953185
4.316666666666667	-5.444542145798437
4.333333333333334	-11.492669208200766
4.3500000000000005	-17.58979070013072
4.366666666666667	-23.58594074035358
4.383333333333334	-29.50603302348327
4.4	-35.406259472932106
4.416666666666667	-41.21694102509173
4.433333333333334	-46.90619894396204
4.45	-52.45081205272095
4.466666666666667	-57.71000757233739
4.483333333333333	-62.697438685652884
4.5	-67.4529774267611
4.516666666666667	-72.12020513513619
4.533333333333333	-76.46406168693983
4.55	-80.42459504561134
4.566666666666667	-84.21083593451658
4.583333333333334	-87.514818060261
4.6000000000000005	-90.4130381647548
4.616666666666667	-93.11897160986922
4.633333333333334	-95.37192571274795
4.65	-97.19132336224175
4.666666666666667	-98.68877436778087
4.683333333333334	-99.63881462404538
4.7	-100.29237787197434
4.716666666666667	-100.62121330084472
4.733333333333333	-100.55018185447125
4.75	-100.04829595227511
4.766666666666667	-99.31270470060434
4.783333333333333	-98.13959839485511
4.8	-96.52707612607131
4.816666666666667	-94.51092619772731
4.833333333333334	-92.18381740837867
4.8500000000000005	-89.43140918938718
4.866666666666667	-86.41983469529268
4.883333333333334	-83.09101069048444
4.9	-79.39873644600539
4.916666666666667	-75.4826930097293
4.933333333333334	-71.28462835077619
4.95	-66.74247146301121
4.966666666666667	-62.07156133641098
4.983333333333333	-57.198200623700444
5.0	-52.205331083725696
5.016666666666667	-46.98794061886528
5.033333333333333	-41.548697280005086
5.05	-36.03441973414124
5.066666666666667	-30.409386626055436
5.083333333333334	-24.553271570455763
5.1000000000000005	-18.630520844416537
5.116666666666667	-12.646279341569425
5.133333333333334	-6.708969845858974
5.15	-0.7892393582247905
5.166666666666667	5.044745681237032
5.183333333333334	10.682641326576345
5.2	16.2912643450386
5.216666666666667	21.826503313905505
5.233333333333333	27.0597066802477
5.25	32.09081709782117
5.266666666666667	36.887838455050996
5.283333333333333	41.63103672936893
5.3	46.0817256542482
5.316666666666667	50.384459597165176
5.333333333333334	54.47942139405211
5.3500000000000005	58.26208650534852
5.366666666666667	61.77170176373812
5.383333333333334	64.7457916443654
5.4	67.53251253659005
5.416666666666667	69.83905039429737
5.433333333333334	71.71390285951833
5.45	73.28844022329355
5.466666666666667	74.57960059732784
5.483333333333333	75.37051961694903
5.5	75.75822365295983
5.516666666666667	75.736324712066
5.533333333333333	75.37760118531003
5.55	74.62484967925707
5.566666666666667	73.47440288146436
5.583333333333334	71.85545849255408
5.6000000000000005	69.75160073226061
5.616666666666667	67.38849855973723
5.633333333333334	64.63619063863081
5.65	61.43300578298192
5.666666666666667	57.91560147289897
5.683333333333334	53.94273044593831
5.7	49.69589274789598
5.716666666666667	45.24340868342961
5.733333333333333	40.64564466824345
5.75	35.67899537403679
5.766666666666667	30.49882311015881
5.783333333333333	25.10855892513098
5.8	19.451693368988003
5.816666666666667	13.728468884516474
5.833333333333334	7.81096971009805
5.8500000000000005	1.7735323788863298
5.866666666666667	-4.290703312869482
5.883333333333334	-10.353815250384173
5.9	-16.387194052889072
5.916666666666667	-22.477048142516992
5.933333333333334	-28.44085462696148
5.95	-34.37086694362097
5.966666666666667	-40.220833127148694
5.983333333333333	-45.97243133991714
6.0	-51.519425733786306
6.016666666666667	-56.720382530593525
6.033333333333333	-61.66096722136564
6.05	-66.40965973836097
6.066666666666667	-71.09312696163286
6.083333333333334	-75.43723845558236
6.1000000000000005	-79.4177381183049
6.116666666666667	-83.24169916738526
6.133333333333334	-86.6417545997353
6.15	-89.60164552226291
6.166666666666667	-92.3187831320918
6.183333333333334	-94.6254904376982
6.2	-96.48760277922025
6.216666666666667	-98.07004109525354
6.233333333333333	-99.3477805657451
6.25	-100.09855154081873
6.266666666666667	-100.5289920399778
6.283333333333333	-100.48417819654208
6.3	-100.10171794458137
6.316666666666667	-99.40010484554244
6.333333333333334	-98.27713083429563
6.3500000000000005	-96.69657035875497
6.366666666666667	-94.69712583583782
6.383333333333334	-92.39330943987972
6.4	-89.6835444064715
6.416666666666667	-86.70582762180771
6.433333333333334	-83.3813237087167
6.45	-79.76392298514176
6.466666666666667	-75.88104513400805
6.483333333333333	-71.8102348209608
6.5	-67.33985908225779
6.516666666666667	-62.71805121032014
6.533333333333333	-57.66549650678763
6.55	-52.56486714044155
6.566666666666666	-47.32942264619879
6.583333333333334	-41.94874768483831
6.6000000000000005	-36.555719804690284
6.616666666666667	-30.991055545734753
6.633333333333334	-25.36961786403066
6.65	-19.576691146954886
6.666666666666667	-13.696028948746743
6.683333333333334	-7.688932460326384
6.7	-1.8290935360373624
6.716666666666667	4.078491606617035
6.733333333333333	9.697381980341163
6.75	15.327011764365977
6.766666666666667	20.854346658312863
6.783333333333333	26.15529257834021
6.8	31.468071367711786
6.816666666666666	36.533825505707966
6.833333333333334	41.311600750105754
6.8500000000000005	45.908976185228994
6.866666666666667	50.17250646346571
6.883333333333334	54.41582650132489
6.9	58.25362940850971
6.916666666666667	61.80199151865588
6.933333333333334	64.8366871263841
6.95	67.61589765155236
6.966666666666667	70.01458675225854
6.983333333333333	71.92331006317937
7.0	73.57507045398546
7.016666666666667	74.8288357748915
7.033333333333333	75.70034526849093
7.05	76.16014708217767
7.066666666666666	76.41073727538065
7.083333333333334	76.19544016744027
7.1000000000000005	75.56211445594363
7.116666666666667	74.51671486996946
7.133333333333334	72.93488302563952
7.15	70.93126994257881
7.166666666666667	68.61504340863837
7.183333333333334	65.87751064713615
7.2	62.72840257524433
7.216666666666667	59.35783578533557
7.233333333333333	55.69054821876034
7.25	51.604724620511774
7.266666666666667	47.2743068233965
7.283333333333333	42.719446425113574
7.3	37.76010783845277
7.316666666666666	32.578615325377655
7.333333333333334	27.299304656759944
7.3500000000000005	21.711966610023296
7.366666666666667	15.934382612217178
7.383333333333334	10.05261441907038
7.4	3.944319600993879
7.416666666666667	-2.1507922525105414
7.433333333333334	-8.224825417460295
7.45	-14.308480794490947
7.466666666666667	-20.420441895457316
7.483333333333333	-26.409785827299856
7.5	-32.393531713281675
7.516666666666667	-38.279603481179436
7.533333333333333	-44.05440453370056
7.55	-49.57521804216279
7.566666666666666	-54.947970781472065
7.583333333333334	-60.22217503231633
7.6000000000000005	-65.11614721434213
7.616666666666667	-69.80928576039952
7.633333333333334	-74.13001354673827
7.65	-78.24026798844545
7.666666666666667	-82.1358293866194
7.683333333333334	-85.65446570855238
7.7	-88.672457574124
7.716666666666667	-91.37858494078984
7.733333333333333	-93.64144508874506
7.75	-95.57645797700212
7.766666666666667	-97.28322723302233
7.783333333333333	-98.50963954815393
7.8	-99.41805794097971
7.816666666666666	-99.97846327323828
7.833333333333334	-100.24130515541941
7.8500000000000005	-99.90875820722687
7.866666666666667	-99.35821866124655
7.883333333333334	-98.32288937155701
7.9	-96.74944688794977
7.916666666666667	-94.82602187393135
7.933333333333333	-92.50205873691047
7.95	-90.03920195627268
7.966666666666668	-87.30646774336802
7.983333333333333	-84.21920152590687
8.000000000000002	-80.66454445333227
8.016666666666667	-76.87083942324978
8.033333333333333	-72.6049616335194
8.05	-68.19051029357337
8.066666666666666	-63.616442903306876
8.083333333333332	-58.69479776784931
8.100000000000001	-53.58023836156033
8.116666666666667	-48.42005077008707
8.133333333333333	-43.124971674364275
8.149999999999999	-37.620595558778405
8.166666666666668	-32.13480892636363
8.183333333333334	-26.471423971599165
8.2	-20.681090985533842
8.216666666666667	-14.799226464328626
8.233333333333333	-8.829329363855209
8.25	-2.9578525287840876
8.266666666666666	2.6745058885351227
8.283333333333333	8.444430020582331
8.299999999999999	14.019267141847592
8.316666666666666	19.458849523526055
8.333333333333332	24.868915292756924
8.35	29.99301902558051
8.366666666666665	34.924643846198705
8.383333333333333	39.716882452316554
8.399999999999999	44.39342912424081
8.416666666666666	48.77850560589525
8.433333333333332	52.78552335449524
8.45	56.57347378914983
8.466666666666667	60.01226190923933
8.483333333333333	63.0795369525311
8.5	65.74837558894563
8.516666666666666	68.3814977232866
8.533333333333333	70.6628926231985
8.549999999999999	72.51137048823836
8.566666666666666	73.95149506177688
8.583333333333332	74.84141858457855
8.6	75.40429611491913
8.616666666666665	75.64284936596283
8.633333333333333	75.44595739074316
8.649999999999999	74.73354999296578
8.666666666666666	73.71619704399211
8.683333333333332	72.32029321149423
8.7	70.6371059298703
8.716666666666667	68.51793641835565
8.733333333333333	65.93122562742059
8.75	62.86753825133718
8.766666666666666	59.571650984154644
8.783333333333333	55.85600249618983
8.799999999999999	51.78242457939234
8.816666666666666	47.562057679229156
8.833333333333332	42.963623658461074
8.85	38.09042290422349
8.866666666666665	32.88070893476515
8.883333333333333	27.5805565554532
8.899999999999999	22.127126506445904
8.916666666666666	16.632817488171384
8.933333333333332	10.807868242049949
8.95	4.791739053458741
8.966666666666667	-1.2486116485346201
8.983333333333333	-7.269295387951274
9.0	-13.281870753895362
9.016666666666666	-19.313380778400017
9.033333333333333	-25.291781774579135
9.049999999999999	-31.242567953219805
9.066666666666666	-37.16831977434441
9.083333333333332	-42.836727336177574
9.1	-48.277693935889204
9.116666666666665	-53.63115285972637
9.133333333333333	-58.72748337379167
9.149999999999999	-63.557148748893326
9.166666666666666	-68.22243189656729
9.183333333333332	-72.64006770824045
9.2	-76.66547396138202
9.216666666666667	-80.43655527619308
9.233333333333333	-84.05806388359065
9.25	-87.3008583231989
9.266666666666666	-90.20650229506649
9.283333333333333	-92.71215885212536
9.299999999999999	-94.71438812430193
9.316666666666666	-96.37808797996956
9.333333333333332	-97.80367800676558
9.35	-98.6138140344539
9.366666666666665	-99.18280378729986
9.383333333333333	-99.4528093479799
9.399999999999999	-99.28343131256122
9.416666666666666	-98.75341933275448
9.433333333333332	-97.67638658537868
9.45	-96.31255582312434
9.466666666666667	-94.54693179559402
9.483333333333333	-92.47931420307708
9.5	-90.0324310137106
9.516666666666666	-87.34405497533868
9.533333333333333	-84.29220134290694
9.549999999999999	-80.8978046925337
9.566666666666666	-77.34623003995182
9.583333333333332	-73.41262746938531
9.6	-69.20694705998451
9.616666666666665	-64.71218423940849
9.633333333333333	-60.046116239069505
9.649999999999999	-55.15371650201726
9.666666666666666	-50.11777211126173
9.683333333333332	-44.854862936094094
9.7	-39.275546526940616
9.716666666666667	-33.71292075997712
9.733333333333333	-27.971864592851375
9.75	-22.391973181491153
9.766666666666666	-16.612777897209583
9.783333333333333	-10.696574027681379
9.799999999999999	-4.8103385989898015
9.816666666666666	1.0816190435267572
9.833333333333332	6.698778232269262
9.85	12.38977340335498
9.866666666666665	17.90758186312928
9.883333333333333	23.3846519840406
9.899999999999999	28.682816748142614
9.916666666666666	33.7116082680011
9.933333333333332	38.64796418395173
9.95	43.278684049849176
9.966666666666667	47.82971496756505
9.983333333333333	51.94316165815741
10.0	55.748771927745906
10.016666666666666	59.36515340676817
10.033333333333333	62.692074493940765
10.049999999999999	65.61477989083716
10.066666666666666	68.1744886238036
10.083333333333332	70.60297543261737
10.1	72.47954699762118
10.116666666666665	74.01652643303822
10.133333333333333	75.00427109064555
10.149999999999999	75.62114464886633
10.166666666666666	75.87874839042234
10.183333333333332	75.75672798699617
10.2	75.21985919592572
10.216666666666667	74.43214847474201
10.233333333333333	73.2121861333419
10.25	71.57571250920154
10.266666666666666	69.51766839879264
10.283333333333333	67.04240727939816
10.299999999999999	64.01108350011094
10.316666666666666	60.70504827820571
10.333333333333332	57.14567371503563
10.35	53.40718901247175
10.366666666666665	49.292239217938686
10.383333333333333	44.888419105871776
10.399999999999999	40.07203173481014
10.416666666666666	34.89220480497556
10.433333333333332	29.689755985809484
10.45	24.22463980312409
10.466666666666667	18.718619224698273
10.483333333333333	12.934375606708556
10.5	6.964174760203775
10.516666666666666	0.8265911459546942
10.533333333333333	-5.206318256698864
10.549999999999999	-11.281961274932314
10.566666666666666	-17.334983242177145
10.583333333333332	-23.344649329223557
10.6	-29.226052186864308
10.616666666666665	-35.124931732605546
10.633333333333333	-40.92636606719145
10.649999999999999	-46.53969963047297
10.666666666666666	-52.03234279684597
10.683333333333332	-57.35972509535327
10.7	-62.37921181533906
10.716666666666667	-67.1969321611436
10.733333333333333	-71.69735042687603
10.75	-75.78965732081497
10.766666666666666	-79.53592922411559
10.783333333333333	-83.14286125775106
10.799999999999999	-86.41741372885502
10.816666666666666	-89.37344395973798
10.833333333333332	-92.05693561783085
10.85	-94.32727704140439
10.866666666666665	-96.2199563174334
10.883333333333333	-97.68520967306412
10.899999999999999	-98.62932417558159
10.916666666666666	-99.28578986397369
10.933333333333332	-99.54181087685953
10.95	-99.40950997322989
10.966666666666667	-98.92722110491744
10.983333333333333	-98.27234860373008
11.0	-97.0512781191104
11.016666666666666	-95.50650655105821
11.033333333333333	-93.5069044846997
11.049999999999999	-91.1750752078812
11.066666666666666	-88.44710875617477
11.083333333333332	-85.40477833202357
11.1	-82.0409905039844
11.116666666666665	-78.4491941929117
11.133333333333333	-74.4831162807335
11.149999999999999	-70.30478774361734
11.166666666666666	-66.00060636694909
11.183333333333332	-61.39056986389494
11.2	-56.429847034558264
11.216666666666667	-51.37070623293067
11.233333333333333	-46.17007280948374
11.25	-40.68596108986344
11.266666666666666	-35.143235257303445
11.283333333333333	-29.501956505826968
11.299999999999999	-23.75809187555933
11.316666666666666	-17.98907953250648
11.333333333333332	-12.326800068025591
11.35	-6.516900214777138
11.366666666666665	-0.7027988805763812
11.383333333333333	5.135087999543998
11.399999999999999	10.918503097456949
11.416666666666666	16.464039701986053
11.433333333333332	21.938457877809697
11.45	27.173954945841388
11.466666666666667	32.470292852285525
11.483333333333333	37.45417167107439
11.5	42.16848556857718
11.516666666666666	46.75225299871789
11.533333333333333	50.97041720378468
11.549999999999999	54.795123681822815
11.566666666666666	58.49762458686973
11.583333333333332	61.88673454636802
11.6	64.81150023370026
11.616666666666665	67.50440453319806
11.633333333333333	69.83769176348648
11.649999999999999	71.67908764677134
11.666666666666666	73.28227767844334
11.683333333333332	74.58081907522137
11.7	75.42296609829481
11.716666666666667	75.84088779848076
11.733333333333333	75.78794975216988
11.75	75.41535630827144
11.766666666666666	74.65417010246051
11.783333333333333	73.49725340905161
11.799999999999999	71.80701422085122
11.816666666666666	69.75480761997682
11.833333333333332	67.4497167067521
11.85	64.66861743435254
11.866666666666665	61.589748309340735
11.883333333333333	58.15065181963439
11.899999999999999	54.53132044687993
11.916666666666666	50.475696872190156
11.933333333333332	46.19418039263883
11.95	41.57998995690616
11.966666666666667	36.61719566861916
11.983333333333333	31.55306008658772
12.0	26.249337297655302
12.016666666666666	20.702404732606624
12.033333333333333	15.020184822575857
12.049999999999999	9.181946073039853
12.066666666666666	3.3850231604836836
12.083333333333332	-2.553945006866911
12.1	-8.476891093428321
12.116666666666665	-14.517233496771496
12.133333333333333	-20.488415614655082
12.149999999999999	-26.447751458395203
12.166666666666666	-32.36049610754412
12.183333333333332	-38.20279380414752
12.2	-43.85127088672641
12.216666666666667	-49.217369814746036
12.233333333333333	-54.50738900254072
12.25	-59.53853130866176
12.266666666666666	-64.37154941667094
12.283333333333333	-69.0740672549428
12.299999999999999	-73.45374601231146
12.316666666666666	-77.4492897352194
12.333333333333332	-81.25707331871303
12.35	-84.5933389880586
12.366666666666665	-87.55461981802372
12.383333333333333	-90.30681493531989
12.399999999999999	-92.5850164220667
12.416666666666666	-94.47863978251891
12.433333333333332	-96.12247621956254
12.45	-97.3471614340643
12.466666666666667	-98.12855309189075
12.483333333333333	-98.64993178051782
12.5	-98.54940601077436
12.516666666666666	-98.15507863163833
12.533333333333333	-97.47923032616993
12.549999999999999	-96.32412521512282
12.566666666666666	-94.76792285056553
12.583333333333332	-92.89598940719497
12.6	-90.77706704357936
12.616666666666665	-88.1590071317195
12.633333333333333	-85.3116476958792
12.649999999999999	-82.09574829797236
12.666666666666666	-78.601462292711
12.683333333333332	-74.72754811044734
12.7	-70.46375560060329
12.716666666666667	-66.200987967837
12.733333333333333	-61.59217003935834
12.75	-56.692341570360554
12.766666666666666	-51.62127453149989
12.783333333333333	-46.39221488823503
12.799999999999999	-41.067255284376785
12.816666666666666	-35.66170531326503
12.833333333333332	-30.086343356617647
12.85	-24.41887158007148
12.866666666666665	-18.67703674136925
12.883333333333333	-12.822744726004203
12.899999999999999	-6.981064428779007
12.916666666666666	-1.3625610867711657
12.933333333333332	4.446062045710335
12.95	10.193899888016063
12.966666666666665	15.763360205391564
12.983333333333333	21.3276304642053
13.0	26.622265031825236
13.016666666666666	31.72494916174469
13.033333333333333	36.70047506140577
13.049999999999999	41.485576473490596
13.066666666666666	45.95787659881296
13.083333333333332	50.172759834429314
13.1	54.30669754284338
13.116666666666665	58.076053107138705
13.133333333333333	61.48739699421736
13.149999999999999	64.56910843521263
13.166666666666666	67.42538476442996
13.183333333333332	69.84822922089228
13.2	71.78017996243187
13.216666666666665	73.49240567488977
13.233333333333333	74.75849964568846
13.25	75.65842312126136
13.266666666666666	76.08429313680313
13.283333333333333	75.98396719294965
13.299999999999999	75.63764944849862
13.316666666666666	74.87886664766052
13.333333333333332	73.75822706025059
13.35	72.26942424866587
13.366666666666665	70.46912675005473
13.383333333333333	68.28324794164246
13.399999999999999	65.63954330085988
13.416666666666666	62.61833425739155
13.433333333333332	59.3550433462097
13.45	55.65920798707799
13.466666666666665	51.62509949307241
13.483333333333333	47.330049529042356
13.5	42.7181150745252
13.516666666666666	37.79639980985411
13.533333333333333	32.732057014234556
13.549999999999999	27.467364862071975
13.566666666666666	21.894492813340264
13.583333333333332	16.223807799377596
13.6	10.556610008122504
13.616666666666665	4.611538973052177
13.633333333333333	-1.358674436551496
13.649999999999999	-7.356659202143874
13.666666666666666	-13.370666118620761
13.683333333333332	-19.360648444878507
13.7	-25.3027610750172
13.716666666666665	-31.245235906130233
13.733333333333333	-37.12522434606376
13.75	-42.812655260908514
13.766666666666666	-48.25947263872064
13.783333333333333	-53.5705860170566
13.799999999999999	-58.60422657367491
13.816666666666666	-63.4652657886852
13.833333333333332	-68.15139546390594
13.85	-72.4644601325096
13.866666666666665	-76.50191902986279
13.883333333333333	-80.336883223739
13.899999999999999	-83.77142309137662
13.916666666666666	-86.71761290822673
13.933333333333332	-89.47339108701652
13.95	-91.86608325023201
13.966666666666665	-93.71743164605226
13.983333333333333	-95.3665913765102
14.0	-96.56765697637246
14.016666666666666	-97.43579896362402
14.033333333333333	-98.03979477705116
14.049999999999999	-98.22394987775539
14.066666666666666	-98.02122357499428
14.083333333333332	-97.52444513376892
14.1	-96.46429639852778
14.116666666666665	-95.0297846030997
14.133333333333333	-93.38345367517317
14.149999999999999	-91.22777652860202
14.166666666666666	-88.74606557574782
14.183333333333332	-85.931216893644
14.2	-82.92257840717161
14.216666666666665	-79.52272263342104
14.233333333333333	-75.82665892914724
14.25	-71.6288440930308
14.266666666666666	-67.32978779794988
14.283333333333333	-62.81898070903884
14.299999999999999	-57.96822557900845
14.316666666666666	-53.15169791712691
14.333333333333332	-48.15687741039491
14.35	-42.89490877681112
14.366666666666665	-37.57020858023344
14.383333333333333	-32.031339443480704
14.399999999999999	-26.4319605340836
14.416666666666666	-20.717942494367435
14.433333333333332	-14.906956128992931
14.45	-9.277362794735211
14.466666666666665	-3.5485248455253213
14.483333333333333	2.2907863907464616
14.5	8.011075055357878
14.516666666666666	13.499712686916837
14.533333333333333	18.9694428449057
14.549999999999999	24.255173484405816
14.566666666666666	29.590929026089213
14.583333333333332	34.6378118987119
14.6	39.451315185468616
14.616666666666665	44.07564224288285
14.633333333333333	48.321831377293734
14.649999999999999	52.47851384900889
14.666666666666666	56.328667984465824
14.683333333333332	59.89123302725568
14.7	62.962422184869524
14.716666666666665	65.72917518577083
14.733333333333333	68.2926292573232
14.75	70.51431136815688
14.766666666666666	72.35734152770073
14.783333333333333	73.77806233814431
14.799999999999999	74.6953335187082
14.816666666666666	75.35167229264653
14.833333333333332	75.6398265866028
14.85	75.45359394933365
14.866666666666665	74.80977319590215
14.883333333333333	73.78288098914732
14.899999999999999	72.41358642680649
14.916666666666666	70.64361184051643
14.933333333333332	68.48368128763673
14.95	65.85286005255551
14.966666666666665	62.820435394574076
14.983333333333333	59.57180921911544
15.0	55.93417725346649
15.016666666666666	51.9066284584452
15.033333333333333	47.663065825654485
15.049999999999999	43.16753711061199
15.066666666666666	38.51491819450814
15.083333333333332	33.537208561653415
15.1	28.3646112430024
15.116666666666665	22.90544069916109
15.133333333333333	17.28094280413336
15.149999999999999	11.623499308345117
15.166666666666666	5.726262056111636
15.183333333333332	-0.24856967305078115
15.2	-6.20260403651281
15.216666666666665	-12.256554332363805
15.233333333333333	-18.29273021818699
15.25	-24.280946304131533
15.266666666666666	-30.227541693244802
15.283333333333333	-36.07371467111841
15.299999999999999	-41.75796483331354
15.316666666666666	-47.19595050097314
15.333333333333332	-52.624092672330676
15.35	-57.643456058988136
15.366666666666665	-62.5488581687774
15.383333333333333	-67.31388213966113
15.399999999999999	-71.7552681017412
15.416666666666666	-75.84347393988278
15.433333333333332	-79.5871378763621
15.45	-83.12030058637356
15.466666666666665	-86.3289459099139
15.483333333333333	-89.22150937117476
15.5	-91.67862112877634
15.516666666666666	-93.63242176721468
15.533333333333333	-95.40306845929791
15.549999999999999	-96.82360613118198
15.566666666666666	-97.59673954580518
15.583333333333332	-98.27467230530146
15.6	-98.5058846062382
15.616666666666665	-98.25529871833993
15.633333333333333	-97.79193609983525
15.649999999999999	-96.65726148321903
15.666666666666666	-95.24952941158466
15.683333333333332	-93.56603608358267
15.7	-91.49101174455666
15.716666666666665	-89.06510712882431
15.733333333333333	-86.49000438246071
15.75	-83.42760762001814
15.766666666666666	-80.11043955362075
15.783333333333333	-76.51657289767428
15.799999999999999	-72.4970995849277
15.816666666666666	-68.30310586589869
15.833333333333332	-63.83217141756535
15.85	-59.05186749994715
15.866666666666665	-54.25118343968191
15.883333333333333	-49.27267343437413
15.899999999999999	-44.09641645943381
15.916666666666666	-38.71376091088416
15.933333333333332	-33.171960298402496
15.949999999999998	-27.52355309919176
15.966666666666667	-21.83280381327029
15.983333333333333	-15.954948755755481
15.999999999999998	-10.257781851435425
16.01666666666667	-4.516516870556188
16.033333333333335	1.2885360188928416
16.049999999999997	7.035035014540938
16.066666666666663	12.466190936616272
16.083333333333336	17.99366693439339
16.1	23.280863443036424
16.116666666666667	28.52763672078612
16.13333333333333	33.594494400747294
16.15	38.45292959293306
16.166666666666664	43.13215989513765
16.183333333333334	47.648533190467106
16.2	51.727590822308684
16.216666666666665	55.594923079065325
16.23333333333333	59.186101451664854
16.249999999999996	62.5465812663582
16.26666666666667	65.52229164772183
16.283333333333335	68.04393860950302
16.299999999999997	70.12288222331608
16.316666666666666	72.04560072686087
16.333333333333336	73.52383142476748
16.349999999999998	74.5673069823498
16.366666666666667	75.36163522896334
16.38333333333333	75.71305897885526
16.400000000000002	75.62394796547659
16.416666666666668	75.05009830922518
16.433333333333334	73.99040171808394
16.45	72.59396398715631
16.46666666666667	70.79634140667139
16.483333333333334	68.69761303049603
16.5	66.22135349533539
16.51666666666667	63.480359347279716
16.533333333333335	60.35804197268487
16.55	56.8299615724157
16.566666666666666	52.90513651850483
16.583333333333336	48.77802478447677
16.6	44.38937441386872
16.616666666666667	39.66485928976181
16.633333333333333	34.68765960003827
16.650000000000002	29.525995137200198
16.666666666666668	24.204776332734355
16.683333333333334	18.697589445443214
16.7	13.030389071585432
16.71666666666667	7.095043048337743
16.733333333333334	0.9920378918039887
16.75	-5.073382203012329
16.76666666666667	-11.16688245415844
16.783333333333335	-17.211392543986108
16.8	-23.21086787178831
16.816666666666666	-29.169078073193077
16.833333333333336	-35.02973647078795
16.85	-40.75281258977873
16.866666666666667	-46.15724326870415
16.883333333333333	-51.54640807891022
16.900000000000002	-56.63649871039138
16.916666666666668	-61.509426380954636
16.933333333333334	-66.26436348814809
16.95	-70.75670867641992
16.96666666666667	-74.92276350178139
16.983333333333334	-78.98748703483093
17.0	-82.59525214031885
17.01666666666667	-85.73705695978174
17.033333333333335	-88.55278111115973
17.05	-91.09881696891196
17.066666666666666	-93.31301405111702
17.083333333333336	-95.19027909739015
17.1	-96.63461845627558
17.116666666666667	-97.56031046306788
17.133333333333333	-98.31675834913574
17.150000000000002	-98.5754083528235
17.166666666666668	-98.43911656062
17.183333333333334	-98.04074600969264
17.2	-97.29985858477994
17.21666666666667	-96.0663462291619
17.233333333333334	-94.50308272869682
17.25	-92.46044243688522
17.26666666666667	-90.17965364491056
17.283333333333335	-87.59083498290636
17.3	-84.49337960552185
17.316666666666666	-81.20954179346992
17.333333333333336	-77.62618440202777
17.35	-73.61828256611363
17.366666666666667	-69.44268611372883
17.383333333333333	-65.07994838735334
17.400000000000002	-60.4924171792743
17.416666666666668	-55.60428850135989
17.433333333333334	-50.54634213441048
17.45	-45.33838974428548
17.46666666666667	-40.03604631951788
17.483333333333334	-34.61932060379172
17.5	-28.89797686283714
17.51666666666667	-23.4400612341027
17.533333333333335	-17.636223416130292
17.55	-11.824321040686186
17.566666666666666	-6.032602380657977
17.583333333333336	-0.37790164596123077
17.6	5.289750784779358
17.616666666666667	10.895958711482365
17.633333333333333	16.3528960618479
17.650000000000002	21.812118614960468
17.666666666666668	26.923770598405554
17.683333333333334	31.883691091677917
17.7	36.773337243367564
17.71666666666667	41.381803717108255
17.733333333333334	45.87874670761596
17.75	49.96247444324371
17.76666666666667	53.78196104463461
17.783333333333335	57.444032372286074
17.8	60.74767676634991
17.816666666666666	63.691548595257814
17.833333333333336	66.44231544182571
17.85	68.74612634446214
17.866666666666667	70.6626811155329
17.883333333333333	72.26538780227571
17.900000000000002	73.55629862479054
17.916666666666668	74.35246916804402
17.933333333333334	74.78859978479056
17.95	74.72085902362534
17.96666666666667	74.35038796732414
17.983333333333334	73.65725665872043
18.0	72.48325331300015
18.01666666666667	70.83349558757334
18.033333333333335	68.79954612483147
18.05	66.44333644140585
18.066666666666666	63.70270564094557
18.083333333333336	60.635167501909564
18.1	57.156880474352874
18.116666666666667	53.53976665075464
18.133333333333333	49.5484943052229
18.150000000000002	45.25287175786718
18.166666666666668	40.6238294615261
18.183333333333334	35.78146245291475
18.2	30.660766812931
18.21666666666667	25.329575220756965
18.233333333333334	19.85804853291927
18.25	14.23914806321909
18.26666666666667	8.51321682752939
18.283333333333335	2.683695971216082
18.3	-3.2771714045187537
18.316666666666666	-9.256483753931548
18.333333333333336	-15.295496005530026
18.35	-21.261734243301134
18.366666666666667	-27.233760051685294
18.383333333333333	-33.10913593635166
18.400000000000002	-38.8576132116832
18.416666666666668	-44.28952162962949
18.433333333333334	-49.672154903527456
18.45	-54.86926596651236
18.46666666666667	-59.67905785814435
18.483333333333334	-64.41065325518082
18.5	-69.00002908104398
18.51666666666667	-73.3227235467428
18.533333333333335	-77.37472024292725
18.55	-81.14545788912409
18.566666666666666	-84.47724568024182
18.583333333333336	-87.47111826344144
18.6	-90.18619531861052
18.616666666666667	-92.39993221000799
18.633333333333333	-94.38086720144474
18.650000000000002	-95.93553599003835
18.666666666666668	-97.20077788723296
18.683333333333334	-98.08643980954278
18.7	-98.47709039201658
18.71666666666667	-98.4378911604413
18.733333333333334	-98.18190772180051
18.75	-97.41931891847142
18.76666666666667	-96.2397616704564
18.783333333333335	-94.73040178275767
18.8	-92.79192363307129
18.816666666666666	-90.42725965179744
18.833333333333336	-87.94430985325872
18.85	-85.149719081087
18.866666666666667	-81.99308874430923
18.883333333333333	-78.48829753331066
18.900000000000002	-74.65214334146205
18.916666666666668	-70.45458641372119
18.933333333333334	-66.16969155058973
18.95	-61.63067854495358
18.96666666666667	-56.739132802807006
18.983333333333334	-51.696865250252614
19.0	-46.45346961194727
19.01666666666667	-41.23239709005708
19.033333333333335	-35.76678737722875
19.05	-30.2033630688112
19.066666666666666	-24.583390222313483
19.083333333333336	-18.872867591368674
19.1	-13.001870709069294
19.116666666666667	-7.400500851245511
19.133333333333333	-1.67026238994913
19.150000000000002	4.0552180740615995
19.166666666666668	9.546384232959326
19.183333333333334	15.051982363070238
19.2	20.381260254938525
19.21666666666667	25.668643444487657
19.233333333333334	30.750643377198514
19.25	35.66704824505905
19.26666666666667	40.35035424936689
19.283333333333335	44.87735970473932
19.3	49.03739280487912
19.316666666666666	52.84852937536368
19.333333333333336	56.54876621021981
19.35	59.87077503509556
19.366666666666667	62.825646972231766
19.383333333333333	65.59526732728472
19.400000000000002	67.93099527434521
19.416666666666668	69.82600761289018
19.433333333333334	71.51363132273866
19.45	72.76356777374355
19.46666666666667	73.58207166912666
19.483333333333334	74.09312272627591
19.5	73.94946583114898
19.51666666666667	73.63683102629034
19.533333333333335	72.90402117101843
19.55	71.77539630033874
19.566666666666666	70.28840676924852
19.583333333333336	68.51958724949804
19.6	66.33888480713529
19.616666666666667	63.703957668612986
19.633333333333333	60.68144257242079
19.650000000000002	57.401409105667426
19.666666666666668	53.719949310628635
19.683333333333334	49.71541818849039
19.7	45.5084094111308
19.71666666666667	40.90770561597162
19.733333333333334	36.06286413785517
19.75	30.928576759351756
19.76666666666667	25.57132185668894
19.783333333333335	20.145289152993712
19.8	14.714068398630616
19.816666666666666	8.960545362429798
19.833333333333336	3.017807386549748
19.85	-2.9824965924764797
19.866666666666667	-9.04184811850871
19.883333333333333	-15.080160872987335
19.900000000000002	-21.05645220663655
19.916666666666668	-27.033395732388158
19.933333333333334	-32.96761883247825
19.95	-38.73974789036879
19.96666666666667	-44.16424988101994
19.983333333333334	-49.59275147759965
20.0	-54.68815287766586
20.01666666666667	-59.517675515177984
20.033333333333335	-64.31683979816626
20.05	-68.85180741621826
20.066666666666666	-72.96315970856466
20.083333333333336	-77.1381245816782
20.1	-80.91678093330893
20.116666666666667	-84.34652760847757
20.133333333333333	-87.43247265085114
20.150000000000002	-90.16489002126207
20.166666666666668	-92.45831111579858
20.183333333333334	-94.41906581756086
20.2	-96.12225302268973
20.21666666666667	-97.32787071412625
20.233333333333334	-98.27205784077029
20.25	-98.74832364535314
20.26666666666667	-98.63009501625129
20.283333333333335	-98.34369725958283
20.3	-97.62928694276064
20.316666666666666	-96.492491447298
20.333333333333336	-95.08410646054165
20.35	-93.38699049010592
20.366666666666667	-91.2283989258951
20.383333333333333	-88.73369900112911
20.400000000000002	-85.88756274390624
20.416666666666668	-82.81177400713128
20.433333333333334	-79.34084606631299
20.45	-75.59444336547602
20.46666666666667	-71.45272443124827
20.483333333333334	-67.25564246388822
20.5	-62.71559425820067
20.51666666666667	-57.85376885143009
20.533333333333335	-52.8596044460368
20.55	-47.60294997162231
20.566666666666666	-42.34405269621658
20.583333333333336	-37.19385092472362
20.6	-31.666760962313163
20.616666666666667	-26.097984512206267
20.633333333333333	-20.487107794212193
20.650000000000002	-14.702039946715615
20.666666666666668	-8.930209824210351
20.683333333333334	-3.348311467671465
20.7	2.387089439744841
20.71666666666667	7.97644015695829
20.733333333333334	13.454474287333937
20.75	18.894735880645726
20.76666666666667	24.003957165004408
20.783333333333335	29.00416526931781
20.8	33.8872712392033
20.816666666666666	38.60057146273709
20.833333333333336	43.131966068788415
20.85	47.63021774132966
20.866666666666667	51.63893478994413
20.883333333333333	55.3927356264096
20.900000000000002	58.8700276525168
20.916666666666668	61.834664373769385
20.933333333333334	64.61988250286964
20.95	67.1017381558475
20.96666666666667	69.00570922253888
20.983333333333334	70.70339106112357
21.0	72.09789740084432
21.01666666666667	72.87696071518167
21.033333333333335	73.4551375800869
21.05	73.69462162332138
21.066666666666666	73.45162933973904
21.083333333333336	72.80879783889947
21.1	71.75274814650129
21.116666666666667	70.37917582243517
21.133333333333333	68.64885980480523
21.150000000000002	66.57942033606236
21.166666666666668	63.987926382848286
21.183333333333334	60.95378403435615
21.2	57.66300850529319
21.21666666666667	54.02799173291777
21.233333333333334	49.94470226284915
21.25	45.70414761601762
21.26666666666667	41.1890374151385
21.283333333333335	36.61305868431202
21.3	31.682896299839626
21.316666666666666	26.542488161849462
21.333333333333336	21.114616429533385
21.35	15.563965086543362
21.366666666666667	9.791569680048383
21.383333333333333	3.915280488406097
21.400000000000002	-1.9924216244905892
21.416666666666668	-7.983598579220427
21.433333333333334	-14.004121019967386
21.45	-19.975292690945935
21.46666666666667	-25.87976429889261
21.483333333333334	-31.832978884175645
21.5	-37.372422701175196
21.51666666666667	-43.00319030394863
21.533333333333335	-48.53882587214349
21.55	-53.791304293918614
21.566666666666666	-58.68257945833716
21.583333333333336	-63.444305155590456
21.6	-68.01463747580578
21.616666666666667	-72.34825699432804
21.633333333333333	-76.40353845604267
21.650000000000002	-80.18393288980843
21.666666666666668	-83.5031850375058
21.683333333333334	-86.60953819340637
21.7	-89.41538288823187
21.71666666666667	-91.87004726731192
21.733333333333334	-93.7377292090654
21.75	-95.38440729780385
21.76666666666667	-96.60735739612275
21.783333333333335	-97.47718088010589
21.8	-98.07893727066414
21.816666666666666	-98.31288710656753
21.833333333333336	-98.14940240084425
21.85	-97.64055088508508
21.866666666666667	-96.5837543420665
21.883333333333333	-95.31011934657516
21.900000000000002	-93.5754508002644
21.916666666666668	-91.46098556551755
21.933333333333334	-89.03525091283956
21.95	-86.35629728801803
21.96666666666667	-83.2747090412467
21.983333333333334	-79.96486917837865
22.0	-76.41627308359475
22.01666666666667	-72.4442926859943
22.033333333333335	-68.3627944237025
22.05	-64.05657717912743
22.066666666666666	-59.37745323844635
22.083333333333336	-54.52340674030796
22.1	-49.396784737944245
22.116666666666667	-44.1764568767349
22.133333333333333	-38.9395301664556
22.150000000000002	-33.52909453875964
22.166666666666668	-28.031644932284507
22.183333333333334	-22.537479224605818
22.2	-16.85586058861702
22.21666666666667	-11.084565403812007
22.233333333333334	-5.472735388957801
22.25	0.332686133589732
22.26666666666667	5.910711240324588
22.283333333333335	11.423969718492685
22.3	16.932746845874988
22.316666666666666	22.16815482246227
22.333333333333336	27.505997545694072
22.35	32.5493294316251
22.366666666666667	37.360253433402704
22.383333333333333	41.90629646382365
22.400000000000002	46.27279123184269
22.416666666666668	50.490701275074855
22.433333333333334	54.429563561012856
22.45	57.973659713471136
22.46666666666667	61.06332497114977
22.483333333333334	63.808747749261215
22.5	66.31024963950762
22.51666666666667	68.56703605042941
22.533333333333335	70.41893385626491
22.55	71.9114372491178
22.566666666666666	72.83848751009509
22.583333333333336	73.56104861089818
22.6	73.84420710213317
22.616666666666667	73.71062447781145
22.633333333333333	73.28125172699362
22.650000000000002	72.55200240631615
22.666666666666668	71.2542333937327
22.683333333333334	69.6133937109762
22.7	67.57630514012072
22.71666666666667	65.15035807470457
22.733333333333334	62.55131607987562
22.75	59.51365020101355
22.76666666666667	56.00945161118426
22.783333333333335	52.14219285907609
22.8	48.27128775667552
22.816666666666666	43.89174430722949
22.833333333333336	39.27361869028596
22.85	34.469649455948854
22.866666666666667	29.441595735229953
22.883333333333333	24.10588550310615
22.900000000000002	18.492210869228074
22.916666666666668	12.94099878079112
22.933333333333334	7.115625264131268
22.95	1.1522939726032178
22.96666666666667	-4.557386101181635
22.983333333333334	-10.45082634007099
23.0	-16.393526522653588
23.01666666666667	-22.246698892168638
23.033333333333335	-28.170289780998417
23.05	-34.010252480404915
23.066666666666666	-39.63227095201887
23.083333333333336	-45.15259585857942
23.1	-50.49410108718067
23.116666666666667	-55.514872835440144
23.133333333333333	-60.436990333014904
23.150000000000002	-65.19450111336059
23.166666666666668	-69.54706200034019
23.183333333333334	-73.64914771961662
23.2	-77.52755248894613
23.21666666666667	-81.08877181866896
23.233333333333334	-84.34992960735747
23.25	-87.31089515468574
23.26666666666667	-89.8718425024029
23.283333333333335	-91.93791555983148
23.3	-93.98668885702955
23.316666666666666	-95.48619560350414
23.333333333333336	-96.48594058205265
23.35	-97.27464665799815
23.366666666666667	-97.512307601479
23.383333333333333	-97.4174927539703
23.400000000000002	-97.03769631531696
23.416666666666668	-96.24405093328863
23.433333333333334	-95.0537170101866
23.45	-93.53237238914758
23.46666666666667	-91.52317251238594
23.483333333333334	-89.30162256680524
23.5	-86.73366680216401
23.51666666666667	-83.64938746607527
23.533333333333335	-80.37604977132403
23.55	-76.93994350210926
23.566666666666666	-73.18915885843967
23.583333333333336	-69.17453091170847
23.6	-64.91843354219932
23.616666666666667	-60.359726130946456
23.633333333333333	-55.579062850235374
23.650000000000002	-50.52367560119259
23.666666666666668	-45.34617382440092
23.683333333333334	-40.11569081683501
23.7	-34.778803715130834
23.71666666666667	-29.170500962159565
23.733333333333334	-23.634166437116903
23.75	-17.894774597101218
23.76666666666667	-12.38557529624444
23.783333333333335	-6.695422696328478
23.8	-1.0666390721114567
23.816666666666666	4.551589303149171
23.833333333333336	10.052876038032878
23.85	15.472017763600093
23.866666666666667	20.813147212836213
23.883333333333333	25.91669477825201
23.900000000000002	30.860007470393043
23.916666666666668	35.6881341629815
23.933333333333334	40.34689412301191
23.95	44.77243004318211
23.96666666666667	48.84826226291784
23.983333333333334	52.68780952387999
24.0	56.317839035484326
24.01666666666667	59.66379334472083
24.033333333333335	62.65414415428813
24.05	65.3602425556308
24.066666666666666	67.67014304028135
24.083333333333336	69.64748586505749
24.1	71.25555829386104
24.116666666666667	72.5517390228299
24.133333333333333	73.37517955571707
24.150000000000002	73.83791863374114
24.166666666666668	73.73434876830345
24.183333333333334	73.41951859564699
24.2	72.67206929488833
24.21666666666667	71.47132190193781
24.233333333333334	69.88131706681918
24.25	67.83419908467317
24.26666666666667	65.5143983021527
24.283333333333335	62.76274591872942
24.3	59.739031023715086
24.316666666666666	56.37514440052655
24.333333333333336	52.688661490956974
24.35	48.70143909133651
24.366666666666667	44.45011021982367
24.383333333333333	39.82400730672941
24.400000000000002	34.97725215928449
24.416666666666668	29.86115555464636
24.433333333333334	24.556206146181182
24.45	19.069016234262847
24.46666666666667	13.489688771960687
24.483333333333334	7.719541925490319
24.5	1.8616958173496982
24.51666666666667	-4.030282689302339
24.533333333333335	-10.058153954024135
24.55	-16.048620430977962
24.566666666666666	-21.946543237345224
24.583333333333336	-27.817595559295285
24.6	-33.39157527955285
24.616666666666667	-39.0693443382055
24.633333333333333	-44.51234472687162
24.650000000000002	-49.867794198486536
24.666666666666668	-54.89826297251767
24.683333333333334	-60.02102097527728
24.7	-64.82660380248944
24.71666666666667	-69.19375295358498
24.733333333333334	-73.39965223023106
24.75	-77.32766837657647
24.76666666666667	-80.88812443173896
24.783333333333335	-84.28512077665295
24.8	-87.30915302409477
24.816666666666666	-89.89744801740457
24.833333333333336	-92.26988337726712
24.85	-94.26552104007993
24.866666666666667	-95.8086608243014
24.883333333333333	-96.84998349877046
24.900000000000002	-97.46660081408385
24.916666666666668	-97.79706976495385
24.933333333333334	-97.60590215802472
24.95	-97.27999254525429
24.96666666666667	-96.46501747187432
24.983333333333334	-95.32187650634106
25.0	-93.82578851926593
25.01666666666667	-91.96262577237405
25.033333333333335	-89.84364100402172
25.05	-87.2623754542316
25.066666666666666	-84.4376006203621
25.083333333333336	-81.27459392085382
25.1	-77.83454149733498
25.116666666666667	-74.02435586722646
25.133333333333333	-70.10233078747743
25.150000000000002	-65.94856385959358
25.166666666666668	-61.45908082141986
25.183333333333334	-56.67953262255068
25.2	-51.67329514988535
25.21666666666667	-46.50723054914292
25.233333333333334	-41.299504146394725
25.25	-36.02712433044019
25.26666666666667	-30.605610576188724
25.283333333333335	-25.0891888148102
25.3	-19.521037422570657
25.316666666666666	-13.770956117512242
25.333333333333336	-8.163425198805385
25.35	-2.506814514032044
25.366666666666667	3.0941652977011813
25.383333333333333	8.509944661087275
25.400000000000002	13.974756842370198
25.416666666666668	19.303363594735288
25.433333333333334	24.588576818608715
25.45	29.648546760559327
25.46666666666667	34.58462122786261
25.483333333333334	39.20160027807128
25.5	43.77282085652598
25.51666666666667	47.88061309904742
25.533333333333335	51.73500544168394
25.55	55.40259657827875
25.566666666666666	58.73874760914936
25.583333333333336	61.71529740996198
25.6	64.50586712137215
25.616666666666667	66.82387825820956
25.633333333333333	68.78389864225522
25.650000000000002	70.54777366189847
25.666666666666668	71.73059185825639
25.683333333333334	72.61393457764473
25.7	73.09573575432631
25.71666666666667	72.97264834169863
25.733333333333334	72.62136929482807
25.75	71.92145966033871
25.766666666666666	70.75041477765973
25.783333333333335	69.28762976480607
25.8	67.59661056054313
25.816666666666666	65.43274339103124
25.833333333333336	62.77937291611539
25.85	59.77375783406228
25.866666666666667	56.528088982684494
25.883333333333333	52.84266102251672
25.900000000000002	48.87587405180267
25.916666666666668	44.66475776590073
25.933333333333334	40.201533580639875
25.95	35.635337669199544
25.96666666666667	30.70021165396207
25.983333333333334	25.493849198959083
26.0	20.206828798286324
26.016666666666666	14.769833662641986
26.033333333333335	9.090651583297586
26.05	3.2416281055893705
26.066666666666666	-2.4046386346050213
26.083333333333336	-8.26947347004284
26.1	-14.150902822324383
26.116666666666667	-20.014109768728417
26.133333333333333	-25.909133249186198
26.150000000000002	-31.743981912764525
26.166666666666668	-37.27631361419998
26.183333333333334	-42.7722031450885
26.2	-48.09836965924552
26.21666666666667	-53.33579577278729
26.233333333333334	-58.29122860683282
26.25	-63.158657856976475
26.266666666666666	-67.63926346294534
26.283333333333335	-71.78440878285198
26.3	-75.64185820413815
26.316666666666666	-79.2927574125294
26.333333333333336	-82.56363746363508
26.35	-85.56564138000101
26.366666666666667	-88.29065374592813
26.383333333333333	-90.57221257354695
26.400000000000002	-92.53914836936775
26.416666666666668	-94.21504221573645
26.433333333333334	-95.43045778439028
26.45	-96.36106708749656
26.46666666666667	-96.95189833987854
26.483333333333334	-97.20927563285983
26.5	-97.03954352944479
26.516666666666666	-96.42975654960799
26.533333333333335	-95.37507392336119
26.55	-94.0531776807677
26.566666666666666	-92.40742806231827
26.583333333333336	-90.30036785402098
26.6	-87.93489225648295
26.616666666666667	-85.31051806421559
26.633333333333333	-82.23217467427042
26.650000000000002	-78.89890342348906
26.666666666666668	-75.39044627990569
26.683333333333334	-71.39140691263643
26.7	-67.27440285887835
26.71666666666667	-62.79633667909678
26.733333333333334	-58.103002540988996
26.75	-53.34529942241616
26.766666666666666	-48.309303971019915
26.783333333333335	-43.20741287906279
26.8	-38.00424390178466
26.816666666666666	-32.55935577393666
26.833333333333336	-27.11284294126432
26.85	-21.58235842601971
26.866666666666667	-15.993037052491104
26.883333333333333	-10.45254079837423
26.900000000000002	-4.800202612208977
26.916666666666668	0.8581309908245203
26.933333333333334	6.403991695676666
26.95	11.887057907230542
26.96666666666667	17.180118167777664
26.983333333333334	22.544262672841455
27.0	27.64771264682014
27.016666666666666	32.61696082325386
27.033333333333335	37.356918759042685
27.05	41.87007603120969
27.066666666666666	46.05408906367745
27.083333333333336	49.85339399650337
27.1	53.56697253322841
27.116666666666667	56.98199383683368
27.133333333333333	59.916802192805164
27.150000000000002	62.67429248910787
27.166666666666668	65.12313124057556
27.183333333333334	67.38257265045632
27.2	69.28350358690159
27.21666666666667	70.71994527161377
27.233333333333334	71.67923731108209
27.25	72.31352369506124
27.266666666666666	72.53767339996313
27.283333333333335	72.49570265992429
27.3	71.928858573649
27.316666666666666	70.87104081475053
27.333333333333336	69.52863095215247
27.35	67.76631902713012
27.366666666666667	65.6296514346896
27.383333333333333	63.16068815849826
27.400000000000002	60.484045900989656
27.416666666666668	57.39037165350669
27.433333333333334	53.85397162725366
27.45	49.98829730827538
27.46666666666667	45.779489770618
27.483333333333334	41.369741311344626
27.5	36.76825166065771
27.516666666666666	31.885284862883168
27.533333333333335	26.70834783941757
27.55	21.432660747841112
27.566666666666666	15.94151918410455
27.583333333333336	10.31694646508663
27.6	4.678801721163609
27.616666666666667	-1.1200873073412367
27.633333333333333	-6.999022796306576
27.650000000000002	-12.987157178356256
27.666666666666668	-18.882523150438374
27.683333333333334	-24.748624327583514
27.7	-30.377692693827385
27.71666666666667	-36.02285953160407
27.733333333333334	-41.54455824475744
27.75	-47.031146307579405
27.766666666666666	-52.319177630507966
27.783333333333335	-57.31504255504191
27.8	-62.19848466670226
27.816666666666666	-66.76142777085573
27.833333333333336	-70.92014112901708
27.85	-75.09797807363154
27.866666666666667	-78.93057884268967
27.883333333333333	-82.41269676867313
27.900000000000002	-85.50600144147558
27.916666666666668	-88.27640267156988
27.933333333333334	-90.65939900440492
27.95	-92.6076358830729
27.96666666666667	-94.3306632828251
27.983333333333334	-95.57652245585172
28.0	-96.52531637422874
28.016666666666666	-97.15374948697394
28.033333333333335	-97.41659132214403
28.05	-97.3042548036895
28.066666666666666	-96.74989222574305
28.083333333333336	-95.66780169265019
28.1	-94.3731434030561
28.116666666666667	-92.65165744581202
28.133333333333333	-90.53180687232623
28.150000000000002	-88.25906105520968
28.166666666666668	-85.55083264067326
28.183333333333334	-82.50298019515861
28.2	-79.30404484963057
28.21666666666667	-75.7900395035663
28.233333333333334	-71.84193117693485
28.25	-67.64541274643375
28.266666666666666	-63.29176467301019
28.283333333333335	-58.60036734305743
28.3	-53.792653578265146
28.316666666666666	-48.639334108515214
28.333333333333336	-43.479564646901025
28.35	-38.30830223166009
28.366666666666667	-33.042178826827865
28.383333333333333	-27.621430839122695
28.400000000000002	-22.1250572329609
28.416666666666668	-16.55183258880146
28.433333333333334	-10.910324934972664
28.45	-5.396682405970012
28.46666666666667	0.28238553074851325
28.483333333333334	5.823327662343786
28.5	11.255774345559189
28.516666666666666	16.67075627703923
28.533333333333335	21.801543706022358
28.55	26.79674440117776
28.566666666666666	31.696274970090087
28.583333333333336	36.47445771660534
28.6	40.98027537940811
28.616666666666667	45.34398601351444
28.633333333333333	49.466548501138504
28.650000000000002	53.32178193439972
28.666666666666668	56.837535156773356
28.683333333333334	59.85888468845326
28.7	62.67034594358654
28.71666666666667	65.19670976725689
28.733333333333334	67.53967265796751
28.75	69.46124208005
28.766666666666666	70.92578673222602
28.783333333333335	71.86247553027584
28.8	72.61185893214343
28.816666666666666	72.85819888957906
28.833333333333336	72.71624620287434
28.85	72.31680069929229
28.866666666666667	71.55391993249168
28.883333333333333	70.31468031625485
28.900000000000002	68.74760166587737
28.916666666666668	66.72077600701095
28.933333333333334	64.36820939753073
28.95	61.68871181309015
28.96666666666667	58.61836299136934
28.983333333333334	55.20255976866565
29.0	51.566052738628855
29.016666666666666	47.5629189761824
29.033333333333335	43.28691604932021
29.05	38.75033765193024
29.066666666666666	33.893302336211036
29.083333333333336	28.781845170851057
29.1	23.518793223782268
29.116666666666667	18.074813757743073
29.133333333333333	12.462193219917935
29.150000000000002	6.753657859982923
29.166666666666668	0.9728112911656126
29.183333333333334	-4.905078161873348
29.2	-10.92907578020322
29.21666666666667	-16.87436376660628
29.233333333333334	-22.50366290916736
29.25	-28.24579915389461
29.266666666666666	-33.97581129260516
29.283333333333335	-39.54796151496066
29.3	-45.01459791172894
29.316666666666666	-50.35389882269942
29.333333333333336	-55.41584882841468
29.35	-60.316903710929324
29.366666666666667	-65.02714324867293
29.383333333333333	-69.41284140160099
29.400000000000002	-73.48705190187866
29.416666666666668	-77.34500093556338
29.433333333333334	-80.86126241113567
29.45	-83.98143748230598
29.46666666666667	-87.04568896706274
29.483333333333334	-89.5304809095677
29.5	-91.65340736267422
29.516666666666666	-93.420016234993
29.533333333333335	-94.83686311713257
29.55	-95.7168732337376
29.566666666666666	-96.3818110429936
29.583333333333336	-96.62570348502197
29.6	-96.54788043090059
29.616666666666667	-96.19853592793078
29.633333333333333	-95.40829074403044
29.650000000000002	-94.32786473929687
29.666666666666668	-92.72294638116222
29.683333333333334	-90.6962325307513
29.7	-88.38766209413666
29.71666666666667	-85.87897941214607
29.733333333333334	-83.1221698291636
29.75	-80.09239051221431
29.766666666666666	-76.5869909575627
29.783333333333335	-72.81266213047908
29.8	-68.66734097925485
29.816666666666666	-64.3731130804839
29.833333333333336	-59.80373038671962
29.85	-55.05790796983675
29.866666666666667	-50.25008182561578
29.883333333333333	-45.243699495218976
29.900000000000002	-40.13586562749208
29.916666666666668	-34.91161813718861
29.933333333333334	-29.521793076718893
29.95	-24.104910446301687
29.96666666666667	-18.512938243373583
29.983333333333334	-12.906963503502084
30.0	-7.437023240130316
30.016666666666666	-1.7321185768975056
30.033333333333335	3.8356838847814743
30.05	9.324014611050416
30.066666666666666	14.699713053279254
30.083333333333336	19.888822200785
30.1	24.853142518536856
30.116666666666667	29.79045788687324
30.133333333333333	34.56686209973918
30.150000000000002	39.22818216029782
30.166666666666668	43.723035019304916
30.183333333333334	47.791512571330145
30.2	51.68124761533426
30.21666666666667	55.25343281592899
30.233333333333334	58.57745627669061
30.25	61.55043896686732
30.266666666666666	64.11482672809905
30.283333333333335	66.2876397059992
30.3	68.36753688678527
30.316666666666666	69.92718443329221
30.333333333333336	71.02938780088311
30.35	71.70817891206093
30.366666666666667	72.1739397309708
30.383333333333333	72.30979884957117
30.400000000000002	71.94973344960567
30.416666666666668	71.16272141847139
30.433333333333334	70.11061429437785
30.45	68.47885156153723
30.46666666666667	66.6145573594502
30.483333333333334	64.40393619168674
30.5	61.7890233276604
30.516666666666666	58.75359966862197
30.533333333333335	55.481581677796896
30.55	51.761693155609066
30.566666666666666	47.74122649937982
30.583333333333336	43.48008615675218
30.6	38.95612431112545
30.616666666666667	34.2030300592038
30.633333333333333	29.43090784010451
30.650000000000002	24.366309704379262
30.666666666666668	19.133302928867977
30.683333333333334	13.73923145947117
30.7	8.132739787544494
30.71666666666667	2.549719429961783
30.733333333333334	-3.2685248086352203
30.75	-9.271802798719534
30.766666666666666	-15.118070731181206
30.783333333333335	-21.0116710116489
30.8	-26.85730734377546
30.816666666666666	-32.33239118336883
30.833333333333336	-37.87510351213274
30.85	-43.212088383483234
30.866666666666667	-48.52004972185463
30.883333333333333	-53.56228724175344
30.900000000000002	-58.50016334555053
30.916666666666668	-63.28063095300615
30.933333333333334	-67.72971240806669
30.95	-71.83997393844314
30.96666666666667	-75.60720682310853
30.983333333333334	-79.1547275176411
31.0	-82.43591234284267
31.016666666666666	-85.40526355073152
31.033333333333335	-88.0685724324428
31.05	-90.3922643564527
31.066666666666666	-92.4130413404815
31.083333333333336	-94.0249058330314
31.1	-95.27654534080744
31.116666666666667	-96.17287389423907
31.133333333333333	-96.48049118724023
31.150000000000002	-96.4649159701072
31.166666666666668	-96.20432018479414
31.183333333333334	-95.45794161383813
31.2	-94.40884799659517
31.21666666666667	-93.0622321800368
31.233333333333334	-91.35319584628257
31.25	-89.28766077983806
31.266666666666666	-86.75696954550716
31.283333333333335	-83.83626456179684
31.3	-80.56073387611838
31.316666666666666	-77.18720531040668
31.333333333333336	-73.44971330258409
31.35	-69.48753755796085
31.366666666666667	-65.33843363019301
31.383333333333333	-60.96704452145889
31.400000000000002	-56.448413482254466
31.416666666666668	-51.60616740213305
31.433333333333334	-46.520288524400456
31.45	-41.35074542723672
31.46666666666667	-36.032508526550885
31.483333333333334	-30.649003313942103
31.5	-25.16830248457279
31.516666666666666	-19.632209038377937
31.533333333333335	-14.0452171649099
31.55	-8.568890521193453
31.566666666666666	-2.9984681468149574
31.583333333333336	2.5020443253688427
31.6	7.924987065300172
31.616666666666667	13.395306354208174
31.633333333333333	18.724731054995004
31.650000000000002	23.802355224561097
31.666666666666668	28.762755561933204
31.683333333333334	33.52319311007852
31.7	38.13281922663316
31.71666666666667	42.66889359571883
31.733333333333334	46.74389342521647
31.75	50.665619979017606
31.766666666666666	54.36893049835351
31.783333333333335	57.71279902079971
31.8	60.71523069636714
31.816666666666666	63.500550407023354
31.833333333333336	65.77202399584752
31.85	67.72167471854385
31.866666666666667	69.42172157412267
31.883333333333333	70.63780551023655
31.900000000000002	71.57276490430678
31.916666666666668	72.0249592195122
31.933333333333334	72.12158874271506
31.95	71.71813966317006
31.966666666666665	71.09878226122885
31.98333333333333	69.86116829085171
32.00000000000001	68.41850226412026
32.016666666666666	66.67384037448812
32.03333333333334	64.48685210798817
32.05	61.90990076390119
32.06666666666667	58.955434526911404
32.08333333333333	55.64652087138711
32.099999999999994	52.09704753039216
32.116666666666674	48.13921677540611
32.13333333333333	44.1431796761816
32.150000000000006	39.83258978083683
32.16666666666667	35.08224696216803
32.18333333333333	30.017353449059044
32.2	24.748143887610127
32.21666666666666	19.497864214600327
32.233333333333334	14.034732762744738
32.25000000000001	8.460575098618506
32.266666666666666	2.814260784547855
32.28333333333334	-2.9487784174584704
32.3	-8.83383442862845
32.31666666666667	-14.454381081223971
32.33333333333333	-20.271510635834204
32.349999999999994	-26.078155308822033
32.366666666666674	-31.78528976798907
32.38333333333333	-37.25568115349563
32.400000000000006	-42.597189774860595
32.41666666666667	-47.83758346896158
32.43333333333333	-52.75309436182516
32.45	-57.572924202768775
32.46666666666666	-62.281208206614394
32.483333333333334	-66.76525337272454
32.50000000000001	-70.95420050664904
32.516666666666666	-75.10435158301416
32.53333333333334	-78.6729625945647
32.55	-81.96579800923132
32.56666666666667	-85.15116718380315
32.58333333333333	-87.85546205693237
32.599999999999994	-90.05172483911747
32.616666666666674	-92.17129499997105
32.63333333333333	-93.82722299074459
32.650000000000006	-94.94132124534443
32.66666666666667	-96.02968214076702
32.68333333333333	-96.54911668413894
32.699999999999996	-96.52807988137067
32.71666666666667	-96.32826432223624
32.733333333333334	-95.63085611385748
32.75000000000001	-94.51457322923997
32.766666666666666	-93.27750474878485
32.78333333333333	-91.49846338334967
32.8	-89.40373170356656
32.81666666666666	-87.17198906114581
32.83333333333333	-84.42941630874554
32.849999999999994	-81.36518983418841
32.86666666666667	-78.09792384466618
32.88333333333333	-74.45128680054484
32.9	-70.52940933915846
32.916666666666664	-66.387646941056
32.93333333333333	-62.03875792888988
32.949999999999996	-57.48334523181856
32.96666666666666	-52.70164447240509
32.98333333333333	-47.63569012758094
33.0	-42.5172585320218
33.016666666666666	-37.298540856089915
33.03333333333333	-31.937864894983875
33.05	-26.671087768043776
33.06666666666666	-21.095929512317525
33.08333333333333	-15.565084191929998
33.099999999999994	-10.014112648857122
33.11666666666667	-4.510715576986911
33.13333333333333	1.0101299346135875
33.15	6.423030250580666
33.166666666666664	11.862008176915651
33.18333333333333	17.05469979669988
33.199999999999996	22.093151800694102
33.21666666666666	26.938841277708548
33.23333333333333	31.703398680253258
33.25	36.395426834895375
33.266666666666666	40.877578238930255
33.28333333333333	44.928858258187404
33.3	48.812327017171015
33.31666666666666	52.534841445982124
33.33333333333333	55.84977593513486
33.349999999999994	58.84499955813908
33.36666666666667	61.655432814676146
33.38333333333333	64.0304555857494
33.4	65.98019020380582
33.416666666666664	67.6884931460541
33.43333333333333	68.94600517340086
33.449999999999996	69.83473407320548
33.46666666666666	70.46964742476626
33.48333333333333	70.68437410414487
33.5	70.5434335606493
33.516666666666666	69.95296506532969
33.53333333333333	68.9039322496206
33.55	67.57745532650279
33.56666666666666	65.8773506949056
33.58333333333333	63.744437948052166
33.599999999999994	61.356270987517405
33.61666666666667	58.626098445162086
33.63333333333333	55.520376288432544
33.65	52.07457826917533
33.666666666666664	48.26629038915854
33.68333333333333	44.3689887890601
33.699999999999996	40.068294907801715
33.71666666666666	35.490375256053085
33.73333333333333	30.677368991888898
33.75	25.592020238299256
33.766666666666666	20.427350411693055
33.78333333333333	15.020418048776946
33.8	9.474181162748323
33.81666666666666	3.8680219960821205
33.83333333333333	-1.8478495362893455
33.849999999999994	-7.4367950923792705
33.86666666666667	-13.222234409256657
33.88333333333333	-18.974787062487565
33.9	-24.77300752557869
33.916666666666664	-30.373936259073446
33.93333333333333	-35.87115222876366
33.949999999999996	-41.2275681387074
33.96666666666666	-46.55595170622266
33.98333333333333	-51.60397507491467
34.0	-56.45316278863973
34.016666666666666	-61.228960553329244
34.03333333333333	-65.68651466345884
34.05	-69.87143988003504
34.06666666666666	-73.69085785585511
34.08333333333333	-77.35299965988287
34.099999999999994	-80.72200952731538
34.11666666666667	-83.75322393451381
34.13333333333333	-86.39435758148358
34.15	-88.80502961119683
34.166666666666664	-90.76774435927933
34.18333333333333	-92.3720919673828
34.199999999999996	-93.6654901958571
34.21666666666666	-94.60261778273681
34.23333333333333	-95.17928393234945
34.25	-95.43182017547866
34.266666666666666	-95.3623105964231
34.28333333333333	-94.89177204516159
34.3	-94.0878267306478
34.31666666666666	-93.02617595623002
34.33333333333333	-91.40141109543163
34.349999999999994	-89.37479016934711
34.36666666666667	-87.18545205333837
34.38333333333333	-84.48953889887437
34.4	-81.4855764407555
34.416666666666664	-78.31745396375695
34.43333333333333	-74.7478637101205
34.449999999999996	-70.83880984802039
34.46666666666666	-66.6721151119653
34.48333333333333	-62.34169468711954
34.5	-57.780220018666824
34.516666666666666	-53.06571223498571
34.53333333333333	-48.24953196660371
34.55	-43.28065499434916
34.56666666666666	-38.17500569534468
34.58333333333333	-32.8750412982763
34.599999999999994	-27.373378822248696
34.61666666666667	-21.94988209922036
34.63333333333333	-16.480523487046867
34.65	-10.970968739217028
34.666666666666664	-5.446689806522954
34.68333333333333	0.1175265188561525
34.699999999999996	5.47761097281267
34.71666666666666	10.8904624713918
34.73333333333333	16.163320769893232
34.75	21.49268535498493
34.766666666666666	26.553606243682793
34.78333333333333	31.42514305836528
34.8	36.14370882560161
34.81666666666666	40.779856801381754
34.83333333333333	45.001014436670516
34.849999999999994	48.8401018441823
34.86666666666667	52.62327824397505
34.88333333333333	56.00445089564619
34.9	59.03938482325697
34.916666666666664	61.719343993403186
34.93333333333333	64.26429671488165
34.949999999999996	66.5590614339311
34.96666666666666	68.43716468522229
34.98333333333333	69.89178383512848
35.0	70.85903157886588
35.016666666666666	71.5891464903753
35.03333333333333	71.81145770298332
35.05	71.72586779952724
35.06666666666666	71.29206519878437
35.08333333333333	70.50074322112931
35.099999999999994	69.26321804048229
35.11666666666667	67.72377739540286
35.13333333333333	65.68983193502226
35.15	63.36075673443014
35.166666666666664	60.711664359994415
35.18333333333333	57.68213155091689
35.199999999999996	54.339022707889626
35.21666666666666	50.713859490431105
35.23333333333333	46.705272666404824
35.25	42.40671902560206
35.266666666666666	37.90704695439547
35.28333333333333	33.05908226348424
35.3	27.902088299893308
35.31666666666666	22.679100435858174
35.33333333333333	17.400069651307092
35.349999999999994	11.864438392410307
35.36666666666667	6.222172780102085
35.38333333333333	0.677244346938437
35.4	-5.1436116943950765
35.416666666666664	-11.000749289163195
35.43333333333333	-16.818811414344736
35.449999999999996	-22.41642786010891
35.46666666666666	-28.152416171925438
35.48333333333333	-33.70541015312119
35.5	-39.15584058776341
35.516666666666666	-44.56800872602432
35.53333333333333	-49.712641554901154
35.55	-54.61190225506985
35.56666666666666	-59.390416886914664
35.58333333333333	-63.9719899466572
35.599999999999994	-68.39048508656433
35.61666666666667	-72.42854502805244
35.63333333333333	-76.24229204717801
35.65	-79.70268621019358
35.666666666666664	-82.87081493104262
35.68333333333333	-85.53113332641615
35.699999999999996	-88.06251607128229
35.71666666666666	-90.34370400905857
35.73333333333333	-92.1903845531744
35.75	-93.6178457894764
35.766666666666666	-94.62873911801745
35.78333333333333	-95.32559327402987
35.8	-95.59565003571495
35.81666666666666	-95.5261261779801
35.83333333333333	-95.08753947962236
35.849999999999994	-94.32430306355604
35.86666666666667	-93.21369148532193
35.88333333333333	-91.63900523084715
35.9	-89.61838284780657
35.916666666666664	-87.37905651407968
35.93333333333333	-84.85405825203145
35.949999999999996	-81.84513719700087
35.96666666666666	-78.6627667292687
35.98333333333333	-75.1703653732892
36.0	-71.45839946653018
36.016666666666666	-67.50272844953889
36.03333333333333	-63.29126888461374
36.05	-58.814592447508176
36.06666666666666	-54.106400964534345
36.08333333333333	-49.28528190275853
36.099999999999994	-44.3247039941771
36.11666666666667	-39.27676639474231
36.13333333333333	-34.04930153836767
36.15	-28.74805330492245
36.166666666666664	-23.236145874573936
36.18333333333333	-17.695488407013045
36.199999999999996	-12.171093243568464
36.21666666666666	-6.629344763310883
36.23333333333333	-1.0593013432450107
36.25	4.381192906852959
36.266666666666666	9.869490428617382
36.28333333333333	15.065893117463077
36.3	20.175113791857143
36.31666666666666	25.395375081543648
36.33333333333333	30.41075411051304
36.349999999999994	35.19843330460287
36.36666666666667	39.82119460414776
36.38333333333333	44.04734701550797
36.4	47.93921402559101
36.416666666666664	51.68610418521445
36.43333333333333	55.20674578607674
36.449999999999996	58.554263565359406
36.46666666666666	61.55526045110389
36.48333333333333	64.12513238397077
36.5	66.56593751023013
36.516666666666666	68.56478566295874
36.53333333333333	70.01718801294379
36.55	71.12203029317885
36.56666666666666	72.02282158316586
36.58333333333333	72.41821291136188
36.599999999999994	72.48710512316967
36.61666666666667	72.12198103445826
36.63333333333333	71.53992079746052
36.65	70.45083829677515
36.666666666666664	68.9083843087331
36.68333333333333	66.92089011606316
36.699999999999996	64.6255908656911
36.71666666666666	62.0137411445329
36.73333333333333	58.89186207129387
36.75	55.57823809353533
36.766666666666666	51.96601776546896
36.78333333333333	47.90842218448313
36.8	43.630525356393036
36.81666666666666	39.25070595767005
36.83333333333333	34.60646004552939
36.849999999999994	29.64301491794555
36.86666666666667	24.549186239053824
36.88333333333333	19.311066549620648
36.9	13.8391710229605
36.916666666666664	8.291714497143857
36.93333333333333	2.6932860225487048
36.949999999999996	-3.0751732385634796
36.96666666666666	-8.921495650342536
36.98333333333333	-14.80138422317873
37.0	-20.428742733094396
37.016666666666666	-26.204076503595388
37.03333333333333	-31.835506747532577
37.05	-37.25270393703158
37.06666666666666	-42.71461594694023
37.08333333333333	-47.95668222398737
37.099999999999994	-53.12091657799806
37.11666666666667	-58.11788016921537
37.13333333333333	-62.726394017933956
37.15	-67.05304395241563
37.166666666666664	-71.2924751347851
37.18333333333333	-75.20608146155752
37.199999999999996	-78.67405204804498
37.21666666666666	-81.957348133332
37.23333333333333	-85.05016075834592
37.25	-87.63614851256807
37.266666666666666	-89.80833730744357
37.28333333333333	-91.60855071142984
37.3	-93.08801366469504
37.31666666666666	-94.32473808109893
37.33333333333333	-95.15192036013613
37.349999999999994	-95.52989813390764
37.36666666666667	-95.50791124790604
37.38333333333333	-95.22976415747877
37.4	-94.43923141689652
37.416666666666664	-93.40733002635181
37.43333333333333	-92.0055917957151
37.449999999999996	-90.30815135841178
37.46666666666666	-88.26196304087935
37.48333333333333	-85.7432851985115
37.5	-82.91575086508948
37.516666666666666	-79.98783594517334
37.53333333333333	-76.59382509497439
37.55	-72.93889236806874
37.56666666666666	-69.1873367114685
37.58333333333333	-65.11539571152622
37.599999999999994	-60.64004561199556
37.61666666666667	-56.069022738793734
37.63333333333333	-51.279923114811766
37.65	-46.33360529184753
37.666666666666664	-41.26239016549573
37.68333333333333	-36.06884483284716
37.699999999999996	-30.784399308565526
37.71666666666666	-25.2723356936001
37.73333333333333	-19.784799505242063
37.75	-14.200648226998737
37.766666666666666	-8.704588822054916
37.78333333333333	-3.113956926993751
37.8	2.32571730263129
37.81666666666666	7.833062611990272
37.83333333333333	13.174448143955487
37.849999999999994	18.565655777854943
37.86666666666667	23.64608628758856
37.88333333333333	28.64114398922129
37.9	33.44298670043031
37.916666666666664	37.99112935191067
37.93333333333333	42.356363292080914
37.949999999999996	46.53863796579839
37.96666666666666	50.489060665365855
37.98333333333333	54.04884364691293
38.0	57.27148449934384
38.016666666666666	60.41535170588077
38.03333333333333	63.11013401222618
38.05	65.30239233050679
38.06666666666666	67.4463648709438
38.08333333333333	69.10448479621266
38.099999999999994	70.23112735472836
38.11666666666667	71.34923894171698
38.13333333333333	71.83468746501114
38.15	71.8736127138705
38.166666666666664	71.60242391074723
38.18333333333333	70.8999141801362
38.199999999999996	69.78847480581885
38.21666666666666	68.37971690004576
38.23333333333333	66.63077954961398
38.25	64.48675067607752
38.266666666666666	62.006476695335095
38.28333333333333	58.96956852571935
38.3	55.716270987758435
38.31666666666666	52.1881184802275
38.33333333333333	48.56470207162192
38.349999999999994	44.43912477784761
38.36666666666667	40.103470267085356
38.38333333333333	35.405879546708775
38.4	30.559876823992568
38.416666666666664	25.52084202300955
38.43333333333333	20.279817680283713
38.449999999999996	14.942702559859868
38.46666666666666	9.34734331386386
38.48333333333333	3.8050345236935073
38.5	-2.004802163092222
38.516666666666666	-7.7969155154896725
38.53333333333333	-13.380068960728636
38.55	-19.157051178989718
38.56666666666666	-24.9158400966885
38.58333333333333	-30.618313978694914
38.599999999999994	-36.1133299534971
38.61666666666667	-41.58817703463498
38.63333333333333	-46.776328316927106
38.65	-51.69963721325769
38.666666666666664	-56.59068922899746
38.68333333333333	-61.231004275420275
38.699999999999996	-65.64570478089297
38.71666666666666	-69.83057202525737
38.73333333333333	-73.6252128937711
38.75	-77.23342002723541
38.766666666666666	-80.57909393690002
38.78333333333333	-83.51538253460689
38.8	-86.2199008099688
38.81666666666666	-88.57738003646492
38.83333333333333	-90.50809582562371
38.849999999999994	-92.12837616270832
38.86666666666667	-93.46124273890342
38.88333333333333	-94.39554253635282
38.9	-94.91309036691587
38.916666666666664	-95.25327272810819
38.93333333333333	-95.1095934962824
38.949999999999996	-94.47535707476243
38.96666666666666	-93.49118950233424
38.98333333333333	-92.14371378663154
39.0	-90.45721645769981
39.016666666666666	-88.43623683666979
39.03333333333333	-86.09598775930135
39.05	-83.40440020200867
39.06666666666666	-80.39851552979519
39.08333333333333	-77.16369824908566
39.099999999999994	-73.52841027029854
39.11666666666667	-69.64656665364208
39.13333333333333	-65.47633138922066
39.15	-61.17847705004792
39.166666666666664	-56.62592482955995
39.18333333333333	-51.78769041690484
39.199999999999996	-46.72198767046859
39.21666666666666	-41.554102697807906
39.23333333333333	-36.32171715545422
39.25	-31.02777126893568
39.266666666666666	-25.674944369598734
39.28333333333333	-20.124947289229908
39.3	-14.645567276634551
39.31666666666666	-9.14235896397031
39.33333333333333	-3.6364453126634544
39.349999999999994	1.846728970791787
39.36666666666667	7.258308358570275
39.38333333333333	12.666944885035036
39.4	17.87417110567037
39.416666666666664	22.962835273274493
39.43333333333333	27.822812450092385
39.449999999999996	32.584976930456435
39.46666666666666	37.207911646628986
39.48333333333333	41.710031931683034
39.5	45.799626180348696
39.516666666666666	49.704329862244265
39.53333333333333	53.37002081716321
39.55	56.714725460023374
39.56666666666666	59.78048363081189
39.58333333333333	62.53069587586316
39.599999999999994	64.9442079196217
39.61666666666667	66.90632926427321
39.63333333333333	68.58534398605838
39.65	69.83650451620196
39.666666666666664	70.76039987270212
39.68333333333333	71.31578841337017
39.699999999999996	71.62792036641622
39.71666666666666	71.52738264378041
39.73333333333333	70.99650583218187
39.75	69.88137176111815
39.766666666666666	68.59761457376067
39.78333333333333	66.81503611933061
39.8	64.7141498416911
39.81666666666666	62.261380015114355
39.83333333333333	59.59143042113578
39.849999999999994	56.48269589655138
39.86666666666667	53.04360618438011
39.88333333333333	49.28060524754403
39.9	45.353748153630306
39.916666666666664	41.23502338671142
39.93333333333333	36.7779635429099
39.949999999999996	31.898050790921275
39.96666666666666	26.76889651479354
39.98333333333333	21.556741477230503
40.0	16.09725343051457
40.016666666666666	10.554854838497477
40.03333333333333	4.905188865451123
40.05	-0.7799766876906915
40.06666666666666	-6.3687398185874144
40.08333333333333	-12.146574775891281
40.099999999999994	-17.89892875441359
40.11666666666667	-23.745492148790163
40.13333333333333	-29.320127077108737
40.15	-34.86457739941841
40.166666666666664	-40.26199640962159
40.18333333333333	-45.53906180556456
40.199999999999996	-50.56561317889765
40.21666666666666	-55.46440228480131
40.23333333333333	-60.1798055410236
40.25	-64.65966878293546
40.266666666666666	-68.9032457661445
40.28333333333333	-73.09347681595654
40.3	-76.90945154159226
40.31666666666666	-80.42234235094395
40.33333333333333	-83.47034173163618
40.349999999999994	-86.20122465248102
40.36666666666667	-88.55651619121949
40.38333333333333	-90.51339767334551
40.4	-92.16535630357436
40.416666666666664	-93.52086836883547
40.43333333333333	-94.46212039879725
40.449999999999996	-95.08209426952442
40.46666666666666	-95.40951656343492
40.48333333333333	-95.36238570421594
40.5	-94.69435269382222
40.516666666666666	-93.68045406026329
40.53333333333333	-92.35863395345277
40.55	-90.64576355785954
40.56666666666666	-88.66975869953745
40.58333333333333	-86.35533971729336
40.599999999999994	-83.70218873194005
40.61666666666667	-80.77122964305099
40.63333333333333	-77.44780557368074
40.65	-73.94352784027365
40.666666666666664	-70.33906620037877
40.68333333333333	-66.32577906058506
40.699999999999996	-62.01799921549832
40.71666666666666	-57.578840337216036
40.73333333333333	-52.8437080975697
40.75	-47.890274893940244
40.766666666666666	-43.09350186304056
40.78333333333333	-38.008785066181076
40.8	-32.85759774799175
40.81666666666666	-27.367635886733467
40.83333333333333	-21.901695336617536
40.849999999999994	-16.50389020357295
40.86666666666667	-10.995182748481511
40.88333333333333	-5.497353583995107
40.9	-0.05600284337288031
40.916666666666664	5.371924439683596
40.93333333333333	10.738032860104965
40.949999999999996	15.906167673757977
40.96666666666666	20.955381141113207
40.98333333333333	25.86414783429467
41.0	30.676007377054304
41.016666666666666	35.43559336060332
41.03333333333333	39.87624881800093
41.05	44.02961058694689
41.06666666666666	47.89515664951341
41.08333333333333	51.58856067703471
41.099999999999994	54.936056401078076
41.11666666666667	57.997486344307845
41.13333333333333	60.69948590523302
41.15	63.19521635961172
41.166666666666664	65.54362377295229
41.18333333333333	67.41353746183694
41.199999999999996	68.85931021856567
41.21666666666666	69.85328936845895
41.23333333333333	70.54107576296025
41.25	70.75286265384642
41.266666666666666	70.68046672976715
41.28333333333333	70.24683135307271
41.3	69.53538982064362
41.31666666666666	68.39829132439269
41.33333333333333	66.84875161399219
41.349999999999994	64.79018684349546
41.36666666666667	62.509484936370995
41.38333333333333	59.77874473671284
41.4	56.70144951536628
41.416666666666664	53.36534274496944
41.43333333333333	49.71166010598483
41.449999999999996	45.70977892651695
41.46666666666666	41.525560027198765
41.48333333333333	37.04391298517362
41.5	32.271702061370775
41.516666666666666	27.45385182858888
41.53333333333333	22.464041587642782
41.55	17.114279089239858
41.56666666666666	11.533566524035791
41.58333333333333	6.014658608003458
41.599999999999994	0.29565206398763166
41.61666666666667	-5.341526982920755
41.63333333333333	-11.084364127653316
41.65	-16.843629831883845
41.666666666666664	-22.41942795695138
41.68333333333333	-28.04636021883232
41.699999999999996	-33.65018938135552
41.71666666666666	-39.08396667651459
41.73333333333333	-44.44076008931478
41.75	-49.567180053662184
41.766666666666666	-54.513492252583404
41.78333333333333	-59.24014102113995
41.8	-63.795347042981206
41.81666666666666	-68.04807161532199
41.83333333333333	-72.14248973212611
41.849999999999994	-75.95466437157629
41.86666666666667	-79.49340362630221
41.88333333333333	-82.61267122289536
41.9	-85.35968369031684
41.916666666666664	-87.8999830726986
41.93333333333333	-90.19846180011689
41.949999999999996	-92.00567516553028
41.96666666666666	-93.48169573356512
41.98333333333333	-94.46489513698222
42.0	-95.12960298689575
42.016666666666666	-95.44002870152559
42.03333333333333	-95.39202784215303
42.05	-94.88199799452116
42.06666666666666	-94.26084376114278
42.08333333333333	-93.12273248627383
42.099999999999994	-91.6190153517465
42.11666666666667	-89.69498025615161
42.13333333333333	-87.4156219523233
42.15	-84.87023140730287
42.166666666666664	-81.89217108905851
42.18333333333333	-78.83578689426881
42.199999999999996	-75.2703294933876
42.21666666666666	-71.57022107985682
42.23333333333333	-67.5485147447908
42.25	-63.323478919275374
42.266666666666666	-58.97947064392915
42.28333333333333	-54.358196082937525
42.3	-49.53510499069671
42.31666666666666	-44.54507804767562
42.33333333333333	-39.37367843224479
42.349999999999994	-34.154915109194064
42.36666666666667	-28.924326023423646
42.38333333333333	-23.544936855563094
42.4	-18.112981545453806
42.416666666666664	-12.645090555215688
42.43333333333333	-7.108539791244482
42.449999999999996	-1.6681629274251009
42.46666666666666	3.8025036477376375
42.48333333333333	9.229602631756336
42.5	14.594694290131201
42.516666666666666	19.751013387541377
42.53333333333333	24.770541737925953
42.55	29.624083787951008
42.56666666666666	34.389364846796866
42.58333333333333	38.87380632909412
42.599999999999994	43.013671085719466
42.61666666666667	46.92725860952237
42.63333333333333	50.663959039616486
42.65	54.16309196680004
42.666666666666664	57.558655667793516
42.68333333333333	60.52195432982728
42.699999999999996	63.07003675625896
42.71666666666666	65.22962744250276
42.73333333333333	67.31030748580065
42.75	68.83722462127929
42.766666666666666	69.94008866560591
42.78333333333333	70.64555315126108
42.8	71.04451655311482
42.81666666666666	70.92083277350486
42.83333333333333	70.53575124808827
42.849999999999994	69.72847309206213
42.86666666666667	68.65989363151789
42.88333333333333	67.11964408196923
42.9	65.10705772372108
42.916666666666664	62.75236090126589
42.93333333333333	60.21277143266826
42.949999999999996	57.382135143972164
42.96666666666666	54.231757586015306
42.98333333333333	50.74340185212424
43.0	46.7890840244811
43.016666666666666	42.605685920105316
43.03333333333333	38.29205824835117
43.05	33.66877879949112
43.06666666666666	28.722344863009937
43.08333333333333	23.67616822069681
43.099999999999994	18.441718214059563
43.11666666666667	13.016760202497267
43.13333333333333	7.47622281764086
43.15	1.8412101470249809
43.166666666666664	-3.857337154277957
43.18333333333333	-9.400456657922064
43.199999999999996	-15.12726093094659
43.21666666666666	-20.90417607701346
43.23333333333333	-26.608895963300938
43.25	-32.130389758054775
43.266666666666666	-37.66947653736469
43.28333333333333	-42.97999946793365
43.3	-48.2646294407578
43.31666666666666	-53.322037018355445
43.33333333333333	-58.14281966443332
43.349999999999994	-62.70264590564648
43.36666666666667	-67.0691453369306
43.38333333333333	-71.20779491866011
43.4	-75.07337630566292
43.416666666666664	-78.60156531076433
43.43333333333333	-81.78342050404996
43.449999999999996	-84.47562454060375
43.46666666666666	-87.08319692895151
43.48333333333333	-89.37682233199558
43.5	-91.23654500896887
43.516666666666666	-92.71465864641789
43.53333333333333	-93.79336772663311
43.55	-94.40863772132215
43.56666666666666	-94.8614695549665
43.58333333333333	-94.74004069546578
43.599999999999994	-94.29668819523698
43.61666666666667	-93.59826524322932
43.63333333333333	-92.51346995417214
43.65	-91.08612646230924
43.666666666666664	-89.37524430571978
43.68333333333333	-87.31802609637634
43.699999999999996	-84.86253949530294
43.71666666666666	-82.07379149702274
43.73333333333333	-79.15517121288389
43.75	-75.76040408341117
43.766666666666666	-72.13682739128896
43.78333333333333	-68.31149967697843
43.8	-64.19082812997385
43.81666666666666	-59.91768517948273
43.83333333333333	-55.440876105146344
43.849999999999994	-50.62966197244637
43.86666666666667	-45.649750871447424
43.88333333333333	-40.48327297071762
43.9	-35.283133746509066
43.916666666666664	-30.088482703247223
43.93333333333333	-24.69049250696702
43.949999999999996	-19.24258866432774
43.96666666666666	-13.764854181886676
43.98333333333333	-8.20794533576452
44.0	-2.766351233075852
44.016666666666666	2.7789513944667306
44.03333333333333	8.0704061552251
44.05	13.289929749801786
44.06666666666666	18.609220897571845
44.08333333333333	23.686605973737983
44.099999999999994	28.571475370841824
44.11666666666667	33.34626451056306
44.13333333333333	37.923274045022254
44.15	42.14079129669972
44.166666666666664	46.44456426932504
44.18333333333333	50.37113954179222
44.199999999999996	53.87536509782558
44.21666666666666	57.119304810390474
44.23333333333333	59.89901746072513
44.25	62.49255260871024
44.266666666666666	64.8516303036572
44.28333333333333	66.76524435008378
44.3	68.39803156615852
44.31666666666666	69.67702316197631
44.33333333333333	70.58572194608809
44.349999999999994	71.08570870307778
44.36666666666667	71.07535435379242
44.38333333333333	70.67716136757087
44.4	69.94431546385681
44.416666666666664	68.84789940276687
44.43333333333333	67.42832311266733
44.449999999999996	65.69123754904865
44.46666666666666	63.5942765796201
44.48333333333333	61.09074614392921
44.5	58.085436297976116
44.516666666666666	54.775143597716465
44.53333333333333	51.297582016058584
44.55	47.60155183088585
44.56666666666666	43.55794744470825
44.58333333333333	39.30636195121565
44.599999999999994	34.70875130506465
44.61666666666667	29.869350451067703
44.63333333333333	24.81737134489299
44.65	19.583125282387186
44.666666666666664	14.255903772226247
44.68333333333333	8.813760507994857
44.699999999999996	3.2781257514000117
44.71666666666666	-2.345410043032871
44.73333333333333	-8.077816873969141
44.75	-13.77619116290981
44.766666666666666	-19.362926280039176
44.78333333333333	-25.003304788758953
44.8	-30.597414622132078
44.81666666666666	-36.083096389394086
44.83333333333333	-41.49971455156464
44.849999999999994	-46.65898151234305
44.86666666666667	-51.655592551402464
44.88333333333333	-56.44297391423058
44.9	-61.112514033573746
44.916666666666664	-65.55095287451115
44.93333333333333	-69.66752932610413
44.949999999999996	-73.45105925874111
44.96666666666666	-77.07970167778802
44.98333333333333	-80.41847140270576
45.0	-83.37491795888587
45.016666666666666	-86.08097715134198
45.03333333333333	-88.41263676746337
45.05	-90.34857172436278
45.06666666666666	-92.0100704633482
45.08333333333333	-93.32663892789628
45.099999999999994	-94.19695854406552
45.11666666666667	-94.68631648028048
45.13333333333333	-94.80066767343124
45.15	-94.38153342699496
45.166666666666664	-93.77448693054185
45.18333333333333	-92.7060080456045
45.199999999999996	-91.31486009206756
45.21666666666666	-89.61053069851909
45.23333333333333	-87.53069353223924
45.25	-85.15887722381623
45.266666666666666	-82.55299323890227
45.28333333333333	-79.50775291470941
45.3	-76.25397576747315
45.31666666666666	-72.7117017768878
45.33333333333333	-68.86714259692519
45.349999999999994	-64.63180437114318
45.36666666666667	-60.36745732581707
45.38333333333333	-55.83799017510128
45.4	-51.063780323871384
45.416666666666664	-46.3021124526546
45.43333333333333	-41.30781247553938
45.449999999999996	-36.205456003791994
45.46666666666666	-31.033110644532314
45.48333333333333	-25.68596131780896
45.5	-20.23430151836226
45.516666666666666	-14.888194893646073
45.53333333333333	-9.484118046134427
45.55	-4.06209415293938
45.56666666666666	1.3755246865002846
45.58333333333333	6.773492924404479
45.599999999999994	11.942269755542839
45.61666666666667	17.093341028445366
45.63333333333333	21.98944875207269
45.65	26.787316017684304
45.666666666666664	31.570018289842892
45.68333333333333	36.14952926481686
45.699999999999996	40.68415337861768
45.71666666666666	44.78313999673878
45.73333333333333	48.685997777376315
45.75	52.305977301596045
45.766666666666666	55.715991674593624
45.78333333333333	58.7272112154792
45.8	61.471004185704146
45.81666666666666	63.85981056031483
45.83333333333333	65.81168571212459
45.849999999999994	67.51964788687843
45.86666666666667	68.84508499373743
45.88333333333333	69.76251857619428
45.9	70.3607437174789
45.916666666666664	70.64925970622767
45.93333333333333	70.59456920869155
45.949999999999996	69.92449210272798
45.96666666666666	68.86191038955184
45.98333333333333	67.58692584239009
46.0	65.82537305750475
46.016666666666666	63.754615785776195
46.03333333333333	61.381129022592404
46.05	58.64273913689419
46.06666666666666	55.603513358773114
46.08333333333333	52.20605049864844
46.099999999999994	48.62707348216094
46.11666666666667	44.63958723457142
46.13333333333333	40.44771250674853
46.15	35.83954509775589
46.166666666666664	30.989797119447076
46.18333333333333	25.91760111327568
46.199999999999996	20.717385961835305
46.21666666666666	15.46456550721632
46.23333333333333	10.081473517357608
46.25	4.467338118495945
46.266666666666666	-1.175706419304106
46.28333333333333	-6.848484327237088
46.3	-12.397284221790983
46.31666666666666	-18.142869044836402
46.33333333333333	-23.84789151103155
46.349999999999994	-29.248648407177825
46.36666666666667	-34.76801871479722
46.38333333333333	-40.04836545515309
46.4	-45.32348834109922
46.416666666666664	-50.377924343023665
46.43333333333333	-55.301081704340874
46.449999999999996	-60.02181035556168
46.46666666666666	-64.50429111274681
46.48333333333333	-68.6720861329132
46.5	-72.52933382082142
46.516666666666666	-76.2243964440477
46.53333333333333	-79.54087053818017
46.55	-82.53173093878146
46.56666666666666	-85.27854813197231
46.58333333333333	-87.58916463271822
46.599999999999994	-89.49926850316177
46.61666666666667	-91.26059038088167
46.63333333333333	-92.55586110702222
46.65	-93.44115019327222
46.666666666666664	-94.10469587000722
46.68333333333333	-94.3977212556579
46.699999999999996	-94.27499954094372
46.71666666666666	-93.76069549734734
46.73333333333333	-92.77092335082472
46.75	-91.40001930381035
46.766666666666666	-89.83282064385571
46.78333333333333	-87.76387106754794
46.8	-85.43432836287656
46.81666666666666	-82.9540271692519
46.83333333333333	-80.21389006229018
46.849999999999994	-77.08268215196091
46.86666666666667	-73.67931948543591
46.88333333333333	-69.82359348532694
46.9	-65.6500783684383
46.916666666666664	-61.449899665269385
46.93333333333333	-57.00470761052313
46.949999999999996	-52.43516969365115
46.96666666666666	-47.6293913737029
46.98333333333333	-42.60661532434344
47.0	-37.44638090799617
47.016666666666666	-32.279756278631794
47.03333333333333	-26.95979900084501
47.05	-21.632061941237396
47.06666666666666	-16.20716318200516
47.08333333333333	-10.721568276422147
47.099999999999994	-5.231912955524081
47.11666666666667	0.14150132400334314
47.13333333333333	5.666381796493397
47.15	10.925542074991483
47.166666666666664	16.057401289957397
47.18333333333333	20.980143972167753
47.199999999999996	25.812532825905578
47.21666666666666	30.609639281439684
47.23333333333333	35.174703854590234
47.25	39.700755537158045
47.266666666666666	43.86208116786332
47.28333333333333	47.76169736092879
47.3	51.407845407358025
47.31666666666666	54.83367711475648
47.33333333333333	57.832287114883684
47.349999999999994	60.594970656161195
47.36666666666667	63.04214042225448
47.38333333333333	65.0309930360728
47.4	66.74105576011016
47.416666666666664	68.15010276938727
47.43333333333333	69.38720827921821
47.449999999999996	70.13336725436108
47.46666666666666	70.6311295224067
47.48333333333333	70.6139880103924
47.5	70.04737608400876
47.516666666666666	69.04869942076249
47.53333333333333	67.69627951801692
47.55	66.12581146172244
47.56666666666666	64.40781779388084
47.58333333333333	62.22241896385242
47.599999999999994	59.67205870061616
47.61666666666667	56.68671510467453
47.63333333333333	53.42237418529339
47.65	49.744562828400205
47.666666666666664	45.755746894132926
47.68333333333333	41.580981047155205
47.699999999999996	37.068256769912296
47.71666666666666	32.33004313091169
47.73333333333333	27.55826915911257
47.75	22.527543457024763
47.766666666666666	17.34190807687412
47.78333333333333	12.06701863258479
47.8	6.465110445057633
47.81666666666666	0.811217555279768
47.83333333333333	-4.924410106132086
47.849999999999994	-10.665246132684956
47.86666666666667	-16.312959173083186
47.88333333333333	-21.98338941079544
47.9	-27.58201525521497
47.916666666666664	-33.145670630302334
47.93333333333333	-38.54199137039268
47.949999999999996	-43.703029521563906
47.96666666666666	-48.76992298361347
47.98333333333333	-53.60462111061344
48.0	-58.3102863085233
48.016666666666666	-62.84546082768409
48.03333333333333	-67.03966347616813
48.05	-71.1429370800007
48.06666666666666	-74.94963271478511
48.08333333333333	-78.43929276186881
48.099999999999994	-81.48714236371256
48.11666666666667	-84.33003263455669
48.13333333333333	-86.8819548087981
48.15	-89.1114581498469
48.166666666666664	-90.95442197192904
48.18333333333333	-92.46413341193914
48.199999999999996	-93.44302943801364
48.21666666666666	-94.17406362393001
48.23333333333333	-94.441964580333
48.25	-94.36041463307299
48.266666666666666	-93.95114495907231
48.28333333333333	-93.32508081922563
48.3	-92.18015344760875
48.31666666666666	-90.68976853123081
48.33333333333333	-88.78122406051943
48.349999999999994	-86.46534905714987
48.36666666666667	-84.04043932025536
48.38333333333333	-81.32729858135181
48.4	-78.16245186849079
48.416666666666664	-74.86305861417304
48.43333333333333	-71.11194669874106
48.449999999999996	-67.2290978677616
48.46666666666666	-63.19187975071844
48.48333333333333	-58.82638076266474
48.5	-54.112581243947204
48.516666666666666	-49.456946276349896
48.53333333333333	-44.45161410972693
48.55	-39.37646973624845
48.56666666666666	-34.22064261991409
48.58333333333333	-29.002520940248644
48.599999999999994	-23.743253879566396
48.61666666666667	-18.253186451837678
48.63333333333333	-12.82640752206521
48.65	-7.276236395949184
48.666666666666664	-1.87123537517175
48.68333333333333	3.673995971694069
48.699999999999996	8.906965331914876
48.71666666666666	14.125978652389051
48.73333333333333	19.445235711911778
48.75	24.48222455040144
48.766666666666666	29.339442214401288
48.78333333333333	34.02837565033616
48.8	38.34418948257672
48.81666666666666	42.66397116753865
48.83333333333333	46.65590260508395
48.849999999999994	50.41575491480933
48.86666666666667	53.91520350240228
48.88333333333333	57.03228612246596
48.9	59.76938198455059
48.916666666666664	62.36973780619553
48.93333333333333	64.6376423176938
48.949999999999996	66.49268687961364
48.96666666666666	68.02094553775692
48.98333333333333	69.07569660054725
49.0	69.72307950894776
49.016666666666666	70.15731192793737
49.03333333333333	70.3769269379842
49.05	70.13162619109704
49.06666666666666	69.56389398656603
49.08333333333333	68.51765150314611
49.099999999999994	66.98207436713398
49.11666666666667	64.96509398673942
49.13333333333333	62.702348523845956
49.15	60.1058868881405
49.166666666666664	57.111685004425624
49.18333333333333	53.76578565488535
49.199999999999996	50.25158084914182
49.21666666666666	46.56906888350352
49.23333333333333	42.50177212643382
49.25	38.0731096137597
49.266666666666666	33.41324023550317
49.28333333333333	28.625670367196676
49.3	23.586517023314457
49.31666666666666	18.412121279804637
49.33333333333333	13.17412878426444
49.349999999999994	7.818089502310386
49.36666666666667	2.2405101015607443
49.38333333333333	-3.3468970018366235
49.4	-9.070910017825042
49.416666666666664	-14.825583597100945
49.43333333333333	-20.37583404543875
49.449999999999996	-25.98269673865451
49.46666666666666	-31.564473862149498
49.48333333333333	-36.987599156289946
49.5	-42.34176036236536
49.516666666666666	-47.45415997392669
49.53333333333333	-52.42628004209118
49.55	-57.197236805110066
49.56666666666666	-61.86644701832719
49.58333333333333	-66.12843712170829
49.599999999999994	-70.24562821250319
49.61666666666667	-74.12262743147096
49.63333333333333	-77.64276638632532
49.65	-80.6897331886131
49.666666666666664	-83.45426602361226
49.68333333333333	-86.03782660905671
49.699999999999996	-88.30039791199874
49.71666666666666	-90.25731598943366
49.73333333333333	-91.7636303022835
49.75	-92.89102166894043
49.766666666666666	-93.75213052090652
49.78333333333333	-94.15735672036698
49.8	-94.17669040268709
49.81666666666666	-93.92198846260231
49.83333333333333	-93.3037513765072
49.849999999999994	-92.22708012947595
49.86666666666667	-90.86516051109072
49.88333333333333	-89.09552339780072
49.9	-87.12244109402519
49.916666666666664	-84.7463286463634
49.93333333333333	-81.96005794381526
49.949999999999996	-78.98570484557291
49.96666666666666	-75.73349639868951
49.98333333333333	-72.08732650505306
50.0	-68.21852256956237
50.016666666666666	-64.23044269805516
50.03333333333333	-59.949323836530624
50.05	-55.509689507888226
50.06666666666666	-50.86882192795554
50.08333333333333	-45.853898686392
50.099999999999994	-40.668713605033304
50.11666666666667	-35.45570233854903
50.13333333333333	-30.175336453346745
50.15	-24.81841429318297
50.166666666666664	-19.352796927742077
50.18333333333333	-13.873897657268174
50.199999999999996	-8.370036414558228
50.21666666666666	-3.0713583874550068
50.23333333333333	2.3469376020748314
50.25	7.64923471847294
50.266666666666666	12.867215678156526
50.28333333333333	17.931523000246443
50.3	22.861820633730872
50.31666666666666	27.7270072470576
50.33333333333333	32.50871514710451
50.349999999999994	36.89508592182926
50.36666666666667	41.12280323110804
50.38333333333333	45.37876387370136
50.4	49.20348117013975
50.416666666666664	52.867890917550994
50.43333333333333	56.02698948800031
50.449999999999996	58.82526897153599
50.46666666666666	61.515961870903084
50.48333333333333	63.773459816621255
50.5	65.72197473449557
50.516666666666666	67.35294743445587
50.53333333333333	68.66318103399976
50.55	69.51713050384893
50.56666666666666	69.98271900679288
50.58333333333333	69.97878776255538
50.599999999999994	69.65775866060636
50.61666666666667	69.03491054795074
50.63333333333333	67.9034058871423
50.65	66.49897670215228
50.666666666666664	64.7446799070479
50.68333333333333	62.65610862928287
50.699999999999996	60.19519042739432
50.71666666666666	57.51195593532702
50.73333333333333	54.458458123000355
50.75	50.92122609327254
50.766666666666666	47.14994051336066
50.78333333333333	43.34819396829096
50.8	39.09106376494282
50.81666666666666	34.5014024124294
50.83333333333333	29.712919980972174
50.849999999999994	24.694707626368654
50.86666666666667	19.543042430999606
50.88333333333333	14.317581688517066
50.9	8.88267177240948
50.916666666666664	3.3440650171352786
50.93333333333333	-2.2025465018764407
50.949999999999996	-7.902863269668103
50.96666666666666	-13.638998705866754
50.98333333333333	-19.169055290907068
51.0	-24.858357862510843
51.016666666666666	-30.27658333023976
51.03333333333333	-35.679249798183264
51.05	-40.92231341980602
51.06666666666666	-46.307516072793845
51.08333333333333	-51.300734487076966
51.099999999999994	-56.14433461385133
51.11666666666667	-60.82227318590108
51.13333333333333	-65.07143470829118
51.15	-69.20218551323086
51.166666666666664	-73.17853851830728
51.18333333333333	-76.76135865187854
51.199999999999996	-79.95931612403652
51.21666666666666	-83.06823293329248
51.23333333333333	-85.74594715939202
51.25	-87.89294043293634
51.266666666666666	-89.97604222354016
51.28333333333333	-91.58720907385742
51.3	-92.68318998152071
51.31666666666666	-93.47937457374485
51.33333333333333	-94.00688318588766
51.349999999999994	-94.25590553068412
51.36666666666666	-94.0730384055999
51.38333333333333	-93.53996195540122
51.4	-92.46616792718015
51.416666666666664	-91.19539873720947
51.43333333333333	-89.48522604335943
51.449999999999996	-87.42863188034082
51.46666666666666	-85.14554072464963
51.48333333333333	-82.4980353754134
51.5	-79.47804611745553
51.516666666666666	-76.31698166647504
51.53333333333333	-72.80023273407909
51.55	-68.92197987014703
51.56666666666666	-65.0970317661226
51.58333333333333	-60.90520563098906
51.599999999999994	-56.483567030362764
51.61666666666666	-51.83246728300466
51.63333333333333	-46.91252537235829
51.65	-42.08498534038503
51.666666666666664	-37.14924068720234
51.68333333333333	-32.0451401174908
51.699999999999996	-26.80835127395909
51.71666666666666	-21.363136154535596
51.73333333333333	-15.97470582202368
51.75	-10.570314422416857
51.766666666666666	-5.203198646169653
51.78333333333333	0.23306145067471107
51.8	5.62242030998766
51.81666666666666	10.837641192023568
51.83333333333333	15.897214444867473
51.849999999999994	20.804089467210133
51.86666666666666	25.690441360898717
51.88333333333333	30.468290924506277
51.9	34.96642219064165
51.916666666666664	39.21344890958699
51.93333333333333	43.52142142292445
51.949999999999996	47.42886050398869
51.96666666666666	51.14721416440011
51.98333333333333	54.6309348992595
52.0	57.60303565197307
52.016666666666666	60.39459207021088
52.03333333333333	62.74970255931862
52.05	64.70038257322977
52.06666666666666	66.48450728393692
52.08333333333333	67.78095379796639
52.099999999999994	68.70344192359136
52.11666666666666	69.42313172048745
52.13333333333333	69.67352964256816
52.15	69.52825436263453
52.166666666666664	68.96098443781625
52.18333333333333	67.91132386156966
52.199999999999996	66.59042551340133
52.21666666666666	64.88607181381263
52.23333333333333	62.826760825526605
52.25	60.47095910928806
52.266666666666666	57.72648270383945
52.28333333333333	54.68853512997782
52.3	51.35821731857004
52.31666666666666	47.695587396388646
52.33333333333333	43.73974465388858
52.349999999999994	39.53598000701817
52.36666666666666	35.03407381383147
52.38333333333333	30.334306868529552
52.4	25.49220662390144
52.416666666666664	20.48775255226309
52.43333333333333	15.294715644505118
52.449999999999996	9.916600356048946
52.46666666666666	4.445784514787647
52.48333333333333	-1.0875836254634805
52.5	-6.727185919816122
52.516666666666666	-12.315612281382869
52.53333333333333	-17.978118158923394
52.55	-23.585391389643746
52.56666666666666	-29.135185412106352
52.58333333333333	-34.54773480731728
52.599999999999994	-39.73073864600718
52.61666666666666	-44.809842950470255
52.63333333333333	-49.626713080401686
52.65	-54.425107387997315
52.666666666666664	-59.10153111201555
52.68333333333333	-63.55300911123308
52.699999999999996	-67.67299876235114
52.71666666666666	-71.54055036659031
52.73333333333333	-75.28236478781929
52.75	-78.61114903695255
52.766666666666666	-81.5475619700228
52.78333333333333	-84.24510013942867
52.8	-86.55460357675997
52.81666666666666	-88.51373151935923
52.83333333333333	-90.21134529186821
52.849999999999994	-91.49798388453507
52.86666666666666	-92.47548777812793
52.88333333333333	-93.20852618033877
52.9	-93.42907805880603
52.916666666666664	-93.38999016090906
52.93333333333333	-92.99512411649627
52.949999999999996	-92.16118596115433
52.96666666666666	-91.02837672341172
52.98333333333333	-89.46332184797717
53.0	-87.48073126350147
53.016666666666666	-85.34761730726058
53.03333333333333	-82.89741891379197
53.05	-80.16752565669981
53.06666666666666	-77.15569597367832
53.08333333333333	-73.77712677936495
53.099999999999994	-70.0343323624246
53.11666666666666	-66.28676567572978
53.13333333333333	-62.15893267294828
53.15	-57.716239692257716
53.166666666666664	-53.140755292372376
53.18333333333333	-48.37467065555674
53.199999999999996	-43.40183306496678
53.21666666666666	-38.373423277286975
53.23333333333333	-33.20179804046995
53.25	-27.986518443085743
53.266666666666666	-22.715123353077388
53.28333333333333	-17.22983940854624
53.3	-12.030531773567418
53.31666666666666	-6.654328367978508
53.33333333333333	-1.2766266462819544
53.349999999999994	3.9256631911792397
53.36666666666666	9.129250284749162
53.38333333333333	14.524389824285663
53.4	19.567352698892478
53.416666666666664	24.554632080826366
53.43333333333333	29.444750460107002
53.449999999999996	34.01032136094534
53.46666666666666	38.3902571442984
53.48333333333333	42.62823342264619
53.5	46.5161452417064
53.516666666666666	50.145739971010414
53.53333333333333	53.64869505908075
53.55	56.645301094189335
53.56666666666666	59.42930758121673
53.58333333333333	61.83587654459234
53.599999999999994	63.83117327135125
53.61666666666666	65.69222936095588
53.63333333333333	67.0706695910672
53.65	68.00437362432478
53.666666666666664	68.65794278779492
53.68333333333333	68.93189776937209
53.699999999999996	68.81661284774952
53.71666666666666	68.42529253504694
53.73333333333333	67.67022538771653
53.75	66.49991670632284
53.766666666666666	64.94670788836532
53.78333333333333	62.9447829534908
53.8	60.623257369895214
53.81666666666666	57.943455040913875
53.83333333333333	54.8921502769424
53.849999999999994	51.6046973923913
53.86666666666666	48.08318682684819
53.88333333333333	44.20946992355357
53.9	40.247390924695196
53.916666666666664	35.93328589770465
53.93333333333333	31.28541036525087
53.949999999999996	26.546970512541293
53.96666666666666	21.545024369228315
53.98333333333333	16.404056551515623
54.0	11.126691730455548
54.016666666666666	5.764495135037748
54.03333333333333	0.31870194197688306
54.05	-5.133766605584924
54.06666666666666	-10.766086701954578
54.08333333333333	-16.248260980456052
54.099999999999994	-21.798822067962305
54.11666666666666	-27.296973200008324
54.13333333333333	-32.75043218974406
54.15	-38.07891996398507
54.166666666666664	-43.394724195161245
54.18333333333333	-48.42698778100478
54.199999999999996	-53.26861587212096
54.21666666666666	-58.026115616890536
54.23333333333333	-62.5529674867779
54.25	-66.71039348698429
54.266666666666666	-70.59072935315675
54.28333333333333	-74.2992682416126
54.3	-77.64844217291267
54.31666666666666	-80.70008691051345
54.33333333333333	-83.40635921851904
54.349999999999994	-85.86506276907849
54.36666666666666	-87.74638593763854
54.38333333333333	-89.45786840569104
54.4	-90.86770393204694
54.416666666666664	-91.81496241418085
54.43333333333333	-92.47520510653078
54.449999999999996	-92.76852720244119
54.46666666666666	-92.6567677415128
54.48333333333333	-92.34416305281468
54.5	-91.48870445671486
54.516666666666666	-90.40320353428405
54.53333333333333	-88.93716279626653
54.55	-87.36204521135767
54.56666666666666	-85.32248467699543
54.58333333333333	-82.91609384004619
54.599999999999994	-80.27177608808796
54.61666666666666	-77.28649988107958
54.63333333333333	-73.96821744893037
54.65	-70.44023001894007
54.666666666666664	-66.57943992384367
54.68333333333333	-62.46035950987144
54.699999999999996	-58.133588090735515
54.71666666666666	-53.739237803485025
54.73333333333333	-48.9894970107955
54.75	-44.280502009624854
54.766666666666666	-39.31916448296715
54.78333333333333	-34.16479495832607
54.8	-28.98536049487643
54.81666666666666	-23.765879006006458
54.83333333333333	-18.278781498255853
54.849999999999994	-12.932733715609288
54.86666666666666	-7.716760809571497
54.88333333333333	-2.315463998486848
54.9	2.920342548654162
54.916666666666664	8.087405951949847
54.93333333333333	13.215108179759568
54.949999999999996	18.432159178259667
54.96666666666666	23.484202654854357
54.98333333333333	28.390406832312635
55.0	32.96726479907403
55.016666666666666	37.394467866237505
55.03333333333333	41.66418424469282
55.05	45.58905331097657
55.06666666666666	49.34837422412022
55.08333333333333	52.78036880246452
55.099999999999994	55.805048272105864
55.11666666666666	58.68279918362771
55.13333333333333	61.261729352541806
55.15	63.56642414665333
55.166666666666664	65.50808430471574
55.18333333333333	66.93101095984139
55.199999999999996	67.89568306705769
55.21666666666666	68.6643720353095
55.23333333333333	69.0936707909915
55.25	68.91305961192268
55.266666666666666	68.58983786662287
55.28333333333333	67.85401754226177
55.3	66.72276580428007
55.31666666666666	65.31227529597157
55.33333333333333	63.59342422196994
55.349999999999994	61.40175134017454
55.36666666666666	58.844452328596844
55.38333333333333	55.87492463610977
55.4	52.64156760703247
55.416666666666664	49.171438794780556
55.43333333333333	45.60838105111145
55.449999999999996	41.571129453533445
55.46666666666666	37.32851846420715
55.48333333333333	32.85345931270069
55.5	27.977945636856703
55.516666666666666	22.870335676365357
55.53333333333333	17.719686526242526
55.55	12.405075893830428
55.56666666666666	6.992779334755539
55.58333333333333	1.472020808605805
55.599999999999994	-4.063540580939502
55.61666666666666	-9.706259358115403
55.63333333333333	-15.187235851281116
55.65	-20.782998445336034
55.666666666666664	-26.24313718621312
55.68333333333333	-31.80550179693398
55.699999999999996	-37.006147881756874
55.71666666666666	-42.32332304444225
55.73333333333333	-47.40247996973869
55.75	-52.32767216702263
55.766666666666666	-57.10776130004001
55.78333333333333	-61.621051143439104
55.8	-65.79934431437579
55.81666666666666	-69.68736175237572
55.83333333333333	-73.43210391003038
55.849999999999994	-76.97632636418814
55.86666666666666	-80.25467184460183
55.88333333333333	-83.21136791725547
55.9	-85.61233776171227
55.916666666666664	-87.68268708352844
55.93333333333333	-89.43101580235287
55.949999999999996	-90.93631365296798
55.96666666666666	-92.15496327103048
55.98333333333333	-93.07105266463674
56.0	-93.48940164738377
56.016666666666666	-93.46053635808386
56.03333333333333	-93.29789589081227
56.05	-92.55693082300087
56.06666666666666	-91.47679805116582
56.08333333333333	-90.13180646427367
56.099999999999994	-88.37343755028576
56.11666666666666	-86.34635615258765
56.13333333333333	-84.01391534453583
56.15	-81.36501871924162
56.166666666666664	-78.38250234970315
56.18333333333333	-75.20385561690028
56.199999999999996	-71.58539841637742
56.21666666666666	-67.71566178295933
56.23333333333333	-63.534912068041365
56.25	-59.249130452483655
56.266666666666666	-54.795719794900066
56.28333333333333	-50.10171014486977
56.3	-45.35364571595392
56.31666666666666	-40.43198794917964
56.33333333333333	-35.395874361082235
56.349999999999994	-30.208068784105876
56.36666666666666	-25.02833562679325
56.38333333333333	-19.692389191043844
56.4	-14.187434327475216
56.416666666666664	-8.879047059528261
56.43333333333333	-3.585579828619757
56.449999999999996	1.7541337876426724
56.46666666666666	6.903114751144017
56.48333333333333	11.979946034352452
56.5	16.868428169593926
56.516666666666666	21.77021583500857
56.53333333333333	26.57783395375418
56.55	31.20309560886767
56.56666666666666	35.78116034694716
56.58333333333333	40.03754136933412
56.599999999999994	43.900735477903595
56.61666666666666	47.63790616164215
56.63333333333333	51.12471178323733
56.65	54.511025713419144
56.666666666666664	57.48961719132126
56.68333333333333	60.07859499362337
56.699999999999996	62.21047070814336
56.71666666666666	64.37924381692926
56.73333333333333	66.05788487023932
56.75	67.14721381394372
56.766666666666666	68.23178724801551
56.78333333333333	68.76704066967972
56.8	68.78178247284563
56.81666666666666	68.54791327804514
56.83333333333333	67.95259614770902
56.849999999999994	66.80244016287503
56.86666666666666	65.51174353916741
56.88333333333333	63.775714693224984
56.9	61.692863163100185
56.916666666666664	59.33357855057727
56.93333333333333	56.6412619007956
56.949999999999996	53.54477795149313
56.96666666666666	50.08073651429277
56.98333333333333	46.29544665625747
57.0	42.399186709033984
57.016666666666666	38.24251084533603
57.03333333333333	33.865165451958205
57.05	29.119423340269805
57.06666666666666	24.05033120023461
57.08333333333333	18.879079332137962
57.099999999999994	13.635003619342797
57.11666666666666	8.250982290257525
57.13333333333333	2.823249003916146
57.15	-2.689943986388471
57.166666666666664	-8.261373930273407
57.18333333333333	-13.839432417589137
57.199999999999996	-19.23967883471056
57.21666666666666	-24.820534610580694
57.23333333333333	-30.164587294221406
57.25	-35.52606921640552
57.266666666666666	-40.77117657989686
57.28333333333333	-45.807517352763256
57.3	-50.625185007042745
57.31666666666666	-55.364020999697175
57.33333333333333	-59.89084365409886
57.349999999999994	-64.33988201948807
57.36666666666666	-68.38424425764248
57.38333333333333	-72.25724047481876
57.4	-75.81704349681146
57.416666666666664	-78.98562491782849
57.43333333333333	-82.0909631221844
57.449999999999996	-84.67701633512564
57.46666666666666	-86.9654671328125
57.48333333333333	-89.08398224374821
57.5	-90.54459444878387
57.516666666666666	-91.68798161956761
57.53333333333333	-92.4580903808718
57.55	-92.98336808267896
57.56666666666666	-93.17406924379071
57.58333333333333	-93.07067956846572
57.599999999999994	-92.4981006190477
57.61666666666666	-91.48870980804071
57.63333333333333	-90.29497302800928
57.65	-88.5934193228926
57.666666666666664	-86.55631447952908
57.68333333333333	-84.32269077446944
57.699999999999996	-81.6179998126621
57.71666666666666	-78.6112056232601
57.73333333333333	-75.43280847597393
57.75	-71.95165507740307
57.766666666666666	-68.33324608753159
57.78333333333333	-64.41299318497971
57.8	-60.243767855060526
57.81666666666666	-55.903575117408536
57.83333333333333	-51.4013932819322
57.849999999999994	-46.560372719779366
57.86666666666666	-41.629186268989
57.88333333333333	-36.523615184828316
57.9	-31.359642388617317
57.916666666666664	-26.20767218691003
57.93333333333333	-20.987893519567592
57.949999999999996	-15.742789696341788
57.96666666666666	-10.308059343496893
57.98333333333333	-4.990585068507073
58.0	0.30550186501022836
58.016666666666666	5.618056390506126
58.03333333333333	10.86103164773067
58.05	15.865153944818871
58.06666666666666	20.76817768540684
58.08333333333333	25.617636930403933
58.099999999999994	30.29933402319375
58.11666666666666	34.787251948300536
58.13333333333333	39.04831019138237
58.15	42.915841592215145
58.166666666666664	46.67510443453648
58.18333333333333	50.29057391385885
58.199999999999996	53.61953295841846
58.21666666666666	56.63957150686775
58.23333333333333	59.44499553985543
58.25	61.751374509288325
58.266666666666666	63.74345171444509
58.28333333333333	65.5248399653247
58.3	66.7693263293495
58.31666666666666	67.70976858461268
58.33333333333333	68.35180315454897
58.349999999999994	68.59798375581579
58.36666666666666	68.48993708877106
58.38333333333333	67.90018632882874
58.4	66.92566861391123
58.416666666666664	65.63744597367798
58.43333333333333	64.09458435925347
58.449999999999996	61.93133869565611
58.46666666666666	59.578626776239105
58.48333333333333	56.88306105967894
58.5	53.798186050930894
58.516666666666666	50.46500579017146
58.53333333333333	46.873603482682256
58.55	42.829686776735514
58.56666666666666	38.6318148060941
58.58333333333333	34.275752629142346
58.599999999999994	29.711092131451323
58.61666666666666	24.797177748755644
58.63333333333333	19.751329493752905
58.65	14.570372502872601
58.666666666666664	9.27409615849922
58.68333333333333	3.8853453071798754
58.699999999999996	-1.5339478803892348
58.71666666666666	-7.119647315283601
58.73333333333333	-12.611493789600786
58.75	-18.131104923261773
58.766666666666666	-23.68279827210938
58.78333333333333	-29.143420039958187
58.8	-34.45981914099934
58.81666666666666	-39.76018701511941
58.83333333333333	-44.9047438553346
58.849999999999994	-49.99018576030272
58.86666666666666	-54.87270136944139
58.88333333333333	-59.31879679548163
58.9	-63.56372295566672
58.916666666666664	-67.61592129301891
58.93333333333333	-71.41257914628122
58.949999999999996	-75.01329155117995
58.96666666666666	-78.34731725670156
58.98333333333333	-81.3762663949841
59.0	-84.11654319231985
59.016666666666666	-86.44678877265187
59.03333333333333	-88.47599478263112
59.05	-90.1571596829626
59.06666666666666	-91.4541321038422
59.08333333333333	-92.41416412928115
59.099999999999994	-92.97353366382254
59.11666666666666	-93.2826038291638
59.13333333333333	-93.20429177812133
59.15	-92.61407281246957
59.166666666666664	-91.62103090670695
59.18333333333333	-90.39024277984436
59.199999999999996	-88.81895714543981
59.21666666666666	-86.8190254781423
59.23333333333333	-84.50305212190221
59.25	-82.05625243114034
59.266666666666666	-79.34217779853344
59.28333333333333	-76.28583708974253
59.3	-72.84219017858373
59.31666666666666	-69.1291472670822
59.33333333333333	-65.29695487035241
59.349999999999994	-61.171780946704246
59.36666666666666	-56.87300683562239
59.38333333333333	-52.196729815973015
59.4	-47.4834797982935
59.416666666666664	-42.601541917406394
59.43333333333333	-37.5193656581867
59.449999999999996	-32.38302216869147
59.46666666666666	-27.289517755736483
59.48333333333333	-22.030334687790855
59.5	-16.746528242122167
59.516666666666666	-11.379483510300872
59.53333333333333	-6.076036176523985
59.55	-0.7475117252790824
59.56666666666666	4.591523739948684
59.58333333333333	9.817638894420895
59.599999999999994	14.850673092179363
59.61666666666666	19.792578674460287
59.63333333333333	24.700939705918245
59.65	29.420156986516076
59.666666666666664	33.86793072254375
59.68333333333333	38.18977742622366
59.699999999999996	42.41621776831357
59.71666666666666	46.325120132493225
59.73333333333333	50.03676258488042
59.75	53.20802555028945
59.766666666666666	56.42891887961639
59.78333333333333	59.293803555386944
59.8	61.78926943237468
59.81666666666666	63.881686148919584
59.83333333333333	65.59884148821482
59.849999999999994	66.95699290973658
59.86666666666666	67.87724578622988
59.88333333333333	68.617265257719
59.9	68.80636523043017
59.916666666666664	68.74796150148757
59.93333333333333	68.32015550810644
59.949999999999996	67.61256929752773
59.96666666666666	66.48643262499894
59.98333333333333	64.91885382201463
60.0	62.890504255628
60.016666666666666	60.638922949609764
60.03333333333333	58.02880888177401
60.05	54.96709232286753
60.06666666666666	51.68065248398534
60.08333333333333	48.22700306254478
60.099999999999994	44.53316550597708
60.11666666666666	40.51014564994415
60.13333333333333	36.169436765879595
60.15	31.73855109620763
60.166666666666664	26.82091269409966
60.18333333333333	21.77742529703272
60.199999999999996	16.60744009088387
60.21666666666666	11.319092117657078
60.23333333333333	5.915242768355483
60.25	0.506487370973673
60.266666666666666	-5.073852713478516
60.28333333333333	-10.59719055939297
60.3	-16.125288122939537
60.31666666666666	-21.629291998045346
60.33333333333333	-27.117464361283737
60.349999999999994	-32.50698090856304
60.36666666666666	-37.78330191565169
60.38333333333333	-42.963778965111175
60.4	-48.092837452545126
60.416666666666664	-53.05602236979391
60.43333333333333	-57.75581645427741
60.449999999999996	-62.10313855253224
60.46666666666666	-66.355713532078
60.48333333333333	-70.29868294188822
60.5	-74.03360296966346
60.516666666666666	-77.40460447508858
60.53333333333333	-80.4565075977944
60.55	-83.19722627136406
60.56666666666666	-85.50845205127467
60.58333333333333	-87.59269703809446
60.599999999999994	-89.31743881250716
60.61666666666666	-90.65595908709713
60.63333333333333	-91.67614447034597
60.65	-92.34060500607865
60.666666666666664	-92.63957187848757
60.68333333333333	-92.56666781920228
60.699999999999996	-92.13136035470791
60.71666666666666	-91.36721713374848
60.73333333333333	-90.26541656353817
60.75	-88.78036136274929
60.766666666666666	-86.92210083274028
60.78333333333333	-84.99097960453008
60.8	-82.58873760237162
60.81666666666666	-79.84897479154682
60.83333333333333	-76.7076859976114
60.849999999999994	-73.32872857682867
60.86666666666666	-69.74983694457833
60.88333333333333	-65.7655463820995
60.9	-61.58571417677129
60.916666666666664	-57.29410874130886
60.93333333333333	-52.83259085019745
60.949999999999996	-48.13983875027108
60.96666666666666	-43.393968454048036
60.98333333333333	-38.42409981832748
61.0	-33.349858906011264
61.016666666666666	-28.225833451881215
61.03333333333333	-23.040481457743056
61.05	-17.706833634353927
61.06666666666666	-12.368310171934354
61.08333333333333	-7.138039076316886
61.099999999999994	-1.8699148806991843
61.11666666666666	3.511740848875661
61.13333333333333	8.709901145307981
61.15	13.81530375374598
61.166666666666664	18.747419836595554
61.18333333333333	23.671871927071493
61.199999999999996	28.421239424474948
61.21666666666666	33.021085001995345
61.23333333333333	37.37832122020268
61.25	41.59015026180447
61.266666666666666	45.494388675913115
61.28333333333333	49.19693276588964
61.3	52.61557716899597
61.31666666666666	55.6943825739944
61.33333333333333	58.58120691087822
61.349999999999994	61.053251796185464
61.36666666666666	63.12709404668084
61.38333333333333	65.14072905631878
61.4	66.73383584231158
61.416666666666664	67.83631204774912
61.43333333333333	68.56650464471778
61.449999999999996	68.82575754519627
61.46666666666666	68.76997519844178
61.48333333333333	68.5011503593999
61.5	67.71522277068237
61.516666666666666	66.67182954960117
61.53333333333333	65.45143648550436
61.55	63.71161074125797
61.56666666666666	61.67051028562207
61.58333333333333	59.32211763540249
61.599999999999994	56.55322436809007
61.61666666666666	53.4375044655244
61.63333333333333	49.918483600077934
61.65	46.06378810705496
61.666666666666664	41.85507947690894
61.68333333333333	37.58687205204501
61.699999999999996	33.21165536573119
61.71666666666666	28.63797209984125
61.73333333333333	23.81908220664502
61.75	18.749198035006145
61.766666666666666	13.496151969877701
61.78333333333333	8.099891903530136
61.8	2.4980197782401774
61.81666666666666	-3.2043892813908315
61.83333333333333	-8.82107462928957
61.849999999999994	-14.215729077180526
61.86666666666666	-19.71795407627917
61.88333333333333	-25.13806465071673
61.9	-30.492628794235827
61.916666666666664	-35.7607396529321
61.93333333333333	-41.00884883972819
61.949999999999996	-46.26861998232343
61.96666666666666	-51.29930782541015
61.98333333333333	-56.24188035605175
62.0	-60.90646227060515
62.016666666666666	-65.3488253680868
62.03333333333333	-69.38136649961498
62.05	-73.10112979684376
62.06666666666666	-76.43063387480527
62.08333333333333	-79.4517484644029
62.099999999999994	-82.25419289392318
62.11666666666666	-84.83919197720726
62.13333333333333	-87.03903010268289
62.15	-89.02738219216263
62.166666666666664	-90.50832709913544
62.18333333333333	-91.62352320774161
62.199999999999996	-92.36619885739131
62.21666666666666	-92.76329063198398
62.23333333333333	-92.70737529244306
62.25	-92.35227151483579
62.266666666666666	-91.63171343326931
62.28333333333333	-90.61854904610092
62.3	-89.30547003052072
62.31666666666666	-87.59814684518568
62.33333333333333	-85.57969962392258
62.349999999999994	-83.19306396103298
62.36666666666666	-80.46319656395121
62.38333333333333	-77.4727326693365
62.4	-74.18331093999697
62.416666666666664	-70.67087743336225
62.43333333333333	-66.99984198939978
62.449999999999996	-63.20167684240269
62.46666666666666	-59.09077865175732
62.48333333333333	-54.81164908847441
62.5	-50.18365112823204
62.516666666666666	-45.50307714997197
62.53333333333333	-40.50816258365495
62.55	-35.38685726500148
62.56666666666666	-30.214927967855147
62.58333333333333	-24.978440239871418
62.599999999999994	-19.649721708751542
62.61666666666666	-14.350957034064436
62.63333333333333	-9.12231477479611
62.65	-3.8502438261872385
62.666666666666664	1.557701128763938
62.68333333333333	6.736384456859582
62.699999999999996	11.78377928900278
62.71666666666666	16.73538542627773
62.73333333333333	21.685518097492377
62.75	26.50100584737686
62.766666666666666	31.15564820087883
62.78333333333333	35.8377046761741
62.8	40.0610966242225
62.81666666666666	43.93555895563861
62.83333333333333	47.670038820462196
62.849999999999994	51.145595625568944
62.86666666666666	54.527153143508144
62.88333333333333	57.539544014168314
62.9	60.07161639607301
62.916666666666664	62.20350689849863
62.93333333333333	64.32145588488845
62.949999999999996	65.92689325217702
62.96666666666666	67.0707636492109
62.98333333333333	67.84224943587975
63.0	68.28920115102278
63.016666666666666	68.45081277989709
63.03333333333333	68.4486781473467
63.05	67.88741696520304
63.06666666666666	66.89893663577732
63.08333333333333	65.66088410256828
63.099999999999994	63.91594641278215
63.11666666666666	61.81193195313955
63.13333333333333	59.41685646040662
63.15	56.65432366583536
63.166666666666664	53.54593269997952
63.18333333333333	50.129759718610785
63.199999999999996	46.58719704631801
63.21666666666666	42.65086142468141
63.23333333333333	38.581253931476056
63.25	34.212370381608935
63.266666666666666	29.726507399930483
63.28333333333333	24.886857737102957
63.3	19.77697385295454
63.31666666666666	14.502281044286462
63.33333333333333	9.053037281686784
63.349999999999994	3.5492166767493245
63.36666666666666	-1.993071260451302
63.38333333333333	-7.5162168382554455
63.4	-13.041877232019488
63.416666666666664	-18.564926293443364
63.43333333333333	-24.040858275877554
63.449999999999996	-29.42231590012159
63.46666666666666	-34.78601632682074
63.48333333333333	-40.00569677042108
63.5	-45.29252883645708
63.516666666666666	-50.305169881457005
63.53333333333333	-55.13165284550266
63.55	-59.70231448424062
63.56666666666666	-63.87429902418398
63.58333333333333	-67.77304651379711
63.599999999999994	-71.43141005602644
63.61666666666666	-74.98176391191168
63.63333333333333	-78.34203222583102
63.65	-81.34447641869679
63.666666666666664	-83.98698282296922
63.68333333333333	-86.38596820345765
63.699999999999996	-88.35614294813269
63.71666666666666	-89.88453185470505
63.73333333333333	-91.29344990087975
63.75	-92.18611617612669
63.766666666666666	-92.60555124772912
63.78333333333333	-92.72658387012152
63.8	-92.41722866026475
63.81666666666666	-91.95468824646332
63.83333333333333	-91.27340610137313
63.849999999999994	-90.05958353355038
63.86666666666666	-88.49757235392849
63.88333333333333	-86.49076265522112
63.9	-84.22912789766008
63.916666666666664	-81.5806392665217
63.93333333333333	-78.68766473391949
63.949999999999996	-75.42568093040762
63.96666666666666	-72.00368404515308
63.98333333333333	-68.39960058984377
63.99999999999999	-64.44876157519641
64.01666666666665	-60.290256781058645
64.03333333333332	-55.99927307004839
64.05	-51.45563120359833
64.06666666666668	-46.71110112328418
64.08333333333334	-41.71814691099689
64.1	-36.58686543161252
64.11666666666666	-31.478244594953594
64.13333333333334	-26.341103931256782
64.15	-21.178771749942086
64.16666666666666	-16.047509808467225
64.18333333333332	-10.762669193369334
64.19999999999999	-5.360557374333155
64.21666666666667	-0.15451364870807538
64.23333333333333	5.082480435003333
64.24999999999999	10.290509143326517
64.26666666666665	15.51003505535482
64.28333333333332	20.57521470834473
64.3	25.402105129641654
64.31666666666668	29.985187958501115
64.33333333333334	34.44238469676685
64.35	38.73810210854515
64.36666666666666	42.716018820243676
64.38333333333334	46.576333253136795
64.4	50.05781830922484
64.41666666666666	53.23715316152038
64.43333333333332	56.41545575601634
64.44999999999999	59.12637515920045
64.46666666666667	61.61582778745617
64.48333333333333	63.655036417069425
64.49999999999999	65.37306406287519
64.51666666666665	66.68587722756496
64.53333333333332	67.67150578254262
64.55	68.37712065312775
64.56666666666668	68.70047577758965
64.58333333333334	68.68898061868776
64.6	68.28574184089581
64.61666666666666	67.55426986645097
64.63333333333334	66.43702747374692
64.65	64.83037066167947
64.66666666666666	62.79360542011074
64.68333333333332	60.58911602288458
64.69999999999999	57.87958100490823
64.71666666666667	54.81529677234926
64.73333333333333	51.5916739601297
64.74999999999999	48.04772229005886
64.76666666666665	44.051878625776
64.78333333333332	39.81131456558222
64.8	35.38265321760616
64.81666666666668	30.835290609345975
64.83333333333334	25.972485545112534
64.85	20.90406187179076
64.86666666666666	15.769935361501098
64.88333333333334	10.5650386034946
64.9	5.3027898950838335
64.91666666666666	-0.1612564216068222
64.93333333333332	-5.648113643888564
64.94999999999999	-11.161435874658082
64.96666666666667	-16.74097688281097
64.98333333333333	-22.252576940605195
64.99999999999999	-27.731441732715098
65.01666666666665	-33.08312242275855
65.03333333333332	-38.40037952741244
65.05	-43.47323459744632
65.06666666666668	-48.41096849679195
65.08333333333334	-53.18985803178742
65.1	-57.70805588881876
65.11666666666666	-62.03417158136091
65.13333333333334	-66.31682552091272
65.15	-70.21935976771965
65.16666666666666	-73.8747098353341
65.18333333333332	-77.14353500171191
65.19999999999999	-80.22793255916841
65.21666666666667	-83.00332820186102
65.23333333333333	-85.49256272698375
65.24999999999999	-87.45489452079676
65.26666666666665	-89.19645757292574
65.28333333333332	-90.56241530845335
65.3	-91.48064755437719
65.31666666666668	-92.08821714636676
65.33333333333334	-92.39890126796797
65.35	-92.31851429980293
65.36666666666666	-91.75401318185945
65.38333333333334	-90.96740583601877
65.4	-89.82822743454835
65.41666666666666	-88.2474383217434
65.43333333333332	-86.51655379210985
65.44999999999999	-84.40553617274435
65.46666666666667	-81.98927067386163
65.48333333333332	-79.38005322928512
65.49999999999999	-76.33154777874694
65.51666666666667	-73.00529803107082
65.53333333333332	-69.4176615050763
65.55	-65.50185641743838
65.56666666666668	-61.367738552474464
65.58333333333334	-57.09449260179238
65.60000000000001	-52.592720484128364
65.61666666666667	-47.91140432242207
65.63333333333334	-43.27621240942892
65.65	-38.334754104477156
65.66666666666667	-33.309099051278906
65.68333333333334	-28.2166909506235
65.7	-23.077079956330294
65.71666666666667	-17.939098568904
65.73333333333333	-12.761965225786525
65.75	-7.314823880128301
65.76666666666667	-2.136689218556114
65.78333333333333	2.9827871213959725
65.8	8.053225271628548
65.81666666666668	12.946291902305234
65.83333333333334	17.858971602422116
65.85000000000001	22.690484742549188
65.86666666666667	27.469817600647787
65.88333333333334	31.97649203715639
65.9	36.27302017418424
65.91666666666667	40.48111447411361
65.93333333333334	44.40532932323737
65.95	47.967858163820324
65.96666666666667	51.18604469672755
65.98333333333333	54.519904262453224
66.0	57.36756690295692
66.01666666666667	59.89902760166996
66.03333333333333	62.06018276178111
66.05	63.75019434268978
66.06666666666668	65.22159048351295
66.08333333333334	66.46885707521602
66.10000000000001	67.24607912556229
66.11666666666667	67.61704017557076
66.13333333333334	67.63673996863946
66.15	67.22672601744438
66.16666666666667	66.60259585403821
66.18333333333334	65.51984148793792
66.2	63.96217834819578
66.21666666666667	62.020104014757976
66.23333333333333	59.70883527897553
66.25	57.207118514284446
66.26666666666667	54.52862380258705
66.28333333333333	51.514165183445016
66.3	48.11377062604856
66.31666666666668	44.335235320617585
66.33333333333334	40.46477766391149
66.35000000000001	36.25369129196463
66.36666666666667	31.71363292606725
66.38333333333334	26.87872080116813
66.4	21.819712949684117
66.41666666666667	16.64674326776401
66.43333333333334	11.473003032684346
66.45	6.281516156162013
66.46666666666667	0.9780970313420312
66.48333333333333	-4.4671165915329425
66.5	-9.913045494835899
66.51666666666667	-15.510460520797494
66.53333333333333	-21.08078150216818
66.55	-26.584807822333914
66.56666666666668	-32.040994479082826
66.58333333333334	-37.400790337317915
66.60000000000001	-42.51144389898414
66.61666666666667	-47.42921565507268
66.63333333333334	-52.21613587835179
66.65	-56.79858965621986
66.66666666666667	-61.08498622363919
66.68333333333334	-65.35055879426213
66.7	-69.33810836190582
66.71666666666667	-73.08932576151864
66.73333333333333	-76.49698280785975
66.75	-79.47715989840441
66.76666666666667	-82.2257653996798
66.78333333333333	-84.60182272466722
66.8	-86.5625893916245
66.81666666666668	-88.3096418916079
66.83333333333334	-89.83070883428115
66.85000000000001	-90.92367430274524
66.86666666666667	-91.72189697454473
66.88333333333334	-92.1769998813914
66.9	-92.23702322703122
66.91666666666667	-91.85761656264867
66.93333333333334	-91.02189521972326
66.95	-89.92848664029262
66.96666666666667	-88.47483474421324
66.98333333333333	-86.69392260515178
67.0	-84.57752497931551
67.01666666666667	-82.22681790196341
67.03333333333333	-79.67354736246432
67.05	-76.73452139671721
67.06666666666668	-73.46208348739964
67.08333333333334	-69.97191946835585
67.10000000000001	-66.32280714480007
67.11666666666667	-62.284269666577956
67.13333333333334	-58.0246867958094
67.15	-53.56415743825474
67.16666666666667	-48.86938486002714
67.18333333333334	-44.00865996367261
67.2	-39.20019109055113
67.21666666666667	-34.27502692269695
67.23333333333333	-29.238269335079337
67.25	-24.11925380122659
67.26666666666667	-18.978627607446015
67.28333333333333	-13.789546143830307
67.3	-8.34892206488172
67.31666666666668	-3.1497537771838324
67.33333333333334	1.975964489446369
67.35000000000001	6.980711515263636
67.36666666666667	11.87292985328827
67.38333333333334	16.787404935397944
67.4	21.631729509439538
67.41666666666667	26.37819275306049
67.43333333333334	31.05408018240496
67.45	35.44068215443235
67.46666666666667	39.720793894086455
67.48333333333333	43.69027557345038
67.5	47.38937240662074
67.51666666666667	50.73962927385378
67.53333333333333	53.76655755551906
67.55	56.53646191693929
67.56666666666668	58.964528479836645
67.58333333333334	61.1285957910801
67.60000000000001	63.291528404357905
67.61666666666667	64.9123127679967
67.63333333333334	66.19825421916426
67.65	67.16999159240567
67.66666666666667	67.7233335105688
67.68333333333334	67.7059632343346
67.7	67.31235604588659
67.71666666666667	66.62467558744595
67.73333333333333	65.59000514403584
67.75	64.21131433184502
67.76666666666667	62.64459780549356
67.78333333333333	60.69951766162433
67.8	58.42495846988368
67.81666666666668	55.69748296689738
67.83333333333334	52.646084611668755
67.85000000000001	49.17840530591309
67.86666666666667	45.5481770245666
67.88333333333334	41.5691926095011
67.9	37.39862045611602
67.91666666666667	32.986120722031785
67.93333333333334	28.36116173293169
67.95	23.6883836216075
67.96666666666667	18.64124704793028
67.98333333333333	13.431669673639874
68.0	8.120883959082562
68.01666666666667	2.443758702701416
68.03333333333333	-3.1421601378238506
68.05	-8.66364927703853
68.06666666666668	-14.103986540183655
68.08333333333334	-19.53040645861421
68.10000000000001	-24.733630809724445
68.11666666666667	-29.97741773746492
68.13333333333334	-35.32796542950064
68.15	-40.43646376302797
68.16666666666667	-45.48269848453535
68.18333333333334	-50.48658956012281
68.2	-55.3135909326532
68.21666666666667	-59.87541954816081
68.23333333333333	-64.0615831201053
68.25	-68.12141806259038
68.26666666666667	-71.73909320148192
68.28333333333333	-75.12546436062732
68.3	-78.2554979703433
68.31666666666668	-81.15970304789232
68.33333333333334	-83.86465711946391
68.35000000000001	-85.98034775649177
68.36666666666667	-87.98114699281948
68.38333333333334	-89.55969230686841
68.4	-90.58301733369842
68.41666666666667	-91.30043918951804
68.43333333333334	-91.72037393639107
68.45	-91.62032685868928
68.46666666666667	-91.3506676710872
68.48333333333333	-90.8971396711938
68.5	-90.1867649705955
68.51666666666667	-88.94946009330471
68.53333333333333	-87.46014535597237
68.55	-85.39062786886649
68.56666666666668	-83.01594705673051
68.58333333333334	-80.36207620277605
68.60000000000001	-77.3816818093498
68.61666666666667	-74.2001123370458
68.63333333333334	-70.82215341371796
68.65	-67.16215873071204
68.66666666666667	-63.33974270738682
68.68333333333334	-59.32537939788455
68.7	-55.07887904537313
68.71666666666667	-50.45142145924541
68.73333333333333	-45.676133313338426
68.75	-40.566014462979524
68.76666666666667	-35.457730273381856
68.78333333333333	-30.318016424641144
68.8	-25.162256107279973
68.81666666666668	-20.09557572255295
68.83333333333334	-15.015545681646131
68.85000000000001	-9.927946589774365
68.86666666666667	-4.840653266093909
68.88333333333334	0.567410876308827
68.9	5.8122720825464285
68.91666666666667	10.866780989240738
68.93333333333334	15.828805295812572
68.95	20.69529369527754
68.96666666666667	25.400421517720076
68.98333333333333	29.98414141666632
69.0	34.29293259918825
69.01666666666667	38.61781675052117
69.03333333333333	42.660140297741805
69.05	46.485325247220885
69.06666666666668	49.97019673363093
69.08333333333334	53.19870061202846
69.10000000000001	56.28814838846972
69.11666666666667	58.84207936158725
69.13333333333334	60.98348201324404
69.15	62.75199803831606
69.16666666666667	64.31431056949049
69.18333333333334	65.65871051607274
69.2	66.62537466213678
69.21666666666667	67.22932683999483
69.23333333333333	67.631086986843
69.25	67.61599937849013
69.26666666666667	66.90675016272246
69.28333333333333	65.87737013170556
69.3	64.5840039931561
69.31666666666668	62.77425526008767
69.33333333333334	60.73083986172986
69.35000000000001	58.42725487502946
69.36666666666667	55.699767699042354
69.38333333333334	52.70911290143215
69.4	49.535008850812346
69.41666666666667	45.912631028620694
69.43333333333334	41.974179090152234
69.45	37.723382374904986
69.46666666666667	33.32434669750364
69.48333333333333	28.750691088727194
69.5	23.92479421145225
69.51666666666667	18.853079658186516
69.53333333333333	13.705370357327524
69.55	8.533073416132993
69.56666666666668	3.21664368875156
69.58333333333334	-2.142867721148832
69.60000000000001	-7.641182690521873
69.61666666666667	-13.156403197181476
69.63333333333334	-18.727736173500034
69.65	-24.14433627891026
69.66666666666667	-29.485430669847688
69.68333333333334	-34.7412241469479
69.7	-39.732579520629656
69.71666666666667	-44.581500976797685
69.73333333333333	-49.36516876616477
69.75	-54.12356752170609
69.76666666666667	-58.64939331362234
69.78333333333333	-63.03858711527002
69.8	-67.24348608737313
69.81666666666668	-71.1140088476335
69.83333333333334	-74.63686934098382
69.85000000000001	-77.86823079005518
69.86666666666667	-80.46481621113887
69.88333333333334	-83.1082530084654
69.9	-85.37958161741358
69.91666666666667	-87.32210077380563
69.93333333333334	-88.94421705686224
69.95	-90.3153190597007
69.96666666666667	-91.25370907749254
69.98333333333333	-91.74131947031313
70.0	-91.85908149889087
70.01666666666667	-91.45670629166085
70.03333333333333	-91.01742810696851
70.05	-90.23331139096422
70.06666666666668	-89.08171401665646
70.08333333333334	-87.57888121779848
70.10000000000001	-85.69305295024179
70.11666666666667	-83.37955775418018
70.13333333333334	-80.87580550974258
70.15	-77.96021817541703
70.16666666666667	-74.80617940808338
70.18333333333334	-71.29621929222793
70.2	-67.63773232620298
70.21666666666667	-63.633770048768326
70.23333333333333	-59.51969937911434
70.25	-55.27352120664037
70.26666666666667	-50.79753077702409
70.28333333333333	-46.20619225211166
70.3	-41.409079150582556
70.31666666666668	-36.42340605582058
70.33333333333334	-31.36647620955
70.35000000000001	-26.273554593223878
70.36666666666667	-21.07558439490174
70.38333333333334	-15.868718772334717
70.4	-10.425483774955978
70.41666666666667	-5.218926355179349
70.43333333333334	-0.07564360526282599
70.45	5.001207221661616
70.46666666666667	9.96384012388296
70.48333333333333	14.841274209639096
70.5	19.757721626307443
70.51666666666667	24.538843090069633
70.53333333333333	29.108064942200315
70.55	33.49621051646022
70.56666666666668	37.67596911260961
70.58333333333334	41.669907975478225
70.60000000000001	45.5009713209289
70.61666666666667	48.981378490143925
70.63333333333334	52.2162846184811
70.65	55.38877836508857
70.66666666666667	58.057008242078155
70.68333333333334	60.4051345204623
70.7	62.50437639347507
70.71666666666667	64.14553618317564
70.73333333333333	65.65922614960294
70.75	66.63935144127976
70.76666666666667	67.2166903309789
70.78333333333333	67.63634938418011
70.8	67.60657314738143
70.81666666666668	67.11690992830984
70.83333333333334	66.20197104496526
70.85000000000001	65.2180833334773
70.86666666666667	63.74631470535377
70.88333333333334	61.79950742943436
70.9	59.56012482626443
70.91666666666667	56.95182091890706
70.93333333333334	53.8944447247145
70.95	50.651969905730425
70.96666666666667	47.0800428804792
70.98333333333333	43.11564270187989
71.0	38.87597247495387
71.01666666666667	34.57033199171963
71.03333333333333	29.97099288807408
71.05	25.243649397214654
71.06666666666668	20.48273692896862
71.08333333333334	15.494225478872295
71.10000000000001	10.3879448625338
71.11666666666667	5.077075710908559
71.13333333333334	-0.41400909219032656
71.15	-5.844516024913446
71.16666666666667	-11.216667565878879
71.18333333333334	-16.70806368325782
71.2	-22.168854563591424
71.21666666666667	-27.569487587673734
71.23333333333333	-32.909488764952926
71.25	-38.2591338083912
71.26666666666667	-43.304480292326616
71.28333333333333	-48.31896526132931
71.3	-53.077387772156754
71.31666666666668	-57.59361826460983
71.33333333333334	-61.931722843214686
71.35000000000001	-66.14506977984541
71.36666666666667	-70.0750782795127
71.38333333333334	-73.59388056097802
71.4	-76.90709610803088
71.41666666666667	-80.0329896793935
71.43333333333334	-82.71612338109
71.45	-85.0413675295917
71.46666666666667	-87.13757925086384
71.48333333333333	-88.89120638222835
71.5	-90.31348408352216
71.51666666666667	-91.30185748578776
71.53333333333333	-91.88906576606055
71.55	-92.27836410197176
71.56666666666668	-92.20553721606905
71.58333333333334	-91.6994653242511
71.60000000000001	-90.80467571737734
71.61666666666667	-89.48037851856486
71.63333333333334	-88.00477526078697
71.65	-86.31014666267308
71.66666666666667	-84.17373314294073
71.68333333333334	-81.6600530920955
71.7	-78.81684516057828
71.71666666666667	-75.59440887556883
71.73333333333333	-72.23238865041927
71.75	-68.62777727174824
71.76666666666667	-64.69994918598479
71.78333333333333	-60.58404782909247
71.8	-56.296534527341976
71.81666666666668	-51.85363518839904
71.83333333333334	-47.22314483053876
71.85000000000001	-42.445098850478246
71.86666666666667	-37.46352050429209
71.88333333333334	-32.43333853882518
71.9	-27.291433982944852
71.91666666666667	-22.202291652177507
71.93333333333334	-17.032126205380337
71.95	-11.810232563471743
71.96666666666667	-6.440837355784026
71.98333333333333	-1.269827525299661
72.0	3.8400592069128834
72.01666666666667	8.84977305085863
72.03333333333333	13.858497441845373
72.05	18.751285888205928
72.06666666666668	23.575162056114948
72.08333333333334	28.269721856919205
72.10000000000001	32.77907500501988
72.11666666666667	36.9273870137273
72.13333333333334	40.845253881255644
72.15	44.63930685691912
72.16666666666667	48.11723225999879
72.18333333333334	51.35546285773455
72.2	54.51236380182428
72.21666666666667	57.275716490327795
72.23333333333333	59.79461967720704
72.25	61.81222340243232
72.26666666666667	63.602972881359335
72.28333333333333	64.99427091540497
72.3	65.90047667988313
72.31666666666668	66.58629217839763
72.33333333333334	66.87984769451492
72.35000000000001	66.80820267570203
72.36666666666667	66.47992515419446
72.38333333333334	65.69902434400018
72.4	64.66232134045453
72.41666666666667	63.11760305276988
72.43333333333334	61.17753180916009
72.45	59.24206073139635
72.46666666666667	56.74466055398324
72.48333333333333	53.89504449018989
72.5	50.77569417975553
72.51666666666667	47.3269360642978
72.53333333333333	43.66802127783478
72.55	39.695538424784104
72.56666666666668	35.499524739255094
72.58333333333334	30.94119361458786
72.60000000000001	26.237520066246134
72.61666666666667	21.405764624002472
72.63333333333334	16.458902209003554
72.65	11.32914825521459
72.66666666666667	6.132689016130428
72.68333333333334	0.8725965554026516
72.7	-4.536841591167615
72.71666666666667	-9.996644818849859
72.73333333333333	-15.495692923114518
72.75	-20.93843077505386
72.76666666666667	-26.44123763261689
72.78333333333333	-31.723456633223236
72.8	-36.914277990247115
72.81666666666668	-42.160566775773475
72.83333333333334	-47.22056752998563
72.85000000000001	-52.037644782228256
72.86666666666667	-56.67333677604546
72.88333333333334	-61.04095824298133
72.9	-65.29453635288053
72.91666666666667	-69.21691139142442
72.93333333333334	-72.90338291335465
72.95	-76.33241569955942
72.96666666666667	-79.31846670656722
72.98333333333333	-82.07929494060392
73.0	-84.52154848089751
73.01666666666667	-86.49586392920082
73.03333333333333	-88.2813433931131
73.05	-89.64293253248843
73.06666666666668	-90.58178542181327
73.08333333333334	-91.31667448494926
73.10000000000001	-91.66056071339631
73.11666666666667	-91.5531289145355
73.13333333333334	-91.22392361606191
73.15	-90.42783790930125
73.16666666666667	-89.35626890787825
73.18333333333334	-87.970352600356
73.2	-86.32835611442553
73.21666666666667	-84.26899929784915
73.23333333333333	-81.98745460763462
73.25	-79.3444666124517
73.26666666666667	-76.38142082994455
73.28333333333333	-73.18952716040883
73.3	-69.64590272771494
73.31666666666668	-65.82849278840854
73.33333333333334	-61.7152185821422
73.35000000000001	-57.422254271230344
73.36666666666667	-52.99892489310352
73.38333333333334	-48.521477111965
73.4	-43.69565271873154
73.41666666666667	-38.67954023246455
73.43333333333334	-33.62737827918659
73.45	-28.467268430965987
73.46666666666667	-23.293107083295013
73.48333333333333	-18.183465253027975
73.5	-12.992628018759092
73.51666666666667	-7.875271486382303
73.53333333333333	-2.5148163468644498
73.55	2.6869958661635565
73.56666666666668	7.746543286240808
73.58333333333334	12.742732409137261
73.60000000000001	17.695010126935358
73.61666666666667	22.524944043217488
73.63333333333334	27.233543705999352
73.65	31.823834006093534
73.66666666666667	36.03331624092283
73.68333333333334	40.02146971467391
73.7	43.83251551874656
73.71666666666667	47.43498494796512
73.73333333333333	50.79953175592573
73.75	53.799011131860766
73.76666666666667	56.565205750000416
73.78333333333333	59.018191773855506
73.8	61.098736348868215
73.81666666666668	62.775604180681626
73.83333333333334	64.34119301900552
73.85000000000001	65.5977583388821
73.86666666666667	66.48272827428985
73.88333333333334	66.89018380115158
73.9	66.86485105034632
73.91666666666667	66.58514435350554
73.93333333333334	65.81567424004464
73.95	64.80232478925751
73.96666666666667	63.46665849267231
73.98333333333333	61.68750309698066
74.0	59.64459844069859
74.01666666666667	57.25151962785418
74.03333333333333	54.588687780290286
74.05	51.554336530375735
74.06666666666668	48.27034361432095
74.08333333333334	44.666448125405054
74.10000000000001	40.72192587929317
74.11666666666667	36.61384865741883
74.13333333333334	32.20413133505292
74.15	27.71600651488029
74.16666666666667	22.86505405854848
74.18333333333334	17.776676301268424
74.2	12.59437902373304
74.21666666666667	7.408335972944087
74.23333333333333	1.9926234353179098
74.25	-3.451148478506184
74.26666666666667	-8.85347078939833
74.28333333333333	-14.242855557019084
74.3	-19.68057816121052
74.31666666666668	-24.971016380790275
74.33333333333334	-30.40147883243469
74.35000000000001	-35.57989280329292
74.36666666666667	-40.6222971274708
74.38333333333334	-45.52658974067481
74.4	-50.35815620937666
74.41666666666667	-54.99088061842352
74.43333333333334	-59.54802675034952
74.45	-63.73121867458218
74.46666666666667	-67.58631902425674
74.48333333333333	-71.28110830960605
74.5	-74.69374305684403
74.51666666666667	-77.65818967035887
74.53333333333333	-80.39175738553288
74.55	-82.95953244090333
74.56666666666668	-85.22132171152037
74.58333333333334	-87.12419386334241
74.60000000000001	-88.6432432560523
74.61666666666667	-89.69253636710593
74.63333333333334	-90.3745074726574
74.65	-90.91948789500333
74.66666666666667	-91.11861691499993
74.68333333333334	-90.92797494646331
74.7	-90.4001772901405
74.71666666666667	-89.430347698133
74.73333333333333	-88.16701195511604
74.75	-86.48901358394647
74.76666666666667	-84.456028951674
74.78333333333333	-82.18569930001445
74.8	-79.58286126254112
74.81666666666668	-76.5788242119024
74.83333333333334	-73.38342318752899
74.85000000000001	-69.9996799912737
74.86666666666667	-66.37706732477187
74.88333333333334	-62.44960523097424
74.9	-58.3282662939944
74.91666666666667	-54.07514150906229
74.93333333333334	-49.61346120307391
74.95	-44.90032422141846
74.96666666666667	-40.241105111502634
74.98333333333333	-35.34841650765321
75.0	-30.296245634285242
75.01666666666667	-25.206046007027794
75.03333333333333	-20.070747228883818
75.05	-14.978631496487935
75.06666666666668	-9.812839901693565
75.08333333333334	-4.443046674393827
75.10000000000001	0.7167750303725597
75.11666666666667	5.74368017715733
75.13333333333334	10.748861071239844
75.15	15.710303525609561
75.16666666666667	20.552402111347305
75.18333333333334	25.283076821642226
75.2	29.8388572527208
75.21666666666667	34.213540153203326
75.23333333333333	38.53276589460722
75.25	42.53483930764577
75.26666666666667	46.26991159555541
75.28333333333333	49.75343232277805
75.3	52.86952098706797
75.31666666666668	55.680575338035624
75.33333333333334	58.246550082644944
75.35000000000001	60.632384573791
75.36666666666667	62.55761179711851
75.38333333333334	64.04999138061208
75.4	65.27550992756704
75.41666666666667	66.22815112737749
75.43333333333334	66.84343068438045
75.45	66.95531877117821
75.46666666666667	66.68907771362194
75.48333333333333	66.09338240529803
75.5	65.08938691816888
75.51666666666667	63.67465937358088
75.53333333333333	62.0354009475796
75.55	59.91923387606187
75.56666666666668	57.550716520238325
75.58333333333334	54.82360215102318
75.60000000000001	51.79629582248191
75.61666666666667	48.53644336193838
75.63333333333334	44.89434236450842
75.65	40.96900898676074
75.66666666666667	36.78488839428917
75.68333333333334	32.43739829406496
75.7	27.898009709276153
75.71666666666667	23.06533792877599
75.73333333333333	17.983880477911384
75.75	12.81549918701512
75.76666666666667	7.610170965356133
75.78333333333333	2.383246124901234
75.8	-3.074422952018949
75.81666666666668	-8.510890756328536
75.83333333333334	-13.983600454623911
75.85000000000001	-19.489959544899193
75.86666666666667	-24.80656467778863
75.88333333333334	-30.01091442258729
75.9	-35.313727451954264
75.91666666666667	-40.393937137220064
75.93333333333334	-45.33288262499883
75.95	-50.219028625017586
75.96666666666667	-54.867075970477146
75.98333333333333	-59.15234433323579
76.0	-63.4432495718718
76.01666666666667	-67.39320522577103
76.03333333333333	-71.13048605275321
76.05	-74.58326621064708
76.06666666666668	-77.6402027738107
76.08333333333334	-80.37839827019044
76.10000000000001	-82.9930043702798
76.11666666666667	-85.33977229786484
76.13333333333334	-87.26144530863417
76.15	-88.8454357077998
76.16666666666667	-89.95088359762326
76.18333333333334	-90.84040677949997
76.2	-91.25390228563293
76.21666666666667	-91.37894566709161
76.23333333333333	-91.17989775877521
76.25	-90.64369059247139
76.26666666666667	-89.67097074731069
76.28333333333333	-88.42974848831821
76.3	-86.94577706959342
76.31666666666668	-85.17672427844465
76.33333333333334	-83.02453914243074
76.35000000000001	-80.58749143913647
76.36666666666667	-77.62348829882046
76.38333333333334	-74.43145244309875
76.4	-71.1061542718067
76.41666666666667	-67.4549555241812
76.43333333333334	-63.56479513450927
76.45	-59.479057629620144
76.46666666666667	-55.24617927278146
76.48333333333333	-50.76387584453562
76.5	-46.130895420592594
76.51666666666667	-41.37614167332879
76.53333333333333	-36.498809032879876
76.55	-31.472641892106196
76.56666666666668	-26.33361116174177
76.58333333333334	-21.207071404815224
76.60000000000001	-16.034408511357697
76.61666666666667	-10.905287097343034
76.63333333333334	-5.8702170294585585
76.65	-0.5091778935413913
76.66666666666667	4.637314481937551
76.68333333333334	9.714581145497505
76.7	14.687968892190668
76.71666666666667	19.59166601784051
76.73333333333333	24.345462646625265
76.75	28.90099831116146
76.76666666666667	33.345464720241125
76.78333333333333	37.55323022660343
76.8	41.5843885528426
76.81666666666668	45.32851871385117
76.83333333333334	48.796184646282654
76.85000000000001	51.94863806697816
76.86666666666667	54.83435908574597
76.88333333333334	57.505483041495836
76.9	59.82120992587909
76.91666666666667	61.763930772434094
76.93333333333334	63.50523976000699
76.95	64.76802253700811
76.96666666666667	65.71732031062237
76.98333333333333	66.36191235475104
77.0	66.66820506280976
77.01666666666667	66.60398613924838
77.03333333333333	66.05996365134683
77.05	65.21952902275132
77.06666666666668	64.07965840072882
77.08333333333334	62.50371631172959
77.10000000000001	60.70202451134344
77.11666666666667	58.46142917050565
77.13333333333334	55.85572273535888
77.15	52.90583236453193
77.16666666666667	49.64963016535614
77.18333333333334	46.18654460590068
77.2	42.5635766725369
77.21666666666667	38.56680652910802
77.23333333333333	34.293865707035934
77.25	29.833525136086507
77.26666666666667	25.076979451539955
77.28333333333333	20.07606997355083
77.3	14.885847417868035
77.31666666666668	9.68814461327753
77.33333333333334	4.454400259572196
77.35000000000001	-0.8933248798292652
77.36666666666667	-6.393477219213764
77.38333333333334	-11.861979445580687
77.4	-17.159538904114925
77.41666666666667	-22.57302372505501
77.43333333333334	-27.865692220928793
77.45	-33.062857184311724
77.46666666666667	-38.28406021457624
77.48333333333333	-43.30859017434477
77.5	-48.249914883059006
77.51666666666667	-53.02630313231336
77.53333333333333	-57.49136890799613
77.55	-61.7865651405842
77.56666666666668	-65.71719425927253
77.58333333333334	-69.37169753829244
77.60000000000001	-73.0110320394563
77.61666666666667	-76.31688893840038
77.63333333333334	-79.27478301099416
77.65	-82.00700195449542
77.66666666666667	-84.37257324541946
77.68333333333334	-86.35791285209814
77.7	-88.1177359570417
77.71666666666667	-89.42004151290746
77.73333333333333	-90.32963244849884
77.75	-90.9747762755066
77.76666666666667	-91.3159276781733
77.78333333333333	-91.2226305668355
77.8	-90.68706435015667
77.81666666666668	-89.82846049258188
77.83333333333334	-88.49839073982687
77.85000000000001	-87.1006092627969
77.86666666666667	-85.35774996710438
77.88333333333334	-83.22749133418898
77.9	-80.84769457087819
77.91666666666667	-78.04240778138771
77.93333333333334	-75.11804033371737
77.95	-71.92002689238052
77.96666666666667	-68.43312978740238
77.98333333333333	-64.58569954878593
78.0	-60.50520523928836
78.01666666666667	-56.28858462259686
78.03333333333333	-51.90222131445722
78.05	-47.4363923126493
78.06666666666668	-42.654096609606825
78.08333333333334	-37.70501994438263
78.10000000000001	-32.705264043544275
78.11666666666667	-27.516085457004408
78.13333333333334	-22.385101086570444
78.15	-17.25680410798134
78.16666666666667	-12.109638801003257
78.18333333333334	-7.016720214190855
78.2	-1.9004188762449417
78.21666666666667	3.0466990302758745
78.23333333333333	8.009993229738143
78.25	12.865053232097125
78.26666666666667	17.748211006895644
78.28333333333333	22.464748427705445
78.3	27.008381178564605
78.31666666666668	31.446487378559823
78.33333333333334	35.68286758338519
78.35000000000001	39.681644799634114
78.36666666666667	43.50711158559375
78.38333333333334	46.99459183399199
78.4	50.19976136873629
78.41666666666667	53.36725820619688
78.43333333333334	56.17056047521959
78.45	58.6979989566147
78.46666666666667	60.73418588870902
78.48333333333333	62.53604617984456
78.5	63.997486944476805
78.51666666666667	64.84457738953188
78.53333333333333	65.5866110197316
78.55	65.96928801982546
78.56666666666668	65.79894813108683
78.58333333333334	65.43232225143345
78.60000000000001	64.74451684937145
78.61666666666667	63.67004302265428
78.63333333333334	62.084178797472305
78.65	60.23991978925301
78.66666666666667	58.28748271849946
78.68333333333334	55.85159387432748
78.7	53.000264652037686
78.71666666666667	49.81594197435925
78.73333333333333	46.37599627458661
78.75	42.71524859695489
78.76666666666667	38.737844755745755
78.78333333333333	34.54466591101277
78.8	30.095948815499014
78.81666666666668	25.413856042311124
78.83333333333334	20.62030344544371
78.85000000000001	15.642355445639964
78.86666666666667	10.587821159219345
78.88333333333334	5.380666710418609
78.9	0.10782566960881468
78.91666666666667	-5.313546146314479
78.93333333333334	-10.665644379681112
78.95	-16.107621982836008
78.96666666666667	-21.507233055332563
78.98333333333333	-26.741345555203054
79.0	-31.99968826463504
79.01666666666667	-37.25487745202179
79.03333333333333	-42.27736428131897
79.05	-47.275142526303284
79.06666666666668	-52.06404039718629
79.08333333333334	-56.5355831543535
79.10000000000001	-60.92946990152345
79.11666666666667	-65.13347826695977
79.13333333333334	-68.98072249250234
79.15	-72.63221273297063
79.16666666666667	-75.87841648337826
79.18333333333334	-79.00473974247686
79.2	-81.77811142234202
79.21666666666667	-84.02414880962505
79.23333333333333	-86.15393803468481
79.25	-87.96793348841334
79.26666666666667	-89.421625472458
79.28333333333333	-90.36686830983194
79.3	-91.15447607033434
79.31666666666668	-91.47326279666191
79.33333333333334	-91.39833310722341
79.35000000000001	-91.14255903413391
79.36666666666667	-90.3908684480486
79.38333333333334	-89.30864063162278
79.4	-87.99387890062314
79.41666666666667	-86.29909771718133
79.43333333333334	-84.24854895423312
79.45	-81.92762169033074
79.46666666666667	-79.32426948106789
79.48333333333333	-76.38856976692531
79.5	-73.26925771566846
79.51666666666667	-69.76162222162634
79.53333333333333	-65.96026848786039
79.55	-62.13832431030767
79.56666666666668	-58.00466680602338
79.58333333333334	-53.65481652666665
79.60000000000001	-49.10014566293964
79.61666666666667	-44.42563239891123
79.63333333333334	-39.56946987850938
79.65	-34.5748499635381
79.66666666666667	-29.47543332293958
79.68333333333334	-24.400405836281777
79.7	-19.299179629987975
79.71666666666667	-14.126046415071926
79.73333333333333	-8.933082434053063
79.75	-3.8484357641788165
79.76666666666667	1.4545640646616675
79.78333333333333	6.573809437138607
79.8	11.600966160806934
79.81666666666668	16.518218867416635
79.83333333333334	21.29689943449023
79.85000000000001	26.003057099497028
79.86666666666667	30.419552592620676
79.88333333333334	34.6942462526215
79.9	38.758148825534136
79.91666666666667	42.64422619580142
79.93333333333334	46.262484523421904
79.95	49.7060867963728
79.96666666666667	52.7362994894595
79.98333333333333	55.486376637867465
80.0	57.91305086017405
80.01666666666667	60.01960314461337
80.03333333333333	61.69106122937467
80.05	63.256899436933736
80.06666666666668	64.57053283023026
80.08333333333334	65.39848828748086
80.10000000000001	65.88896876580952
80.11666666666667	65.86754438986168
80.13333333333334	65.54431941294229
80.15	64.92284718814983
80.16666666666667	63.833249057407386
80.18333333333334	62.44415884542815
80.2	60.72659061090758
80.21666666666667	58.696234435568954
80.23333333333333	56.329736799569446
80.25	53.66961317677817
80.26666666666667	50.67831810395006
80.28333333333333	47.37066585230099
80.3	43.80581411088133
80.31666666666668	39.8715741422626
80.33333333333334	35.68338398361777
80.35000000000001	31.389083950954046
80.36666666666667	26.846286889435305
80.38333333333334	21.992473431546102
80.4	16.89022578237376
80.41666666666667	11.8001847015193
80.43333333333334	6.591719795136271
80.45	1.3488831612997956
80.46666666666667	-4.012807701274085
80.48333333333333	-9.411018676418735
80.5	-14.824463724023076
80.51666666666667	-20.10441970475597
80.53333333333333	-25.4045637816605
80.55	-30.66568231587786
80.56666666666668	-35.798350449880104
80.58333333333334	-40.692706363466414
80.60000000000001	-45.53377533384639
80.61666666666667	-50.27244939157461
80.63333333333334	-54.890775606198474
80.65	-59.392270386067196
80.66666666666667	-63.52836284017613
80.68333333333334	-67.3766378761286
80.7	-71.09673669372327
80.71666666666667	-74.47702199016817
80.73333333333333	-77.5019085784034
80.75	-80.26797544667372
80.76666666666667	-82.74605862104266
80.78333333333333	-84.77547151646326
80.8	-86.45269399658054
80.81666666666668	-87.99766175210337
80.83333333333334	-89.17168673804306
80.85000000000001	-90.02342473636745
80.86666666666667	-90.50314629695796
80.88333333333334	-90.48505202475849
80.9	-90.31512079015579
80.91666666666667	-89.66792103628217
80.93333333333334	-88.57564546523048
80.95	-87.33345665815011
80.96666666666667	-85.64165390064824
80.98333333333333	-83.6046118578036
81.0	-81.32705871279626
81.01666666666667	-78.75676394665416
81.03333333333333	-75.74995722016473
81.05	-72.57318196747536
81.06666666666668	-69.25246107237359
81.08333333333334	-65.54835351982862
81.10000000000001	-61.633019136373605
81.11666666666667	-57.48978939037113
81.13333333333334	-53.25802593686339
81.15	-48.83958493536758
81.16666666666667	-44.140180121041084
81.18333333333334	-39.3898768914994
81.2	-34.511001006468746
81.21666666666667	-29.47084066934508
81.23333333333333	-24.37542646644556
81.25	-19.318343110656315
81.26666666666667	-14.211551869196796
81.28333333333333	-9.108920438286816
81.3	-4.014076007159758
81.31666666666668	1.0562327255951232
81.33333333333334	5.914060464650333
81.35000000000001	10.815083388682865
81.36666666666667	15.72139786774244
81.38333333333334	20.525137325124092
81.4	25.194575053298763
81.41666666666667	29.784738145528365
81.43333333333334	33.958680399811556
81.45	37.960083894221384
81.46666666666667	41.80165999402902
81.48333333333333	45.45253178497933
81.5	48.865058100952524
81.51666666666667	51.92445938342183
81.53333333333333	54.69163694610222
81.55	57.28007155850173
81.56666666666668	59.612924441210566
81.58333333333334	61.52973316928882
81.60000000000001	63.082198477645534
81.61666666666667	64.26268257514573
81.63333333333334	65.22211647255023
81.65	65.79624978701554
81.66666666666667	65.96188244047141
81.68333333333334	65.66816003616606
81.7	65.22352600066097
81.71666666666667	64.4587803833266
81.73333333333333	63.23393585708595
81.75	61.698988188514704
81.76666666666667	59.70113553244778
81.78333333333333	57.412795226565834
81.8	54.758139718933535
81.81666666666668	51.769624123311814
81.83333333333334	48.57664022596134
81.85000000000001	44.963473379706215
81.86666666666667	41.10335675477802
81.88333333333334	36.875177108611524
81.9	32.57209513084695
81.91666666666667	28.033846229350615
81.93333333333334	23.246777556122083
81.95	18.440702071463875
81.96666666666667	13.516918646900194
81.98333333333333	8.41480342759428
82.0	3.2026571880376764
82.01666666666667	-2.009146030019224
82.03333333333333	-7.369147074180262
82.05	-12.800495876829132
82.06666666666668	-18.115082876437725
82.08333333333334	-23.45010321299287
82.10000000000001	-28.760260248715554
82.11666666666667	-33.925604516392696
82.13333333333334	-39.13984202370949
82.15	-44.181145284927965
82.16666666666667	-49.03986595799
82.18333333333334	-53.655788472326805
82.2	-58.01766623064785
82.21666666666667	-62.31402953257401
82.23333333333333	-66.26681010799035
82.25	-70.05987473953991
82.26666666666667	-73.5640430177248
82.28333333333333	-76.6182698145065
82.3	-79.43979302167148
82.31666666666668	-82.03596390410354
82.33333333333334	-84.2981200954136
82.35000000000001	-86.20244920010663
82.36666666666667	-87.71561586546505
82.38333333333334	-88.83121853682277
82.4	-89.50087494263886
82.41666666666667	-90.12267863942463
82.43333333333334	-90.34406546315228
82.45	-90.2140168259366
82.46666666666667	-89.67433265910603
82.48333333333333	-88.7066563322594
82.5	-87.39919820477718
82.51666666666667	-85.90314914861747
82.53333333333333	-84.13896245487638
82.55	-82.03244487148106
82.56666666666668	-79.62514692338934
82.58333333333334	-76.73454272560718
82.60000000000001	-73.58950681270753
82.61666666666667	-70.29888319150064
82.63333333333334	-66.65225337174633
82.65	-62.77612306554684
82.66666666666667	-58.601372377647095
82.68333333333334	-54.338304167083294
82.7	-49.96014758893321
82.71666666666667	-45.48053732355561
82.73333333333333	-40.68339472359139
82.75	-35.85913251770205
82.76666666666667	-30.735394673811697
82.78333333333333	-25.587462082932007
82.8	-20.459646639948687
82.81666666666668	-15.29426163317396
82.83333333333334	-10.181449917845612
82.85000000000001	-5.103588576562629
82.86666666666667	-0.05433981861392567
82.88333333333334	4.904110993652694
82.9	9.810391451779992
82.91666666666667	14.72797958808485
82.93333333333334	19.537441738227585
82.95	24.187986619172193
82.96666666666667	28.817772817111972
82.98333333333333	33.02444705441832
83.0	37.10963292807884
83.01666666666667	40.86578282929344
83.03333333333333	44.59271808211713
83.05	47.951486119107756
83.06666666666668	51.05298168062359
83.08333333333334	53.808244711982184
83.10000000000001	56.43381914582142
83.11666666666667	58.781860339673244
83.13333333333334	60.72318195296151
83.15	62.43431861225042
83.16666666666667	63.74574127403804
83.18333333333334	64.66836818743639
83.2	65.34238585624212
83.21666666666667	65.66212605150486
83.23333333333333	65.57023385746407
83.25	65.0833614299811
83.26666666666667	64.20678833215175
83.28333333333333	63.05894590636524
83.3	61.48518898724694
83.31666666666668	59.692804652748805
83.33333333333334	57.48999655632156
83.35000000000001	54.940011483124465
83.36666666666667	52.07919364169845
83.38333333333334	48.72559615577683
83.4	45.28775860881785
83.41666666666667	41.63729686893248
83.43333333333334	37.636372237099636
83.45	33.42551600221532
83.46666666666667	28.989645808622583
83.48333333333333	24.33370628937041
83.5	19.566470618304947
83.51666666666667	14.618666813941218
83.53333333333333	9.600748399919212
83.55	4.391765514036933
83.56666666666668	-0.8549443660917291
83.58333333333334	-6.088129189681695
83.60000000000001	-11.536062441039007
83.61666666666667	-16.822698263098346
83.63333333333334	-22.12025401806136
83.65	-27.431210073620036
83.66666666666667	-32.63291065709535
83.68333333333334	-37.579482968441766
83.7	-42.53781451710782
83.71666666666667	-47.38574230172364
83.73333333333333	-52.05792292492063
83.75	-56.560477000129424
83.76666666666667	-60.78690809382516
83.78333333333333	-64.63188508792206
83.8	-68.3705177274698
83.81666666666668	-71.93654341721333
83.83333333333334	-75.28142831489532
83.85000000000001	-78.26305111049749
83.86666666666667	-80.9994389213278
83.88333333333334	-83.33720162448134
83.9	-85.32096013583657
83.91666666666667	-87.06621081617106
83.93333333333334	-88.3710261426175
83.95	-89.34384522347472
83.96666666666667	-89.95956620114924
83.98333333333333	-90.30866225135543
84.0	-90.24596696314671
84.01666666666667	-89.73895010967505
84.03333333333333	-88.89686268690005
84.05	-87.81779079866155
84.06666666666668	-86.33872455267397
84.08333333333334	-84.49908071075717
84.10000000000001	-82.39390895279794
84.11666666666667	-80.07736657492839
84.13333333333334	-77.38542941640435
84.15	-74.36762943104623
84.16666666666667	-71.19494487430194
84.18333333333334	-67.64296184314779
84.2	-63.87498904813131
84.21666666666667	-59.71435785837022
84.23333333333333	-55.437367851929196
84.25	-51.14365454225896
84.26666666666667	-46.61559392402896
84.28333333333333	-41.82400411284556
84.3	-37.0186530767013
84.31666666666668	-32.20715284464154
84.33333333333334	-27.218678988934244
84.35000000000001	-22.26539390913001
84.36666666666667	-17.180059404415147
84.38333333333334	-12.091425416722473
84.4	-7.104641985022795
84.41666666666667	-2.03034287405967
84.43333333333334	2.9142197648678234
84.45	7.828894901019112
84.46666666666667	12.783158948657842
84.48333333333333	17.599130412780937
84.5	22.34166738914257
84.51666666666667	26.931224027006124
84.53333333333333	31.244585928245044
84.55	35.57913312668393
84.56666666666668	39.59372188010741
84.58333333333334	43.412646616917414
84.60000000000001	46.893960675168785
84.61666666666667	50.1052087680182
84.63333333333334	52.88424088192255
84.65	55.55625455590848
84.66666666666667	57.9325022432638
84.68333333333334	59.853562438789254
84.7	61.565327367178554
84.71666666666667	62.98408403971172
84.73333333333333	63.89069747420899
84.75	64.6036066068994
84.76666666666667	64.9165157821007
84.78333333333333	64.80520727224871
84.8	64.4916093900186
84.81666666666668	63.74572486016058
84.83333333333334	62.627046761770146
84.85000000000001	61.115861826644846
84.86666666666667	59.32022652100011
84.88333333333334	57.24199587553443
84.9	54.83860988189133
84.91666666666667	52.032814985383766
84.93333333333334	48.82470534173075
84.95	45.479311431836095
84.96666666666667	41.80466361043818
84.98333333333333	37.88308422438399
85.0	33.62945955153691
85.01666666666667	29.252401397925894
85.03333333333333	24.74748771611462
85.05	19.84791379261992
85.06666666666668	14.81288037060716
85.08333333333334	9.736222074945886
85.10000000000001	4.548374898063798
85.11666666666667	-0.5893092479186635
85.13333333333334	-5.786948252214984
85.15	-11.067059747613484
85.16666666666667	-16.4608355954216
85.18333333333334	-21.63955225000109
85.2	-26.917705502423587
85.21666666666667	-32.29701616342925
85.23333333333333	-37.37991344826895
85.25	-42.36444019534886
85.26666666666667	-47.23847330100287
85.28333333333333	-51.88025531602196
85.3	-56.45555757326375
85.31666666666668	-60.670768084354904
85.33333333333334	-64.58506045331487
85.35000000000001	-68.35769423077602
85.36666666666667	-71.94912419513821
85.38333333333334	-75.31340557406679
85.4	-78.25616485018759
85.41666666666667	-80.9796139805587
85.43333333333334	-83.37344144663433
85.45	-85.34316441354645
85.46666666666667	-87.10011444356047
85.48333333333333	-88.46347698012829
85.5	-89.4293644859701
85.51666666666667	-90.19751074544592
85.53333333333333	-90.49236640572781
85.55	-90.44346068724937
85.56666666666668	-90.17956415034098
85.58333333333334	-89.40732190347944
85.60000000000001	-88.33361567841769
85.61666666666667	-86.95386043599851
85.63333333333334	-85.28274577917239
85.65	-83.27487878942227
85.66666666666667	-81.03228440449004
85.68333333333334	-78.43794345383714
85.7	-75.46999147304771
85.71666666666667	-72.3461517762716
85.73333333333333	-68.82255599239022
85.75	-65.04465407822079
85.76666666666667	-61.259309066884555
85.78333333333333	-57.103139349852086
85.8	-52.85372461921051
85.81666666666668	-48.269347085282305
85.83333333333334	-43.57618302885348
85.85000000000001	-38.7865928826626
85.86666666666667	-33.83857312907884
85.88333333333334	-28.667308801618333
85.9	-23.54612643618094
85.91666666666667	-18.39281948491748
85.93333333333334	-13.276006231881297
85.95	-8.158746401673966
85.96666666666667	-3.1686264418449355
85.98333333333333	1.8808215868966727
86.0	6.782060317446508
86.01666666666667	11.703703617284873
86.03333333333333	16.529329567971388
86.05	21.29530134253173
86.06666666666668	25.941829933679628
86.08333333333334	30.360882941605155
86.10000000000001	34.642496784673995
86.11666666666667	38.69525288754937
86.13333333333334	42.51939463087501
86.15	46.02350636412439
86.16666666666667	49.30206961657842
86.18333333333334	52.43521793897321
86.2	55.174104799516215
86.21666666666667	57.76296746061831
86.23333333333333	59.803282419343645
86.25	61.62223414101061
86.26666666666667	63.09721281664383
86.28333333333333	64.09533024756877
86.3	64.70335606627015
86.31666666666668	65.25546200592078
86.33333333333334	65.43653569773608
86.35000000000001	65.18885607662327
86.36666666666667	64.6879045749522
86.38333333333334	63.6813865605381
86.4	62.35548387089091
86.41666666666667	60.70918696402481
86.43333333333334	58.692805369972234
86.45	56.3717506647921
86.46666666666667	53.70746674668385
86.48333333333333	50.68438929516191
86.5	47.32158588166112
86.51666666666667	43.79033980916256
86.53333333333333	39.8538304617602
86.55	35.71766920452319
86.56666666666668	31.443455282827074
86.58333333333334	26.91835924051884
86.60000000000001	22.116487299961875
86.61666666666667	17.147783029653453
86.63333333333334	12.328848883125886
86.65	7.260159409210019
86.66666666666667	2.077104005884621
86.68333333333334	-3.3445995087942038
86.7	-8.70188925504408
86.71666666666667	-14.009425091189087
86.73333333333333	-19.378505717861117
86.75	-24.648696830945937
86.76666666666667	-29.826448825756472
86.78333333333333	-34.791180536398315
86.8	-39.669765799603226
86.81666666666668	-44.523892472662396
86.83333333333334	-49.27873450701864
86.85000000000001	-53.80359763763474
86.86666666666667	-58.14867838729123
86.88333333333334	-62.354527301208094
86.9	-66.26042202914363
86.91666666666667	-69.95426056035006
86.93333333333334	-73.40858785105428
86.95	-76.43720387184135
86.96666666666667	-79.25761147976692
86.98333333333333	-81.6818472702389
87.0	-83.72283477762346
87.01666666666667	-85.43757135902041
87.03333333333333	-86.96901171181253
87.05	-88.15542525205228
87.06666666666668	-89.04364837980319
87.08333333333334	-89.49677610009348
87.10000000000001	-89.49733314418603
87.11666666666667	-89.29740698293648
87.13333333333334	-88.6781116921668
87.15	-87.60888338701614
87.16666666666667	-86.35851919960749
87.18333333333334	-84.73232899994304
87.2	-82.66258755392624
87.21666666666667	-80.40985893318589
87.23333333333333	-77.87794760364869
87.25	-74.89468352768853
87.26666666666667	-71.99798413592617
87.28333333333333	-68.70302915907894
87.3	-65.01334051910248
87.31666666666668	-61.32574051749543
87.33333333333334	-57.29874091976157
87.35000000000001	-53.13345003658088
87.36666666666667	-48.79680827917031
87.38333333333334	-44.12454796451456
87.4	-39.43674226819303
87.41666666666667	-34.548872365286684
87.43333333333334	-29.503314477301444
87.45	-24.477887822275363
87.46666666666667	-19.37655540816263
87.48333333333333	-14.288208888815007
87.5	-9.208269941514686
87.51666666666667	-4.182874748895983
87.53333333333333	0.8604219486954889
87.55	5.7745939914959195
87.56666666666668	10.728113956813331
87.58333333333334	15.646429630398643
87.60000000000001	20.412667608075708
87.61666666666667	24.961810456213357
87.63333333333334	29.433944253776076
87.65	33.69189414841122
87.66666666666667	37.72872990203916
87.68333333333334	41.64144667678613
87.7	45.23213740493509
87.71666666666667	48.68015813148588
87.73333333333333	51.732001156802994
87.75	54.52268461254789
87.76666666666667	56.964871750438135
87.78333333333333	58.971764358244286
87.8	60.76297109800146
87.81666666666668	62.34810803501887
87.83333333333334	63.62445616001543
87.85000000000001	64.60026299107818
87.86666666666667	65.1467207460604
87.88333333333334	65.5406849818242
87.9	65.42091260084226
87.91666666666667	64.91583559199711
87.93333333333334	63.82735124824546
87.95	62.53665680384722
87.96666666666667	60.83571784995149
87.98333333333333	58.80550139370541
88.0	56.592349582515794
88.01666666666667	54.0564160033033
88.03333333333333	51.1741237060632
88.05	48.17108106517799
88.06666666666668	44.815735944535504
88.08333333333334	41.0003580346164
88.10000000000001	36.81696062540948
88.11666666666667	32.474826725093976
88.13333333333334	27.913680933932028
88.15	23.08920772099259
88.16666666666667	18.148968395198665
88.18333333333334	13.438233002050538
88.2	8.49005007082576
88.21666666666667	3.375694534669492
88.23333333333333	-1.7746101133763545
88.25	-7.051552784453122
88.26666666666667	-12.47480723899423
88.28333333333333	-17.859985721713315
88.3	-23.094007969387405
88.31666666666668	-28.443611575895886
88.33333333333334	-33.52515133450686
88.35000000000001	-38.46149638533626
88.36666666666667	-43.375922671055605
88.38333333333334	-48.09514646171377
88.4	-52.61385168828366
88.41666666666667	-56.99527217187176
88.43333333333334	-61.334262459282115
88.45	-65.32092016706781
88.46666666666667	-69.09099552711155
88.48333333333333	-72.55320154942305
88.5	-75.58280362884818
88.51666666666667	-78.37606308275889
88.53333333333333	-80.94676716538527
88.55	-83.22055008706971
88.56666666666668	-85.19500939496635
88.58333333333334	-86.68382841460203
88.60000000000001	-87.84402380303521
88.61666666666667	-88.61866957846965
88.63333333333334	-89.16482526287467
88.65	-89.36865969437241
88.66666666666667	-89.25030584049739
88.68333333333334	-88.71709032221034
88.7	-87.7044664659089
88.71666666666667	-86.46023102401278
88.73333333333333	-84.98743477271307
88.75	-83.22855013519097
88.76666666666667	-81.19085404148757
88.78333333333333	-78.77152721118833
88.8	-76.00365820447888
88.81666666666668	-73.16977803850892
88.83333333333334	-69.96745067597581
88.85000000000001	-66.46417624742767
88.86666666666667	-62.657539580199284
88.88333333333334	-58.52221085846293
88.9	-54.30197679530119
88.91666666666667	-50.05506114038678
88.93333333333334	-45.56141144796763
88.95	-40.91775012181398
88.96666666666667	-36.28530525630879
88.98333333333333	-31.38951670261315
89.0	-26.423884379545257
89.01666666666667	-21.41104077478758
89.03333333333333	-16.314195960566394
89.05	-11.24254048757905
89.06666666666668	-6.219914294699606
89.08333333333334	-1.15624032365713
89.10000000000001	3.78658755078078
89.11666666666667	8.724287046542997
89.13333333333334	13.59420602292414
89.15	18.368753466581836
89.16666666666667	23.087890926512102
89.18333333333334	27.494196236338894
89.2	31.77533515712554
89.21666666666667	35.799530831609445
89.23333333333333	39.664232496691625
89.25	43.32877674431097
89.26666666666667	46.80016729817572
89.28333333333333	49.86684435540678
89.3	52.71609492171763
89.31666666666668	55.348641665544335
89.33333333333334	57.713344205137446
89.35000000000001	59.680009300324855
89.36666666666667	61.43209468598752
89.38333333333334	62.75185260615149
89.4	63.68514830092755
89.41666666666667	64.39147826807084
89.43333333333334	64.65934452190413
89.45	64.58671362080781
89.46666666666667	64.15516499557958
89.48333333333333	63.55809313064066
89.5	62.40488384728246
89.51666666666667	60.91643423272757
89.53333333333333	59.023469045507454
89.55	56.709321289200716
89.56666666666668	54.272275334243204
89.58333333333334	51.586984151186414
89.60000000000001	48.462289010370114
89.61666666666667	45.024906564520734
89.63333333333334	41.257491319226006
89.65	37.42094301917962
89.66666666666667	33.328548607814696
89.68333333333334	28.971177049803714
89.7	24.370538658641408
89.71666666666667	19.655935064791663
89.73333333333333	14.707722849137554
89.75	9.641454528116128
89.76666666666667	4.478581610960646
89.78333333333333	-0.7030141906292329
89.8	-5.975534004666372
89.81666666666668	-11.377330430390998
89.83333333333334	-16.593892832213896
89.85000000000001	-21.839031065709037
89.86666666666667	-27.01139363813951
89.88333333333334	-32.23224999604952
89.9	-37.25917512655684
89.91666666666667	-42.28832845866634
89.93333333333334	-47.10076195249397
89.95	-51.687810955453585
89.96666666666667	-56.136975999512345
89.98333333333333	-60.40305335023285
90.0	-64.3451133725838
90.01666666666667	-68.14129849052117
90.03333333333333	-71.59803647407952
90.05	-74.72552792640869
90.06666666666668	-77.46808533206843
90.08333333333334	-80.12733516020427
90.10000000000001	-82.38205123565538
90.11666666666667	-84.34330565449181
90.13333333333334	-86.00104310533283
90.15	-87.34712336179598
90.16666666666667	-88.34820276263889
90.18333333333334	-89.0674310413387
90.2	-89.36605233136586
90.21666666666667	-89.33067123427375
90.23333333333333	-88.86427647558486
90.25	-88.00637254980268
90.26666666666667	-87.00904336677661
90.28333333333333	-85.56601525230332
90.3	-83.76933658274345
90.31666666666668	-81.61578497436352
90.33333333333334	-79.2781795157814
90.35000000000001	-76.58899384736725
90.36666666666667	-73.6899174912839
90.38333333333334	-70.50158661919033
90.4	-67.08736424356056
90.41666666666667	-63.51629502514916
90.43333333333334	-59.51835280989491
90.45	-55.356441291148485
90.46666666666667	-51.148913610069314
90.48333333333333	-46.68167160328571
90.5	-42.038024574773885
90.51666666666667	-37.41803402376689
90.53333333333333	-32.55161688487698
90.55	-27.5285751566675
90.56666666666668	-22.488137675842268
90.58333333333334	-17.358032895132396
90.60000000000001	-12.24051395555091
90.61666666666667	-7.191707275612771
90.63333333333334	-2.13159118376484
90.65	2.8189669641860178
90.66666666666667	7.761707549250673
90.68333333333334	12.709711324678096
90.7	17.50992261026363
90.71666666666667	22.2559321814299
90.73333333333333	26.890113696327717
90.75	31.2768376344128
90.76666666666667	35.62608475669276
90.78333333333333	39.659200516331055
90.8	43.456114678349195
90.81666666666668	46.92690810105944
90.83333333333334	50.03481119829104
90.85000000000001	52.82513511523126
90.86666666666667	55.475819554274494
90.88333333333334	57.78410234915464
90.9	59.78321930354673
90.91666666666667	61.57765699143249
90.93333333333334	63.05483048231531
90.95	64.07625844274531
90.96666666666667	64.73560934823513
90.98333333333333	65.16655912620536
91.0	65.30839434301254
91.01666666666667	64.99661368299508
91.03333333333333	64.27764076500699
91.05	63.38084507235129
91.06666666666668	62.027814266439464
91.08333333333334	60.25815685546138
91.10000000000001	58.25085939192536
91.11666666666667	55.89627296561389
91.13333333333334	53.140385586873094
91.15	50.26704056571225
91.16666666666667	46.959510477990875
91.18333333333334	43.34759302090515
91.2	39.513477589987474
91.21666666666667	35.443733614440475
91.23333333333333	31.16292582465917
91.25	26.676256171198133
91.26666666666667	21.825822734334793
91.28333333333333	16.81243019724309
91.3	11.644144060746385
91.31666666666668	6.450214612910827
91.33333333333334	1.2603859811247276
91.35000000000001	-3.9398323577353267
91.36666666666667	-9.371029289395892
91.38333333333334	-14.652372140892794
91.4	-19.901639516734917
91.41666666666667	-25.32665712873313
91.43333333333334	-30.568488815986143
91.45	-35.58198351517808
91.46666666666667	-40.56079381509102
91.48333333333333	-45.448691789421645
91.5	-50.16523247023099
91.51666666666667	-54.67561756030861
91.53333333333333	-58.93234416251505
91.55	-63.11273128442156
91.56666666666668	-67.07578901701893
91.58333333333334	-70.66490399922085
91.60000000000001	-73.94488838878374
91.61666666666667	-77.10910885715725
91.63333333333334	-79.93179352896703
91.65	-82.35512432620999
91.66666666666667	-84.38543524906959
91.68333333333334	-86.21659999162574
91.7	-87.56072199122696
91.71666666666667	-88.51256911915681
91.73333333333333	-89.27446874484303
91.75	-89.52350852444448
91.76666666666667	-89.51657254766414
91.78333333333333	-89.2949748915131
91.8	-88.52079006053788
91.81666666666668	-87.49212119307498
91.83333333333334	-86.21921739053718
91.85000000000001	-84.49919590465771
91.86666666666667	-82.48277204382657
91.88333333333334	-80.21495509857058
91.9	-77.61491922292555
91.91666666666667	-74.70187300872112
91.93333333333334	-71.45702616269065
91.95	-68.06457449514207
91.96666666666667	-64.52670730171215
91.98333333333333	-60.62159189800008
92.0	-56.496793873143275
92.01666666666667	-52.27831980395419
92.03333333333333	-47.76096387492316
92.05	-43.085552568461225
92.06666666666668	-38.43327221476102
92.08333333333334	-33.561533324987636
92.10000000000001	-28.524166492291442
92.11666666666667	-23.527217770324796
92.13333333333334	-18.37352998925428
92.15	-13.310254906313048
92.16666666666667	-8.242037150841384
92.18333333333334	-3.183964692214772
92.2	1.8034224040112008
92.21666666666667	6.782581553179284
92.23333333333333	11.74709078107037
92.25	16.564020063439898
92.26666666666667	21.31787840621405
92.28333333333333	25.92280237075215
92.3	30.294274119790884
92.31666666666668	34.62111477279029
92.33333333333334	38.6696221608272
92.35000000000001	42.49595824120388
92.36666666666667	46.12092387101325
92.38333333333334	49.326659137856495
92.4	52.474637696439515
92.41666666666667	55.29720099250642
92.43333333333334	57.84396686378955
92.45	59.88208673372753
92.46666666666667	61.68439554417387
92.48333333333333	63.220331266800656
92.5	64.5409813691515
92.51666666666667	65.4205989758886
92.53333333333333	65.91605112384264
92.55	65.91097300111153
92.56666666666668	65.62806249986153
92.58333333333334	65.06235886324686
92.60000000000001	63.90241682224996
92.61666666666667	62.605237532756234
92.63333333333334	60.879364429240354
92.65	58.80237581475592
92.66666666666667	56.50252609595498
92.68333333333334	53.78124504464154
92.7	50.73226149754561
92.71666666666667	47.454197045629485
92.73333333333333	43.86296824054671
92.75	39.973116582337695
92.76666666666667	35.83598733000417
92.78333333333333	31.589238082108068
92.8	27.102407101491906
92.81666666666668	22.381069261149662
92.83333333333334	17.55599537056844
92.85000000000001	12.582294137667304
92.86666666666667	7.425444045813265
92.88333333333334	2.1935127327021746
92.9	-3.0426785427575282
92.91666666666667	-8.483011538399978
92.93333333333334	-13.685975093677598
92.95	-18.923198740353314
92.96666666666667	-24.301714380454996
92.98333333333333	-29.485340689078043
93.0	-34.517802948739586
93.01666666666667	-39.50489068695981
93.03333333333333	-44.453226208999865
93.05	-49.2024772149511
93.06666666666668	-53.78230086629151
93.08333333333334	-58.07541323151759
93.10000000000001	-62.270446078871686
93.11666666666667	-66.16834173478273
93.13333333333334	-69.82033649810435
93.15	-73.04126435563902
93.16666666666667	-76.21495488015228
93.18333333333334	-79.09826559157824
93.2	-81.54827113002568
93.21666666666667	-83.71579609159971
93.23333333333333	-85.4573875942566
93.25	-86.94174609282149
93.26666666666667	-88.1475473435415
93.28333333333333	-89.04046584936464
93.3	-89.49955429199429
93.31666666666668	-89.47437132430989
93.33333333333334	-89.31948809972943
93.35000000000001	-88.73429686287969
93.36666666666667	-87.67597839814866
93.38333333333334	-86.41164136596547
93.4	-84.83866488072834
93.41666666666667	-82.74845198848365
93.43333333333334	-80.47209141835276
93.45	-77.93262079926913
93.46666666666667	-75.31331498672199
93.48333333333333	-72.2433988834074
93.5	-68.98467724285368
93.51666666666667	-65.48916814105206
93.53333333333333	-61.71074498168403
93.55	-57.53598145836682
93.56666666666668	-53.30576826118036
93.58333333333334	-48.92013055751954
93.60000000000001	-44.43109794009669
93.61666666666667	-39.73874282311522
93.63333333333334	-34.859907530187684
93.65	-29.73681624228618
93.66666666666667	-24.705732041362808
93.68333333333334	-19.567432776227633
93.7	-14.427127302956421
93.71666666666667	-9.334710844093308
93.73333333333333	-4.205564112512832
93.75	0.8002032711503944
93.76666666666667	5.762889786031678
93.78333333333333	10.755718818218156
93.8	15.56006455968702
93.81666666666668	20.290426922699226
93.83333333333334	24.977618519809994
93.85000000000001	29.323293799254202
93.86666666666667	33.63553618234994
93.88333333333334	37.73794126378817
93.9	41.62413672701501
93.91666666666667	45.32279415288349
93.93333333333334	48.75619363028545
93.95	51.78177212999833
93.96666666666667	54.62254392592894
93.98333333333333	57.12013077295808
94.0	59.235360763292306
94.01666666666667	61.30749886359649
94.03333333333333	62.940415121548426
94.05	64.10358349792932
94.06666666666668	64.87209444390533
94.08333333333334	65.43863592372804
94.10000000000001	65.65555026694972
94.11666666666667	65.54445372581694
94.13333333333334	64.98561721714287
94.15	63.95606717061503
94.16666666666667	62.67091319157538
94.18333333333334	61.0696980506425
94.2	58.96898709453001
94.21666666666667	56.68206342450367
94.23333333333333	54.19069422384109
94.25	51.409442293347524
94.26666666666667	48.26382835624031
94.28333333333333	44.83019129928914
94.3	41.062995479195024
94.31666666666668	36.8586658555036
94.33333333333334	32.624580281332555
94.35000000000001	28.184724799252535
94.36666666666667	23.682539971785218
94.38333333333334	18.845797416286587
94.4	13.824329903352861
94.41666666666667	8.704718005988184
94.43333333333334	3.521894695495007
94.45	-1.6197633036010757
94.46666666666667	-7.014993287452569
94.48333333333333	-12.399307585413794
94.5	-17.60219450716545
94.51666666666667	-22.918550583435263
94.53333333333333	-28.271470073328715
94.55	-33.3632618983313
94.56666666666668	-38.404768964929985
94.58333333333334	-43.32978912336202
94.60000000000001	-48.08287929558969
94.61666666666667	-52.72822600377589
94.63333333333334	-57.061310941302224
94.65	-61.30048199737544
94.66666666666667	-65.26612794541069
94.68333333333334	-69.01019839369422
94.7	-72.381243214168
94.71666666666667	-75.44991717323234
94.73333333333333	-78.31536306131298
94.75	-80.83723339782915
94.76666666666667	-82.97523369670384
94.78333333333333	-85.05494092158406
94.8	-86.56183830723049
94.81666666666668	-87.72860280296072
94.83333333333334	-88.50449009231647
94.85000000000001	-89.03857156923334
94.86666666666667	-89.3065545400851
94.88333333333334	-89.18443786673495
94.9	-88.63485070149935
94.91666666666667	-87.7368167981844
94.93333333333334	-86.5314019431753
94.95	-85.112422047721
94.96666666666667	-83.3856477586838
94.98333333333333	-81.31617381234344
95.0	-78.90614965400505
95.01666666666667	-76.30060528856723
95.03333333333333	-73.33445375375013
95.05	-70.08766417766185
95.06666666666668	-66.58664406041873
95.08333333333334	-62.89253091281847
95.10000000000001	-59.086405202690145
95.11666666666667	-55.12347709344397
95.13333333333334	-50.859403404258984
95.15	-46.22045709043394
95.16666666666667	-41.58830788352168
95.18333333333334	-36.71944003595263
95.2	-31.633122655264458
95.21666666666667	-26.587622289765477
95.23333333333333	-21.487759678624684
95.25	-16.38740915731148
95.26666666666667	-11.358567564245504
95.28333333333333	-6.308725718425876
95.3	-1.280418804405599
95.31666666666668	3.699455888940804
95.33333333333334	8.6907910851221
95.35000000000001	13.634847222491658
95.36666666666667	18.4681420853791
95.38333333333334	23.12038169462255
95.4	27.54032300244984
95.41666666666667	31.78763578266114
95.43333333333334	35.82034378657613
95.45	39.69518069859578
95.46666666666667	43.42382516510088
95.48333333333333	46.897451132189985
95.5	49.98973233265701
95.51666666666667	52.82675175107363
95.53333333333333	55.50943827376989
95.55	57.79697512165296
95.56666666666668	59.76400254491978
95.58333333333334	61.47541394378311
95.60000000000001	62.75147398920831
95.61666666666667	63.67671274322447
95.63333333333334	64.40898204091314
95.65	64.6804127897201
95.66666666666667	64.65211730054841
95.68333333333334	64.24085615147061
95.7	63.595939726612585
95.71666666666667	62.550225496646135
95.73333333333333	61.26219483298166
95.75	59.54741956907225
95.76666666666667	57.408731399142994
95.78333333333333	54.91724603871785
95.8	51.94075652451943
95.81666666666668	48.77879999525442
95.83333333333334	45.454480831269166
95.85000000000001	41.766786640432656
95.86666666666667	37.799255328971526
95.88333333333334	33.665742769267126
95.9	29.380615137541895
95.91666666666667	24.812224513494925
95.93333333333334	20.071433404396657
95.95	14.977069991872327
95.96666666666667	9.773741536961325
95.98333333333333	4.4944225549563726
96.0	-0.6662894100793437
96.01666666666667	-5.8883063231834285
96.03333333333333	-11.26241913351339
96.05	-16.479441165939363
96.06666666666668	-21.733596242550334
96.08333333333334	-26.93108502274663
96.10000000000001	-32.17545190129124
96.11666666666667	-37.286164458767644
96.13333333333334	-42.308119574466815
96.15	-47.166169736273076
96.16666666666667	-51.827088791055246
96.18333333333334	-56.14836785143186
96.2	-60.33370130709852
96.21666666666667	-64.3048299601922
96.23333333333333	-68.13783426953134
96.25	-71.618514797236
96.26666666666667	-74.77865720369712
96.28333333333333	-77.68381955917573
96.3	-80.27738968602
96.31666666666668	-82.44884328030346
96.33333333333334	-84.4115526454141
96.35000000000001	-86.01558531243285
96.36666666666667	-87.32035021328662
96.38333333333334	-88.31265105640037
96.4	-88.89202146911822
96.41666666666667	-89.30070476001214
96.43333333333334	-89.34524182272014
96.45	-89.01499909943504
96.46666666666667	-88.33770200242702
96.48333333333333	-87.35508387425176
96.5	-85.92460518169534
96.51666666666667	-84.22978849345407
96.53333333333333	-82.23056877553307
96.55	-79.78160961973828
96.56666666666668	-77.08526634364006
96.58333333333334	-74.30395807822342
96.60000000000001	-71.15254474100877
96.61666666666667	-67.77281329353309
96.63333333333334	-64.11196635531854
96.65	-60.27325137532347
96.66666666666667	-56.25844506476432
96.68333333333334	-51.93574610264304
96.7	-47.505780056579255
96.71666666666667	-42.82400185722335
96.73333333333333	-38.01672123954825
96.75	-33.28194443661266
96.76666666666667	-28.38889686641096
96.78333333333333	-23.425115628329763
96.8	-18.384707480492352
96.81666666666668	-13.36220149209305
96.83333333333334	-8.237211940530528
96.85000000000001	-3.2052553013521106
96.86666666666667	1.7953653733939063
96.88333333333334	6.7652818754799
96.9	11.668450381613184
96.91666666666667	16.434185421777784
96.93333333333334	20.952547310046384
96.95	25.477493921795144
96.96666666666667	29.755346560450334
96.98333333333333	33.849731817505585
97.0	37.7963827479972
97.01666666666667	41.58332207294637
97.03333333333333	45.13756576755003
97.05	48.60000185780382
97.06666666666668	51.59083161439503
97.08333333333334	54.295262306546135
97.10000000000001	56.685408297447
97.11666666666667	58.713057697481815
97.13333333333334	60.524585079605174
97.15	61.92510856184276
97.16666666666667	62.972450362546056
97.18333333333334	63.70249501454765
97.2	64.09981830286534
97.21666666666667	63.962695673845644
97.23333333333333	63.6223231853088
97.25	62.82251478732934
97.26666666666667	61.741889549369034
97.28333333333333	60.376756063009225
97.3	58.68362791999675
97.31666666666668	56.637542230995564
97.33333333333334	54.37146530150005
97.35000000000001	51.68713956819869
97.36666666666667	48.686840143181314
97.38333333333334	45.4176189401237
97.4	41.73453987238349
97.41666666666667	37.743803596632915
97.43333333333334	33.60230881216319
97.45	29.327673871357433
97.46666666666667	24.83143475707692
97.48333333333333	20.10859206600429
97.5	15.284397498098087
97.51666666666667	10.424397316205273
97.53333333333333	5.409655312536643
97.55	0.25625910249095796
97.56666666666668	-5.059890098367873
97.58333333333334	-10.44766985994579
97.60000000000001	-15.711432561741958
97.61666666666667	-21.032825003587163
97.63333333333334	-26.299397342705674
97.65	-31.354143617062846
97.66666666666667	-36.35240205467346
97.68333333333334	-41.31111335168782
97.7	-46.12219617237014
97.71666666666667	-50.77973805092978
97.73333333333333	-55.20528946989228
97.75	-59.47370112721225
97.76666666666667	-63.433878920186146
97.78333333333333	-67.25689318063922
97.8	-70.6862754195389
97.81666666666668	-73.80780482985469
97.83333333333334	-76.61262269094755
97.85000000000001	-79.24502924525171
97.86666666666667	-81.51609095979143
97.88333333333334	-83.52825416521836
97.9	-85.31422581844095
97.91666666666667	-86.73783637357741
97.93333333333334	-87.74537390658247
97.95	-88.3660025516732
97.96666666666667	-88.636241518992
97.98333333333333	-88.55765447164754
98.0	-88.18167398148836
98.01666666666667	-87.48988770350701
98.03333333333333	-86.48996434297283
98.05	-85.22845834315319
98.06666666666668	-83.55673777699161
98.08333333333334	-81.57831150405235
98.10000000000001	-79.31994934047123
98.11666666666667	-76.76785004523862
98.13333333333334	-73.84251072551064
98.15	-70.57576196680151
98.16666666666667	-67.21722920456477
98.18333333333334	-63.579213936900885
98.2	-59.63017148900397
98.21666666666667	-55.577606519658104
98.23333333333333	-51.375708249010955
98.25	-47.062540577153015
98.26666666666667	-42.55105720083685
98.28333333333333	-37.854399375448224
98.3	-32.95843571772173
98.31666666666668	-28.23901124205048
98.33333333333334	-23.32118885301344
98.35000000000001	-18.32910679491647
98.36666666666667	-13.32512947811756
98.38333333333334	-8.28232589198052
98.4	-3.2069699131072866
98.41666666666667	1.7379467357016551
98.43333333333334	6.7063783325006625
98.45	11.606066526848053
98.46666666666667	16.38404738873419
98.48333333333333	21.014104159868793
98.5	25.4486106008967
98.51666666666667	29.728084015711033
98.53333333333333	33.827644411622146
98.55	37.768428229332415
98.56666666666668	41.52975647152107
98.58333333333334	45.18225941617936
98.60000000000001	48.699416711838126
98.61666666666667	51.739326219990176
98.63333333333334	54.57105531976504
98.65	56.997667947697835
98.66666666666667	58.964988520925885
98.68333333333334	60.723560405987996
98.7	62.18089673364045
98.71666666666667	63.52543605827276
98.73333333333333	64.35981603839895
98.75	64.88081433860737
98.76666666666667	64.88369609554377
98.78333333333333	64.6465602511501
98.8	64.01678975220727
98.81666666666668	62.88842496245826
98.83333333333334	61.56400576177509
98.85000000000001	59.795136007956046
98.86666666666667	57.745302742114575
98.88333333333334	55.53085800394092
98.9	52.996213234493325
98.91666666666667	50.01193156487159
98.93333333333334	46.7699654411598
98.95	43.311572056529485
98.96666666666667	39.5885632982488
98.98333333333333	35.5628312789604
99.0	31.339322475198514
99.01666666666667	26.782535523626166
99.03333333333333	22.01938429467708
99.05	17.205624658863428
99.06666666666668	12.44278610908168
99.08333333333334	7.520155313286011
99.10000000000001	2.530235052339492
99.11666666666667	-2.636244320046103
99.13333333333334	-7.889331975180539
99.15	-13.338288431903948
99.16666666666667	-18.714691327481205
99.18333333333334	-23.97483032748579
99.2	-29.290971722971676
99.21666666666667	-34.33606636422138
99.23333333333333	-39.29180915742296
99.25	-44.07207657499785
99.26666666666667	-48.71172682111066
99.28333333333333	-53.16014561183758
99.3	-57.5028540150424
99.31666666666668	-61.534451957922386
99.33333333333334	-65.48062374691435
99.35000000000001	-69.1929550564746
99.36666666666667	-72.49405128054167
99.38333333333334	-75.53525013535057
99.4	-78.21776994045291
99.41666666666667	-80.58456848324732
99.43333333333334	-82.72968262682215
99.45	-84.4855869815072
99.46666666666667	-86.06353526075267
99.48333333333333	-87.36133876623126
99.5	-88.1977684583909
99.51666666666667	-88.60067350363806
99.53333333333333	-88.61047304107501
99.55	-88.251469685639
99.56666666666668	-87.6048813632072
99.58333333333334	-86.60504647373327
99.60000000000001	-85.32830740215061
99.61666666666667	-83.84850586712389
99.63333333333334	-82.05628313602102
99.65	-80.12202405572987
99.66666666666667	-77.66201268078649
99.68333333333334	-74.96472357986605
99.7	-72.03996551409165
99.71666666666667	-68.68039000532013
99.73333333333333	-65.1047916829809
99.75	-61.32533433344017
99.76666666666667	-57.341503589004645
99.78333333333333	-53.30362995966726
99.8	-49.072463984923814
99.81666666666668	-44.666549049016254
99.83333333333334	-40.03905496678556
99.85000000000001	-35.37814910280542
99.86666666666667	-30.45755394214109
99.88333333333334	-25.473729903419155
99.9	-20.384160323967308
99.91666666666667	-15.371985759437166
99.93333333333334	-10.334209704233217
99.95	-5.300245996522165
99.96666666666667	-0.368614853674444
99.98333333333333	4.566322500683441
100.0	9.564202404709704
100.01666666666667	14.407576263455326
100.03333333333333	19.238005606243178
100.05	23.92695177789676
100.06666666666668	28.358266845834805
100.08333333333334	32.6842843711288
100.10000000000001	36.6717209930531
100.11666666666667	40.43571765694742
100.13333333333334	43.98135269236042
100.15	47.216784131260624
100.16666666666667	50.4527805094466
100.18333333333334	53.44829105593385
100.2	56.00476544315279
100.21666666666667	58.204773166407904
100.23333333333333	60.36249908281252
100.25	62.06773277711102
100.26666666666667	63.13922399400661
100.28333333333333	64.23925108935953
100.3	64.79219961448649
100.31666666666668	64.94933959244798
100.33333333333334	64.69673266489679
100.35000000000001	64.22951696981221
100.36666666666667	63.571512823676414
100.38333333333334	62.46172724192877
100.4	60.91948607878692
100.41666666666667	58.91817383949535
100.43333333333334	56.64809377279164
100.45	54.17171423570062
100.46666666666667	51.44665300613781
100.48333333333333	48.409628771437326
100.5	45.0145955501863
100.51666666666667	41.308717696258554
100.53333333333333	37.47358805338615
100.55	33.425448067089064
100.56666666666668	28.866750380484063
100.58333333333334	24.28846312161238
100.60000000000001	19.553433202431222
100.61666666666667	14.58992325983263
100.63333333333334	9.563071597297494
100.65	4.502458123779206
100.66666666666667	-0.6398041049665153
100.68333333333334	-5.788205609359693
100.7	-10.951861965137823
100.71666666666667	-16.31199687500174
100.73333333333333	-21.585332422279805
100.75	-26.753580105796004
100.76666666666667	-31.723221605279207
100.78333333333333	-36.69049135190096
100.8	-41.53913255818301
100.81666666666668	-46.282515952972744
100.83333333333334	-50.824290577186446
100.85000000000001	-55.07739679051406
100.86666666666667	-59.288265396775614
100.88333333333334	-63.30486814016783
100.9	-67.03447611732173
100.91666666666667	-70.50268478215179
100.93333333333334	-73.64406516880445
100.95	-76.4175784791741
100.96666666666667	-79.00196590111437
100.98333333333333	-81.3682421046679
101.0	-83.30374123407142
101.01666666666667	-84.82733059597103
101.03333333333333	-86.0338119574734
101.05	-87.09551415276366
101.06666666666668	-87.65406986576605
101.08333333333334	-87.86482436149134
101.10000000000001	-87.62154210744126
101.11666666666667	-87.12886835333865
101.13333333333334	-86.38643088629837
101.15	-85.27039840995792
101.16666666666667	-83.78458784708118
101.18333333333334	-81.98941857843718
101.2	-80.052871754524
101.21666666666667	-77.67301339078386
101.23333333333333	-75.10881846872076
101.25	-72.22027448347274
101.26666666666667	-69.19488176637819
101.28333333333333	-65.84652928064975
101.3	-62.03501174354602
101.31666666666668	-58.253266323126155
101.33333333333334	-54.24640887793856
101.35000000000001	-49.99650483832389
101.36666666666667	-45.59343145533609
101.38333333333334	-40.99689345638001
101.4	-36.35360576563289
101.41666666666667	-31.506626692721966
101.43333333333334	-26.554935653974894
101.45	-21.50997909351122
101.46666666666667	-16.473337955587454
101.48333333333333	-11.432694806954657
101.5	-6.383299726048449
101.51666666666667	-1.3811303786326903
101.53333333333333	3.599588467139995
101.55	8.57058477336659
101.56666666666668	13.426157957612759
101.58333333333334	18.202258870492074
101.60000000000001	22.92369221111494
101.61666666666667	27.351092775082407
101.63333333333334	31.6637747058503
101.65	35.743073769632815
101.66666666666667	39.553348780873364
101.68333333333334	43.2301033802928
101.7	46.72865845629917
101.71666666666667	49.798038857798815
101.73333333333333	52.67796111701159
101.75	55.27158779617173
101.76666666666667	57.622987157129955
101.78333333333333	59.621072954150236
101.8	61.419015454293344
101.81666666666668	62.70591821207972
101.83333333333334	63.74744084540458
101.85000000000001	64.48106952032845
101.86666666666667	64.73354129127733
101.88333333333334	64.68813114729573
101.9	64.36033815565514
101.91666666666667	63.63893619030995
101.93333333333334	62.580745641523436
101.95	61.10079559359667
101.96666666666667	59.21363444263693
101.98333333333333	57.23449669869274
102.0	54.81021874515824
102.01666666666667	52.057857222837356
102.03333333333333	48.851667264021444
102.05	45.554430446789866
102.06666666666668	41.87629938958435
102.08333333333334	37.93034192903531
102.10000000000001	33.79100738731938
102.11666666666667	29.433141937525306
102.13333333333334	24.91994512789688
102.15	20.08371055804571
102.16666666666667	15.05075435010366
102.18333333333334	9.896430772383837
102.2	4.772449799291962
102.21666666666667	-0.4182852306408904
102.23333333333333	-5.65330765760217
102.25	-10.795380616354805
102.26666666666667	-15.954886890010698
102.28333333333333	-21.310213681707978
102.3	-26.454547710990596
102.31666666666668	-31.43704514699806
102.33333333333334	-36.44219907821707
102.35000000000001	-41.34961724147965
102.36666666666667	-46.119040071268074
102.38333333333334	-50.745603888758865
102.4	-55.13780590261413
102.41666666666667	-59.340041901030304
102.43333333333334	-63.35303305887206
102.45	-67.12976928954569
102.46666666666667	-70.51877994375377
102.48333333333333	-73.61768392062675
102.5	-76.45102888556096
102.51666666666667	-79.01784474816901
102.53333333333333	-81.36570739449371
102.55	-83.34938481795064
102.56666666666666	-84.99386615750876
102.58333333333334	-86.36736699106757
102.60000000000001	-87.37358931294261
102.61666666666667	-88.10958459651576
102.63333333333334	-88.40195961448379
102.65	-88.39719487064002
102.66666666666667	-88.0368382843613
102.68333333333334	-87.37994493550553
102.7	-86.34467589613558
102.71666666666667	-84.89700922044216
102.73333333333333	-83.31871126319095
102.75	-81.32759963426611
102.76666666666667	-79.0090971068021
102.78333333333333	-76.44628838445874
102.8	-73.53254216258694
102.81666666666666	-70.3287314884492
102.83333333333334	-67.05453994413466
102.85000000000001	-63.460303626684464
102.86666666666667	-59.520988273137334
102.88333333333334	-55.48447278357415
102.9	-51.26677959950274
102.91666666666667	-46.919920024336164
102.93333333333334	-42.47061830173598
102.95	-37.7617926460789
102.96666666666667	-32.88273178297845
102.98333333333333	-28.21394650654895
103.0	-23.27854183413376
103.01666666666667	-18.305858659396563
103.03333333333333	-13.314711205023912
103.05	-8.306396830314782
103.06666666666666	-3.3213595965979152
103.08333333333334	1.6397505509008852
103.10000000000001	6.593200817970285
103.11666666666667	11.413987282568883
103.13333333333334	16.13427706986579
103.15	20.86770063413445
103.16666666666667	25.30717473074094
103.18333333333334	29.680382011427582
103.2	33.832817965737945
103.21666666666667	37.69608121112202
103.23333333333333	41.50283646963703
103.25	45.009011137591415
103.26666666666667	48.11210650552766
103.28333333333333	50.852450925026346
103.3	53.49154301263587
103.31666666666666	55.792663489081065
103.33333333333334	57.79915017592276
103.35000000000001	59.570403566330185
103.36666666666667	60.96024711192149
103.38333333333334	61.939254264461454
103.4	62.68927812568393
103.41666666666667	63.031575665695584
103.43333333333334	62.955671407493355
103.45	62.67297548557269
103.46666666666667	61.914122235127024
103.48333333333333	60.82787138312926
103.5	59.53924453999696
103.51666666666667	57.73109999280183
103.53333333333333	55.686152118396535
103.55	53.44899999338128
103.56666666666666	50.72537710745269
103.58333333333334	47.75307017908
103.60000000000001	44.57101550491018
103.61666666666667	40.985223508314846
103.63333333333334	37.204395022482686
103.65	33.3745827724984
103.66666666666667	29.041634497114842
103.68333333333334	24.536540720530752
103.7	19.82727876266324
103.71666666666667	14.98478008424479
103.73333333333333	9.916903314043168
103.75	4.838736415205062
103.76666666666667	-0.3221831896169647
103.78333333333333	-5.5026931792081655
103.8	-10.656155467877738
103.81666666666666	-15.79069548255967
103.83333333333334	-20.984978987069496
103.85000000000001	-26.302259439819636
103.86666666666667	-31.355885734936635
103.88333333333334	-36.36265365468
103.9	-41.21108820973055
103.91666666666667	-45.934777503854406
103.93333333333334	-50.5502036480662
103.95	-54.97505500957243
103.96666666666667	-59.23407243530929
103.98333333333333	-63.29115833603615
104.0	-67.13550698338997
104.01666666666667	-70.58786935966066
104.03333333333333	-73.73393506101553
104.05	-76.56004055825704
104.06666666666666	-79.14179742051869
104.08333333333334	-81.42639893409154
104.10000000000001	-83.41007190478666
104.11666666666667	-85.15180885673391
104.13333333333334	-86.52140222891717
104.15	-87.49917583902669
104.16666666666667	-88.19120459852485
104.18333333333334	-88.58865032599331
104.2	-88.53923006961958
104.21666666666667	-88.2357854289329
104.23333333333333	-87.54097820839058
104.25	-86.5024170665128
104.26666666666667	-85.21514742283287
104.28333333333333	-83.5695841030709
104.3	-81.56285590155494
104.31666666666666	-79.30916954789575
104.33333333333334	-76.79126854220425
104.35000000000001	-73.94748683642803
104.36666666666667	-71.00033215019579
104.38333333333334	-67.72191211576518
104.4	-64.12361348019013
104.41666666666667	-60.33323521258748
104.43333333333334	-56.34838730451247
104.45	-52.237855862702645
104.46666666666667	-48.001508385460085
104.48333333333333	-43.57507326441805
104.5	-39.0047855624523
104.51666666666667	-34.3062717795122
104.53333333333333	-29.50973747128978
104.55	-24.501539640959777
104.56666666666666	-19.439434847214216
104.58333333333334	-14.420753801850992
104.60000000000001	-9.364354915111164
104.61666666666667	-4.344302245190647
104.63333333333334	0.6183080924887463
104.65	5.56837819465477
104.66666666666667	10.41909398120066
104.68333333333334	15.158110673835381
104.7	19.85458844632194
104.71666666666667	24.38981446737546
104.73333333333333	28.730489790460695
104.75	32.89462689994298
104.76666666666667	36.77036439617183
104.78333333333333	40.555473368026014
104.8	44.08564271765658
104.81666666666666	47.26220759996204
104.83333333333334	50.39587368470029
104.85000000000001	53.166198916342694
104.86666666666667	55.72212069793659
104.88333333333334	57.78845803547978
104.9	59.67104850694
104.91666666666667	61.09341005885517
104.93333333333334	62.244860651120746
104.95	63.16012787267647
104.96666666666667	63.71675577541163
104.98333333333333	63.749383309556606
105.0	63.578074687115816
105.01666666666667	62.929128203472374
105.03333333333333	61.88980487201263
105.05	60.68356342059474
105.06666666666666	59.109436841808815
105.08333333333334	56.96570736492902
105.10000000000001	54.694682546223305
105.11666666666667	52.08810587631842
105.13333333333334	49.00788206104346
105.15	45.72074273320595
105.16666666666667	42.235890413380616
105.18333333333334	38.59787542181709
105.2	34.6459548024244
105.21666666666667	30.498136160205377
105.23333333333333	26.106118931640083
105.25	21.47273920540931
105.26666666666667	16.732276131767662
105.28333333333333	11.736007656692152
105.3	6.732855534611417
105.31666666666666	1.6412856250275354
105.33333333333334	-3.5307430349470224
105.35000000000001	-8.728891191252558
105.36666666666667	-13.851490269411443
105.38333333333334	-18.97881202404949
105.4	-24.242862289689242
105.41666666666667	-29.30424924987534
105.43333333333334	-34.37434793690085
105.45	-39.349245336374906
105.46666666666667	-44.165797582897284
105.48333333333333	-48.84605549568158
105.5	-53.1934575631922
105.51666666666667	-57.39823777995326
105.53333333333333	-61.40001526902975
105.55	-65.22826647372878
105.56666666666666	-68.75490297282425
105.58333333333334	-71.95626950685107
105.60000000000001	-75.12511859097276
105.61666666666667	-77.93183377948228
105.63333333333334	-80.43705353329747
105.65	-82.51630012886375
105.66666666666667	-84.28407819778528
105.68333333333334	-85.69973834238542
105.7	-86.72843992113985
105.71666666666667	-87.40291456035669
105.73333333333333	-87.841206977806
105.75	-87.85995908842887
105.76666666666667	-87.45159303709025
105.78333333333333	-87.00658748598065
105.8	-86.22976770574229
105.81666666666666	-85.04178501854955
105.83333333333334	-83.52297884235321
105.85000000000001	-81.64048169544128
105.86666666666667	-79.42280969422143
105.88333333333334	-77.03190511829894
105.9	-74.39012868639887
105.91666666666667	-71.37465928713709
105.93333333333334	-68.2053942607431
105.95	-64.75537813760289
105.96666666666667	-60.93721786406607
105.98333333333333	-57.1715382292719
106.0	-53.135080562849
106.01666666666667	-48.858229384277905
106.03333333333333	-44.265039289578056
106.05	-39.69915998908067
106.06666666666666	-34.888456814890105
106.08333333333334	-30.32873764429803
106.10000000000001	-25.452975287034178
106.11666666666667	-20.448552445977896
106.13333333333334	-15.488702463774189
106.15	-10.46705503103226
106.16666666666667	-5.402061029253559
106.18333333333334	-0.42559911727710187
106.2	4.583499505487055
106.21666666666667	9.523206993470467
106.23333333333333	14.319252723187674
106.25	19.00163132710361
106.26666666666667	23.46489865731087
106.28333333333333	27.791239883796152
106.3	31.89232678495557
106.31666666666666	35.798716900835416
106.33333333333334	39.60869215660398
106.35000000000001	43.24026213399816
106.36666666666667	46.66014333127339
106.38333333333334	49.69744243955904
106.4	52.53232144418217
106.41666666666667	54.96057936287059
106.43333333333334	57.09788505463507
106.45	58.84712554026237
106.46666666666667	60.42058048944932
106.48333333333333	61.68980407762638
106.5	62.665354494296594
106.51666666666667	63.207604744725074
106.53333333333333	63.586809958970775
106.55	63.51127564412269
106.56666666666666	62.93785274179925
106.58333333333334	62.014936852612664
106.60000000000001	60.73616148146442
106.61666666666667	59.267192450136235
106.63333333333334	57.56020604247408
106.65	55.44122046333263
106.66666666666667	52.9015934021553
106.68333333333334	50.03357382747845
106.7	46.840301345408136
106.71666666666667	43.42669052373094
106.73333333333333	39.76838591926776
106.75	35.82164565975563
106.76666666666667	31.649580868421026
106.78333333333333	27.36042976546986
106.8	22.82385775435398
106.81666666666666	18.0839082119914
106.83333333333334	13.09119318221849
106.85000000000001	7.936337490646395
106.86666666666667	2.802732176604877
106.88333333333334	-2.3959284322703525
106.9	-7.54049550661199
106.91666666666667	-12.691882467397022
106.93333333333334	-17.833865291332074
106.95	-22.896875855040093
106.96666666666667	-28.092463063533046
106.98333333333333	-33.20910840373057
107.0	-38.2414063990704
107.01666666666667	-43.1010554823838
107.03333333333333	-47.785909837402244
107.05	-52.19468337277732
107.06666666666666	-56.46974715320141
107.08333333333334	-60.4904059590161
107.10000000000001	-64.35061410658787
107.11666666666667	-67.90465125025554
107.13333333333334	-71.33691382207883
107.15	-74.38140976941094
107.16666666666667	-77.19599024187477
107.18333333333334	-79.64874842660458
107.2	-81.80665467539052
107.21666666666667	-83.50700536948901
107.23333333333333	-85.05321764489554
107.25	-86.34324272670233
107.26666666666667	-87.2270271963686
107.28333333333333	-87.70629141412121
107.3	-87.86999439727106
107.31666666666666	-87.53251133779804
107.33333333333334	-87.1207258031543
107.35000000000001	-86.39131740935278
107.36666666666667	-85.26834660650633
107.38333333333334	-83.73937940858133
107.4	-81.95558890432557
107.41666666666667	-80.00181072238146
107.43333333333334	-77.61209811638469
107.45	-75.02502728343444
107.46666666666667	-72.14653982472936
107.48333333333333	-69.11867682883323
107.5	-65.71038867838013
107.51666666666667	-62.01716683877072
107.53333333333333	-58.270992111542824
107.55	-54.27868763937454
107.56666666666666	-50.06083882440615
107.58333333333334	-45.63163263298216
107.60000000000001	-41.08884053329339
107.61666666666667	-36.39259490717359
107.63333333333334	-31.56946471624144
107.65	-26.65666643040072
107.66666666666667	-21.66119859784783
107.68333333333334	-16.69826471700503
107.7	-11.584007975337272
107.71666666666667	-6.547325531146043
107.73333333333333	-1.5672790304303135
107.75	3.459432053837645
107.76666666666667	8.4304844712276
107.78333333333333	13.273743885293868
107.8	18.022580628296623
107.81666666666666	22.5032644853527
107.83333333333334	26.872296863202337
107.85000000000001	30.986538099993084
107.86666666666667	34.87677227936723
107.88333333333334	38.69521838497292
107.9	42.33489337181061
107.91666666666667	45.742183078301025
107.93333333333334	48.84752277616201
107.95	51.71462993082616
107.96666666666667	54.283303474625654
107.98333333333333	56.65044517807644
108.0	58.64304707148307
108.01666666666667	60.29187479213647
108.03333333333333	61.66702389115255
108.05	62.67855981801347
108.06666666666666	63.38466612304961
108.08333333333334	63.72746920163877
108.10000000000001	63.71896144405616
108.11666666666667	63.337819112340924
108.13333333333334	62.651177140833
108.15	61.609153473933816
108.16666666666667	60.07941433342262
108.18333333333334	58.148924307768254
108.2	56.283045193684984
108.21666666666667	53.83538704501905
108.23333333333333	51.09751481360877
108.25	47.919306185783284
108.26666666666667	44.58294515562045
108.28333333333333	40.93319529334383
108.3	37.04919305502949
108.31666666666666	32.8767060463241
108.33333333333334	28.555080093746255
108.35000000000001	24.01452068914648
108.36666666666667	19.28051540857416
108.38333333333334	14.557690182094802
108.4	9.641712026616688
108.41666666666667	4.635733846228959
108.43333333333334	-0.4750683477064399
108.45	-5.567084866294294
108.46666666666667	-10.679442501467861
108.48333333333333	-15.820164537241226
108.5	-20.965728815886052
108.51666666666667	-26.194091961554022
108.53333333333333	-31.30238650790585
108.55	-36.2995296339534
108.56666666666666	-41.16417662506001
108.58333333333334	-45.89298287209044
108.60000000000001	-50.48418811000417
108.61666666666667	-54.83191560276131
108.63333333333334	-58.810009517230185
108.65	-62.66324479432134
108.66666666666667	-66.31632170819358
108.68333333333334	-69.7184668711804
108.7	-72.8053594286738
108.71666666666667	-75.5070747459688
108.73333333333333	-78.06484105070751
108.75	-80.40152356121877
108.76666666666667	-82.34212932350948
108.78333333333333	-83.96694252077717
108.8	-85.3903212084449
108.81666666666666	-86.36843224680695
108.83333333333334	-87.11523055761216
108.85000000000001	-87.44111786769884
108.86666666666667	-87.39566982620138
108.88333333333334	-87.05134751334265
108.9	-86.3789338760954
108.91666666666667	-85.34557812006045
108.93333333333334	-83.99654184240171
108.95	-82.40631633356747
108.96666666666667	-80.38459437493526
108.98333333333333	-78.14336331319612
109.0	-75.562843671969
109.01666666666667	-72.6117912033879
109.03333333333333	-69.48713551429154
109.05	-66.17148586700449
109.06666666666666	-62.58551814216523
109.08333333333334	-58.73685065699445
109.10000000000001	-54.645248797691295
109.11666666666667	-50.39369260058996
109.13333333333334	-46.14948917267728
109.15	-41.646474276928814
109.16666666666667	-36.93564439212628
109.18333333333334	-32.35865938549182
109.2	-27.49726474722854
109.21666666666667	-22.511904752712212
109.23333333333333	-17.52065246408347
109.25	-12.482147366330196
109.26666666666667	-7.4852909801312535
109.28333333333333	-2.502020642267553
109.3	2.4532906802888874
109.31666666666666	7.3837786981325735
109.33333333333334	12.163769282556643
109.35000000000001	16.951720968051518
109.36666666666667	21.52460069371267
109.38333333333334	25.877122301727695
109.4	30.14805836878486
109.41666666666667	34.40606348296359
109.43333333333334	38.41309409229592
109.45	42.13878420558524
109.46666666666667	45.713625999412784
109.48333333333333	48.77714273251411
109.5	51.681174217289254
109.51666666666667	54.35156315218944
109.53333333333333	56.69846498746102
109.55	58.71030839775068
109.56666666666666	60.51391212524459
109.58333333333334	61.85720898480281
109.60000000000001	62.8655642851715
109.61666666666667	63.59029257740116
109.63333333333334	63.875720189335425
109.65	63.84441509369441
109.66666666666667	63.56511032507228
109.68333333333334	62.80561722242436
109.7	61.818002559253955
109.71666666666667	60.520894914736004
109.73333333333333	58.83771240124861
109.75	56.82986729116112
109.76666666666667	54.50177887559835
109.78333333333333	51.79050579096918
109.8	48.777180215098156
109.81666666666666	45.553370434135104
109.83333333333334	41.9959715982161
109.85000000000001	38.15789073180042
109.86666666666667	34.35966869223978
109.88333333333334	30.264540753080382
109.9	25.92185898616617
109.91666666666667	21.362054795663312
109.93333333333334	16.568303764449865
109.95	11.633590898761156
109.96666666666667	6.622755803775647
109.98333333333333	1.5067046873398908
110.0	-3.6340172161010287
110.01666666666667	-8.72762368249505
110.03333333333333	-13.880889785292936
110.05	-19.22330632193541
110.06666666666666	-24.351357142218603
110.08333333333334	-29.409823066094305
110.10000000000001	-34.3985970528787
110.11666666666667	-39.28208424025945
110.13333333333334	-44.100461878615675
110.15	-48.71265987133535
110.16666666666667	-53.05175221998121
110.18333333333334	-57.298624982878096
110.2	-61.33177827717668
110.21666666666667	-65.13184046198546
110.23333333333333	-68.59994819318337
110.25	-71.84056453746456
110.26666666666667	-74.66123431278436
110.28333333333333	-77.3058815381446
110.3	-79.64277299490425
110.31666666666666	-81.58281743416188
110.33333333333334	-83.272096605255
110.35000000000001	-84.66834625827357
110.36666666666667	-85.58049932946386
110.38333333333334	-86.29202951483848
110.4	-86.70970253581487
110.41666666666667	-86.64989387100178
110.43333333333334	-86.39241404309234
110.45	-85.83765601943747
110.46666666666667	-84.76847683747854
110.48333333333333	-83.45521891435499
110.5	-81.94198317718121
110.51666666666667	-80.15777678288305
110.53333333333333	-78.03491116639151
110.55	-75.60135533660835
110.56666666666666	-72.77206919137163
110.58333333333334	-69.61458000984811
110.60000000000001	-66.38621543383977
110.61666666666667	-62.90279058322443
110.63333333333334	-59.32034965966943
110.65	-55.41358485449899
110.66666666666667	-51.2867541114843
110.68333333333334	-47.10516365274074
110.7	-42.64917713524716
110.71666666666667	-38.065963022162634
110.73333333333333	-33.42282055989392
110.75	-28.606143954865615
110.76666666666667	-23.623361323527206
110.78333333333333	-18.655821103600942
110.8	-13.624787269046635
110.81666666666666	-8.544172904112315
110.83333333333334	-3.5445429253099974
110.85000000000001	1.4729795388104776
110.86666666666667	6.4170146637817425
110.88333333333334	11.275540982146822
110.9	16.042231792857706
110.91666666666667	20.542401823644468
110.93333333333334	24.923249646919203
110.95	29.20662033880444
110.96666666666667	33.44238210765559
110.98333333333333	37.43372714195368
111.0	41.17041949885038
111.01666666666667	44.80144753750824
111.03333333333333	47.95533563375636
111.05	50.83828735144971
111.06666666666666	53.57468568521472
111.08333333333334	55.866903847560025
111.10000000000001	57.93941590606414
111.11666666666667	59.65996993719284
111.13333333333334	61.15428093938158
111.15	62.47325548792321
111.16666666666667	63.363556044228176
111.18333333333334	63.8058596095463
111.2	63.90029160277169
111.21666666666667	63.652906264539354
111.23333333333333	63.092183133020455
111.25	62.1354422387999
111.26666666666667	61.000974681628634
111.28333333333333	59.393162859194035
111.3	57.52879569381906
111.31666666666666	55.36237192721137
111.33333333333334	52.74585534290162
111.35000000000001	49.864122764153535
111.36666666666667	46.638922917634545
111.38333333333334	43.27936729699502
111.4	39.627644306779985
111.41666666666667	35.681470397914154
111.43333333333334	31.567938759594938
111.45	27.264497336834665
111.46666666666667	22.704212264249577
111.48333333333333	17.905798748074062
111.5	12.946859683935486
111.51666666666667	7.886166523549946
111.53333333333333	2.7457334258692754
111.55	-2.429371976876496
111.56666666666666	-7.498917559210781
111.58333333333334	-12.68580917113718
111.60000000000001	-17.79610801909115
111.61666666666667	-22.78424685008622
111.63333333333334	-27.763456007805758
111.65	-32.670695414697775
111.66666666666667	-37.534438324598
111.68333333333334	-42.29352450134013
111.7	-46.96755085122021
111.71666666666667	-51.485074564494454
111.73333333333333	-55.6819174097694
111.75	-59.59883047471456
111.76666666666667	-63.361465119020096
111.78333333333333	-66.98987294106749
111.8	-70.41489171633344
111.81666666666666	-73.443000410244
111.83333333333334	-76.21615846099672
111.85000000000001	-78.73567942357198
111.86666666666667	-80.73261192066843
111.88333333333334	-82.42933393690043
111.9	-83.97508501756539
111.91666666666667	-85.23641490027802
111.93333333333334	-86.07695056280727
111.95	-86.61678459632569
111.96666666666667	-86.62920303500016
111.98333333333333	-86.44736553877257
112.0	-85.94947695489321
112.01666666666667	-85.21679498327865
112.03333333333333	-84.1209218330157
112.05	-82.63962895491983
112.06666666666666	-80.78487827248588
112.08333333333334	-78.54720702192333
112.10000000000001	-76.20330157681639
112.11666666666667	-73.50339169542644
112.13333333333334	-70.49502051504155
112.15	-67.36865308483559
112.16666666666667	-63.90064525977931
112.18333333333334	-60.37607968071532
112.2	-56.47613776115031
112.21666666666667	-52.38020266170858
112.23333333333333	-48.16909035295566
112.25	-43.73940091823471
112.26666666666667	-39.17072482021831
112.28333333333333	-34.50489153801141
112.3	-29.73099869143266
112.31666666666666	-24.815021623041503
112.33333333333334	-19.813008625298323
112.35000000000001	-14.720276918312152
112.36666666666667	-9.64785399262496
112.38333333333334	-4.613513489445154
112.4	0.44691818605349454
112.41666666666667	5.4120045401131165
112.43333333333334	10.25381521567374
112.45	14.970945975257223
112.46666666666667	19.57573901816602
112.48333333333333	23.950498214615664
112.5	28.249854753437944
112.51666666666667	32.51371898246191
112.53333333333333	36.506683484127734
112.55	40.32081199934032
112.56666666666666	43.88203417528956
112.58333333333334	47.069607781784384
112.60000000000001	49.93988422964878
112.61666666666667	52.637335051041305
112.63333333333334	55.07585354377284
112.65	57.23973433365819
112.66666666666667	59.2903901563044
112.68333333333334	60.83540091283953
112.7	62.06753407211556
112.71666666666667	62.850701251216776
112.73333333333333	63.41552168356111
112.75	63.68666283015108
112.76666666666667	63.61900398397495
112.78333333333333	63.072226808532946
112.8	62.18430774823048
112.81666666666666	61.08284209733813
112.83333333333334	59.508421603963484
112.85000000000001	57.72170904742484
112.86666666666667	55.55383000533152
112.88333333333334	53.154172781130626
112.9	50.531577402776236
112.91666666666667	47.54268448754942
112.93333333333334	44.24493647119124
112.95	40.65166824846062
112.96666666666667	36.753780396813966
112.98333333333333	32.631795907891615
113.0	28.38796418944463
113.01666666666667	23.824279509257565
113.03333333333333	19.152349595225076
113.05	14.473146027705468
113.06666666666666	9.581835020517929
113.08333333333334	4.57234766552034
113.10000000000001	-0.47114834187459564
113.11666666666667	-5.585597916923007
113.13333333333334	-10.741990500543125
113.15	-15.83464871554878
113.16666666666667	-20.84888306153192
113.18333333333334	-25.78885192168343
113.2	-30.716960414757693
113.21666666666667	-35.538657533468154
113.23333333333333	-40.304884099383116
113.25	-45.09736771289084
113.26666666666667	-49.58676940654274
113.28333333333333	-53.84526081560915
113.3	-57.76477339662682
113.31666666666666	-61.498628598140044
113.33333333333334	-65.1343842406898
113.35000000000001	-68.52208579630997
113.36666666666667	-71.53962400900863
113.38333333333334	-74.30291940517895
113.4	-76.84230195878871
113.41666666666667	-78.97875243648369
113.43333333333334	-80.99671453227512
113.45	-82.6804637242779
113.46666666666667	-83.81496403340913
113.48333333333333	-84.55190699101212
113.5	-85.1636986962275
113.51666666666667	-85.39023221580729
113.53333333333333	-85.32905619104596
113.55	-84.9297171535431
113.56666666666666	-84.3484367185427
113.58333333333334	-83.25354764087896
113.60000000000001	-81.94296111119814
113.61666666666667	-80.36624446715695
113.63333333333334	-78.35109516938593
113.65	-76.1704696921627
113.66666666666667	-73.55719041258192
113.68333333333334	-70.65812392387551
113.7	-67.49301178735465
113.71666666666667	-64.17264990525075
113.73333333333333	-60.60178687073591
113.75	-56.743807830954125
113.76666666666667	-52.60098728767892
113.78333333333333	-48.35695887008018
113.8	-44.08859868745037
113.81666666666666	-39.62122691729883
113.83333333333334	-34.97520973153485
113.85000000000001	-30.395209154062513
113.86666666666667	-25.568867411398173
113.88333333333334	-20.67363454203354
113.9	-15.634945841180297
113.91666666666667	-10.603752506995988
113.93333333333334	-5.61279062184019
113.95	-0.6474161417191908
113.96666666666667	4.324446927843439
113.98333333333333	9.120878340839624
114.0	13.718762600494188
114.01666666666667	18.429327416984336
114.03333333333333	22.85107490059943
114.05	27.137359426468493
114.06666666666666	31.54769356328194
114.08333333333334	35.53125701036515
114.10000000000001	39.39787397245158
114.11666666666667	42.98246735530802
114.13333333333334	46.24906855717529
114.15	49.51164819665678
114.16666666666667	52.362210454621504
114.18333333333334	54.919472375494536
114.2	57.104234386475014
114.21666666666667	58.8690899570347
114.23333333333333	60.51850541152254
114.25	61.80401877811596
114.26666666666667	62.746835408962
114.28333333333333	63.48240942985018
114.3	63.75752871446224
114.31666666666666	63.72077573406608
114.33333333333334	63.4119037930505
114.35000000000001	62.70155346303028
114.36666666666667	61.638043199221215
114.38333333333334	60.164171487665726
114.4	58.57804060765062
114.41666666666667	56.546158513720854
114.43333333333334	54.09110246601085
114.45	51.34260982478213
114.46666666666667	48.46893934008608
114.48333333333333	45.23680764134076
114.5	41.76979329364582
114.51666666666667	37.92243518297715
114.53333333333333	33.73390498556034
114.55	29.524961905766304
114.56666666666666	25.045435278443506
114.58333333333334	20.38581650124422
114.60000000000001	15.61634319497091
114.61666666666667	10.689066853077406
114.63333333333334	5.639188986222848
114.65	0.5805256172427562
114.66666666666667	-4.478224540492704
114.68333333333334	-9.62139666624364
114.7	-14.720015907665527
114.71666666666667	-19.769695360485457
114.73333333333333	-24.694135747206815
114.75	-29.625865745597025
114.76666666666667	-34.50629470458375
114.78333333333333	-39.321873117858615
114.8	-44.11761111311782
114.81666666666666	-48.62142124640869
114.83333333333334	-52.88922107762636
114.85000000000001	-57.28279362322763
114.86666666666667	-61.2872292639496
114.88333333333334	-64.99538967002857
114.9	-68.51137861679302
114.91666666666667	-71.57650692819291
114.93333333333334	-74.40111755411516
114.95	-77.07385843647035
114.96666666666667	-79.3565855311819
114.98333333333333	-81.29682448615836
115.0	-83.0693098542101
115.01666666666667	-84.43121913315093
115.03333333333333	-85.38981559183978
115.05	-86.14383606136892
115.06666666666666	-86.42019371848252
115.08333333333334	-86.37955609329828
115.10000000000001	-86.0792030453764
115.11666666666667	-85.38200506107412
115.13333333333334	-84.39197369355196
115.15	-83.1559800286714
115.16666666666667	-81.50123892998863
115.18333333333334	-79.46850828091794
115.2	-77.30582166815009
115.21666666666667	-74.77574063218168
115.23333333333333	-71.80302729522418
115.25	-68.6315307766202
115.26666666666667	-65.33466197859818
115.28333333333333	-61.72212313964158
115.3	-57.92636283984618
115.31666666666666	-54.149678342096365
115.33333333333334	-50.12875650091732
115.35000000000001	-45.94047683521339
115.36666666666667	-41.549376398676145
115.38333333333334	-36.99895236217219
115.4	-32.373117302278615
115.41666666666667	-27.551293914684607
115.43333333333334	-22.643866849974643
115.45	-17.641643541552185
115.46666666666667	-12.590385817429137
115.48333333333333	-7.649909275637356
115.5	-2.680770444245354
115.51666666666667	2.311720475392235
115.53333333333333	7.199119578046748
115.55	12.017896978000635
115.56666666666666	16.560438203891863
115.58333333333334	21.107552366433822
115.60000000000001	25.38650521353918
115.61666666666667	29.658197875935798
115.63333333333334	33.651649453930304
115.65	37.5584317693457
115.66666666666667	41.300020185492144
115.68333333333334	44.68567004011817
115.7	47.813591934149144
115.71666666666667	50.692892148871124
115.73333333333333	53.31090209407938
115.75	55.70628508710769
115.76666666666667	57.70171563102144
115.78333333333333	59.47165807885284
115.8	60.86961155339225
115.81666666666666	61.784918569522574
115.83333333333334	62.56735568684644
115.85000000000001	62.981407248330015
115.86666666666667	62.890686206026714
115.88333333333334	62.599606961514496
115.9	62.029455345218764
115.91666666666667	60.93474808238875
115.93333333333334	59.574891674977835
115.95	57.876709989079245
115.96666666666667	55.82807733848199
115.98333333333333	53.52282928235957
116.0	50.88620741486329
116.01666666666667	47.894398758899115
116.03333333333333	44.63747098915769
116.05	41.210830249849664
116.06666666666666	37.6539294706123
116.08333333333334	33.66857075922508
116.10000000000001	29.5771876809481
116.11666666666667	25.237802917716294
116.13333333333334	20.750716387607554
116.15	15.935477816218963